"","baseMean","log2FoldChange","lfcSE","stat","pvalue","padj"
"ENSG00000260802",352.217779591539,1.79041666108301,0.259644499142939,6.89564642036707,5.36204122004969e-12,3.60650892460542e-08
"ENSG00000141753",1005.36277308055,1.06511871147252,0.213913415314506,4.97920483344408,6.38460432282427e-07,0.0021471424337658
"ENSG00000080709",151.721432322865,-1.39317850560209,0.290908597492036,-4.78905923583172,1.67565016426642e-06,0.00348826627782046
"ENSG00000112379",1225.96069521652,-1.0165586845191,0.214191449129614,-4.74602832489336,2.07449674565594e-06,0.00348826627782046
"ENSG00000197956",382.769490214201,1.08630169959648,0.234876757379306,4.62498593610178,3.74623819305915e-06,0.00503943961730317
"ENSG00000064651",582.938022170355,-1.09370373007992,0.248177679926569,-4.40693832903719,1.0484202287723e-05,0.00881459307340311
"ENSG00000137673",568.670148975671,1.49954681875172,0.337831136880915,4.43874662530087,9.04842607559751e-06,0.00881459307340311
"ENSG00000187398",179.360215469883,-1.40443154772816,0.316764215015672,-4.43368120877755,9.2637575510364e-06,0.00881459307340311
"ENSG00000049759",1825.88767836883,-0.89519915524073,0.210152852665193,-4.25975257479339,2.04653322033674e-05,0.0107195866139004
"ENSG00000054690",1285.93442728543,-1.12168683023505,0.260989591925632,-4.29782207772742,1.7248452572934e-05,0.0107195866139004
"ENSG00000124406",303.492557189392,-1.10091451172166,0.259495804956267,-4.24251371580825,2.21030028224651e-05,0.0107195866139004
"ENSG00000139116",288.305883441427,-1.10043092397039,0.259511339708678,-4.24039629715492,2.23125501924777e-05,0.0107195866139004
"ENSG00000157214",2286.33549595393,-1.06930019185724,0.247583137605741,-4.31895403781505,1.56770423712402e-05,0.0107195866139004
"ENSG00000185499",104.193590008827,1.52425116383521,0.35913276319613,4.24425538419281,2.19320464092175e-05,0.0107195866139004
"ENSG00000099194",752.867957975323,-1.11710351685453,0.273858676388264,-4.07912406350331,4.52057086652124e-05,0.0198774126281853
"ENSG00000152377",2346.84918458364,-1.02277525451824,0.251379098297229,-4.06865670792135,4.728495421513e-05,0.0198774126281853
"ENSG00000131844",1013.65833128334,-1.00970491194066,0.252101192457073,-4.00515722317572,6.19762455100115e-05,0.0239856249117649
"ENSG00000269936",628.566448829724,1.15817225386427,0.289770977586823,3.99685387235597,6.41898971768908e-05,0.0239856249117649
"ENSG00000184678",528.519728253467,-1.14062506466288,0.286591655694074,-3.97996606670381,6.89251059914063e-05,0.0243994875209578
"ENSG00000076706",360.737902879665,1.03749499083594,0.262680445051322,3.94964684422259,7.82665835451434e-05,0.0263210520462317
"ENSG00000127418",502.255091795122,-0.999590091346738,0.254655239192893,-3.92526811745498,8.66331889825015e-05,0.0277473728141098
"ENSG00000096006",1899.59683070287,-1.1400734487983,0.292677060534671,-3.8953290248152,9.8065517501838e-05,0.0279636749704679
"ENSG00000138696",499.972384302128,-0.962670706758274,0.246846373277012,-3.89987786321641,9.62412258749007e-05,0.0279636749704679
"ENSG00000146070",329.917734873209,-1.19081926571215,0.306746797994872,-3.88209191912105,0.000103561714415241,0.0279636749704679
"ENSG00000169710",2665.46226664455,-1.03784750428758,0.267403189478835,-3.88120839661759,0.000103938726473639,0.0279636749704679
"ENSG00000132386",343.688179787449,0.912584084572958,0.242619875504536,3.76137397101211,0.000168982559227745,0.0380895126247756
"ENSG00000134755",291.370287673754,-1.00567074376915,0.268673804050006,-3.74309191521319,0.000181769700208396,0.0380895126247756
"ENSG00000152270",208.750793468426,-1.01872756410827,0.272767693456008,-3.73478087232704,0.000187878703927844,0.0380895126247756
"ENSG00000157911",212.482733966187,-1.08493435578981,0.285901038887743,-3.79478983361022,0.000147768573280102,0.0380895126247756
"ENSG00000167757",486.151398298568,-1.1673730821275,0.311978967030723,-3.74183264095665,0.000182683163948246,0.0380895126247756
"ENSG00000210144",168.562972587604,1.18040550819746,0.316581024757678,3.72860473586812,0.000192542882730058,0.0380895126247756
"ENSG00000210194",265.540776931966,1.42195812164185,0.380587289890226,3.73622072889505,0.000186806704603112,0.0380895126247756
"ENSG00000230937",145.81082414064,1.29446064001651,0.346246120128966,3.73855637583567,0.000185079992307235,0.0380895126247756
"ENSG00000273179",200.747677445387,-1.40361998342636,0.375285787300749,-3.74013626660878,0.000183920519372501,0.0380895126247756
"ENSG00000157110",474.392854318024,0.934936049906557,0.251861993775258,3.71209659660211,0.000205549506353671,0.039500742278137
"ENSG00000049089",487.041161736864,-0.905109192194669,0.245788101563021,-3.68247765631811,0.000230978117797233,0.0431544116751164
"ENSG00000086205",1444.47387814427,-0.98598709793385,0.269139482050671,-3.66347995627121,0.000248811694611061,0.0432877360493692
"ENSG00000168280",721.182673798949,-0.90946005501876,0.247555159770342,-3.6737673165951,0.000239000390916672,0.0432877360493692
"ENSG00000182718",389.525685863652,0.916380951808535,0.250292640837499,3.66123809610323,0.000250999361570829,0.0432877360493692
"ENSG00000118849",187.408663080009,1.39896766341255,0.382894942196569,3.65365929199022,0.000258529274593615,0.0434716975229163
"ENSG00000249669",233.51379454187,1.08814903143348,0.301318884722575,3.61128719972311,0.000304681027934232,0.0499825510703816
"ENSG00000087245",526.021425485217,0.855008523531503,0.237576810869264,3.59887196230614,0.000319600483758367,0.0511817346133042
"ENSG00000198467",1965.60249333437,1.03169563786421,0.288937231592842,3.57065661692928,0.000356087462869444,0.0556987040758111
"ENSG00000012660",1413.86119163965,-0.848775515133216,0.238314256353379,-3.56158094828633,0.000368628416889088,0.0563498802726366
"ENSG00000163618",136.335780688985,-1.38356629119574,0.391305234430011,-3.53577251071299,0.000406584654359409,0.0607708530049197
"ENSG00000163431",806.211741717313,0.989804523417256,0.280739984251519,3.52569843606771,0.000422367619091624,0.0608685406073684
"ENSG00000196353",832.805263244297,-0.801451337758855,0.227436793402781,-3.52384205637088,0.000425337705701207,0.0608685406073684
"ENSG00000211695",127.912510483319,-1.27827306045294,0.363420178082193,-3.5173420122089,0.000435891746711649,0.0610793310079698
"ENSG00000100097",459.288828193544,0.841169811047038,0.243001732377746,3.46157948264928,0.000537015521973787,0.0652041395345927
"ENSG00000106624",1289.68603143238,0.772326072672174,0.221221922477317,3.49118235671858,0.000480887906693086,0.0652041395345927
"ENSG00000134612",373.214817568784,-1.04675902264466,0.301337745790308,-3.47370695263999,0.000513321332002926,0.0652041395345927
"ENSG00000159403",753.333247144179,0.885292678380463,0.25596455812328,3.45865335760305,0.000542883112390305,0.0652041395345927
"ENSG00000166006",186.3992534276,-1.42917222334987,0.41220622474427,-3.46712916389489,0.000526049044700829,0.0652041395345927
"ENSG00000188559",651.792613171271,-0.782584160432658,0.225051494749835,-3.47735597714012,0.000506385018324589,0.0652041395345927
"ENSG00000196586",942.764319172896,-0.916404292126858,0.262846258927276,-3.48646503802973,0.000489449355706742,0.0652041395345927
"ENSG00000244731",252.485219109494,1.05924133189914,0.305931666777369,3.46234616068682,0.000535487945352864,0.0652041395345927
"ENSG00000135480",270.573623980656,1.04093259151129,0.302444929985297,3.44172604104125,0.000578015319866359,0.0682058077442304
"ENSG00000151150",366.004554055654,-0.8391806697095,0.244603165285016,-3.43078417947564,0.000601839217830833,0.0697925961918997
"ENSG00000149131",635.102290072076,0.855132591705903,0.25036695795741,3.41551696231165,0.00063661064394277,0.0725736134094758
"ENSG00000149591",3515.76467994485,0.910687326939705,0.268018560580146,3.39785171955426,0.000679172214317062,0.0761352052249427
"ENSG00000140396",272.215245849093,-0.85507991269093,0.252130156878271,-3.39142260203235,0.000695307985313793,0.0766662542495176
"ENSG00000079385",161.956452647947,0.97794030839338,0.289673321273955,3.37601096328959,0.000735449885923785,0.0797844505277964
"ENSG00000211896",1470.43375693867,-0.916222199592531,0.272108599872214,-3.36711959865584,0.000759577388955037,0.081093928858914
"ENSG00000064393",855.159679579828,-0.788336822807895,0.234802506331166,-3.35744637110485,0.000786660022418575,0.0821825151913596
"ENSG00000188848",126.673214915264,-1.17032258613384,0.348849717559813,-3.35480445367761,0.000794211044816886,0.0821825151913596
"ENSG00000138439",175.22481952044,-0.930905205093428,0.278674385391387,-3.34047639070239,0.00083634791327096,0.0852314555251588
"ENSG00000143797",343.795638714232,-1.02829034299906,0.308618594880882,-3.33191311235135,0.000862511804677364,0.0865858865411933
"ENSG00000012223",2891.54248369776,2.3448796038191,0.710199205844785,3.30172096014928,0.000960936146597764,0.090401383231618
"ENSG00000102287",346.811082870328,0.815947167289169,0.248334412201418,3.28567901667762,0.00101736871674695,0.090401383231618
"ENSG00000138814",1570.73913157593,-0.697155313221927,0.21092368539858,-3.30524906154811,0.000948920347947026,0.090401383231618
"ENSG00000152583",1898.66483103143,0.856318659702962,0.260623627198103,3.28565245180961,0.001017464659708,0.090401383231618
"ENSG00000154305",782.312475677318,-0.770048431888873,0.234054962488519,-3.2900324936569,0.0010017581385927,0.090401383231618
"ENSG00000160191",481.606343061191,-0.866782914808911,0.262008970692548,-3.30821846487856,0.000938915352433956,0.090401383231618
"ENSG00000171992",371.085931772201,0.781917077792044,0.238059735062653,3.28454149369803,0.00102148455628947,0.090401383231618
"ENSG00000185215",502.468904872602,0.957675106769359,0.290416833512424,3.29758814317625,0.000975190610775148,0.090401383231618
"ENSG00000205542",734.161793799633,0.786080155300641,0.238561791153335,3.29507986798854,0.000983937104606975,0.090401383231618
"ENSG00000215105",303.70731260551,-0.835882818936379,0.255424122447934,-3.27252888617349,0.00106589980146992,0.0931070398011255
"ENSG00000184012",3783.53982105121,-0.93942250848729,0.287873619757119,-3.26331571916832,0.00110116772004199,0.0949545395513131
"ENSG00000173442",435.331022095894,0.784715903118329,0.241022453292342,3.25577925375495,0.00113081632546258,0.0962768431020415
"ENSG00000157388",405.682893021066,-0.908266935647893,0.279600670690066,-3.24844333672824,0.0011603831779459,0.0963547809242487
"ENSG00000198959",1596.20197573563,0.984294610148936,0.302843191181155,3.25017909866149,0.0011533234966864,0.0963547809242487
"ENSG00000169991",120.742865337032,0.989533629915273,0.305004440656315,3.24432532125097,0.00117729201567406,0.0965666597246793
"ENSG00000108691",220.456870161322,1.05586003553578,0.32881489325779,3.21110769975977,0.00132224369403834,0.107149531157854
"ENSG00000162645",237.844138109331,0.888916677586998,0.277680592961536,3.20122003524434,0.00136846987502626,0.109575337850317
"ENSG00000072163",233.11052862094,0.951729642685908,0.299295559252099,3.17989897699838,0.00147326403479314,0.116578516447278
"ENSG00000205189",338.875094462866,-0.840662783592713,0.266795269457322,-3.15096585221572,0.00162731514785689,0.127271182377738
"ENSG00000120885",928.299452747477,0.832189750907858,0.265405743338967,3.13553783892692,0.00171539297403922,0.131110603902134
"ENSG00000161970",295.645005795396,0.977611749773145,0.311761046886383,3.13577260384753,0.00171402048417486,0.131110603902134
"ENSG00000145703",341.389541010823,-0.776992930582096,0.248851928749674,-3.12231026090897,0.00179437726999418,0.134099794644232
"ENSG00000183723",557.69093098969,-0.719534274058046,0.230328276894034,-3.12395110040735,0.00178440108966761,0.134099794644232
"ENSG00000130176",1518.8611933612,0.914937255379856,0.294102742801289,3.11094431376329,0.00186490103854488,0.137838729508273
"ENSG00000188783",450.685080898627,0.792732005229543,0.255321703226745,3.10483595875724,0.00190384580298114,0.139187683378816
"ENSG00000111799",387.304808857686,0.750517290370154,0.24221243934603,3.09859102363421,0.00194443229890919,0.140626361746916
"ENSG00000146674",331.147812540598,0.848439119997043,0.274151885224749,3.09477762409511,0.00196960507983507,0.140931529435858
"ENSG00000182326",1006.99848747643,0.755438381758551,0.244397182966649,3.09102737023626,0.00199465246784602,0.141221394723498
"ENSG00000050165",377.312053623416,0.751041212532376,0.243780496977863,3.08080926014593,0.00206438847071844,0.144636217229711
"ENSG00000112796",304.838735401174,-0.791094945310887,0.259215482701066,-3.0518815352677,0.00227411832442755,0.157687833506182
"ENSG00000004776",201.649706857024,0.976028283865929,0.325051520155834,3.00268795358351,0.00267606669001723,0.159058735056143
"ENSG00000072195",276.935792490194,0.855845777249825,0.284333736804527,3.01000432403208,0.00261243970546259,0.159058735056143
"ENSG00000100170",126.889210632193,0.88555603049197,0.294855758175733,3.00335335477553,0.00267022200662846,0.159058735056143
"ENSG00000111341",2391.56881851207,0.834814821118045,0.276229865628493,3.02217437357337,0.00250965933452432,0.159058735056143
"ENSG00000111674",102.734309092942,1.02688281111626,0.337490749199613,3.04269913635144,0.00234466625402052,0.159058735056143
"ENSG00000112297",720.945326742467,-0.711238828924766,0.237878873203463,-2.98992011920465,0.00279050412379197,0.159058735056143
"ENSG00000112715",1232.8796253502,-0.946520788178814,0.314395645700407,-3.01060399888862,0.00260728643889554,0.159058735056143
"ENSG00000123983",999.863470930017,-0.67012999789987,0.223412547857811,-2.99951817534604,0.00270406989886476,0.159058735056143
"ENSG00000125968",164.562345556737,0.97638794175474,0.324059883674981,3.01298615145471,0.00258690722273803,0.159058735056143
"ENSG00000133392",15087.2320253561,0.886093437839946,0.292729344302648,3.0270058505779,0.00246989177878628,0.159058735056143
"ENSG00000138593",344.037402728023,-0.79869473585393,0.263127042861097,-3.03539585733708,0.00240220167717007,0.159058735056143
"ENSG00000140545",446.241362343251,0.761395541424433,0.250963870582649,3.03388507539648,0.00241426380587476,0.159058735056143
"ENSG00000141469",355.940082250404,0.931559705443241,0.308373362788378,3.02088253349732,0.00252039117439186,0.159058735056143
"ENSG00000145936",170.778167772867,1.01284510063423,0.335732190070245,3.01682451248511,0.00255437642470215,0.159058735056143
"ENSG00000147394",282.595569614108,0.975171977811533,0.322841888487672,3.020586895894,0.00252285305112759,0.159058735056143
"ENSG00000153234",368.913734379962,-0.754776812067231,0.252274517111032,-2.99188685686805,0.00277258999837367,0.159058735056143
"ENSG00000155093",521.260690254645,-0.862973433722606,0.283661674775657,-3.04226305652717,0.00234806595816482,0.159058735056143
"ENSG00000162614",237.521820639406,0.966571570379662,0.323233833758929,2.99031682153837,0.00278688225303394,0.159058735056143
"ENSG00000165813",191.300916602359,-0.823605253737289,0.274966736770953,-2.99529049734969,0.00274183579210238,0.159058735056143
"ENSG00000184489",151.654950439782,0.9282310560477,0.310067841811441,2.99363858768746,0.002756722785028,0.159058735056143
"ENSG00000185567",222.423452816258,1.01613290956715,0.334447361054605,3.0382446623678,0.00237960669891931,0.159058735056143
"ENSG00000035862",1125.90279826744,0.656142271304628,0.222332465623878,2.95117615622826,0.00316566316137236,0.164816722804721
"ENSG00000046604",391.837100779432,-0.71177973888016,0.240529775236995,-2.95921674636265,0.00308422090932806,0.164816722804721
"ENSG00000049540",245.746771025821,0.747368912325076,0.254310080557043,2.93880962440826,0.00329475383238587,0.164816722804721
"ENSG00000074527",298.714477235575,0.73123422669523,0.249028868762665,2.93634320522143,0.00332106663574688,0.164816722804721
"ENSG00000103056",207.718407856748,-0.84510096782092,0.285769601336056,-2.957280843973,0.00310365290052516,0.164816722804721
"ENSG00000109906",108.097488338348,-0.969091210778318,0.331170348032038,-2.92626201752993,0.003430618672712,0.164816722804721
"ENSG00000111319",372.818815742208,0.769340643176809,0.262513007763639,2.9306762728859,0.00338225042944351,0.164816722804721
"ENSG00000131771",391.927347587085,0.787890391584224,0.268986993113057,2.92910219362566,0.00339942637265696,0.164816722804721
"ENSG00000135090",528.759913006212,-0.674658676854377,0.230480581846171,-2.92718228776715,0.00342048336644746,0.164816722804721
"ENSG00000135678",292.250777428715,0.803014188090418,0.271850136299096,2.95388554525837,0.00313800363414302,0.164816722804721
"ENSG00000136068",2985.54837084188,-0.628116987108731,0.213936377424199,-2.93599898563901,0.00332475409661249,0.164816722804721
"ENSG00000143947",332.67143590617,0.903385832110678,0.306065221806546,2.95161216546739,0.00316119709329895,0.164816722804721
"ENSG00000149273",1027.26348385779,0.687683667421648,0.23291679758728,2.95248635798349,0.00315225998488964,0.164816722804721
"ENSG00000149451",236.329943514464,0.968266019281846,0.33019357407365,2.93241933008022,0.00336332286659993,0.164816722804721
"ENSG00000155111",682.128370174817,-0.706642350053238,0.238663114248027,-2.96083603987029,0.0030680522202656,0.164816722804721
"ENSG00000162174",122.060061412918,0.969437087572655,0.327995276564528,2.9556434401333,0.00312017572217114,0.164816722804721
"ENSG00000162896",323.985313106472,1.00914932669354,0.339245731173741,2.9746854093109,0.00293289155728902,0.164816722804721
"ENSG00000165105",316.091066935177,-0.722844718100816,0.243988723780756,-2.96261526721355,0.00305037574417368,0.164816722804721
"ENSG00000198380",707.867258386697,-0.669469174378157,0.225182807424361,-2.9730030548759,0.00294901516240778,0.164816722804721
"ENSG00000214076",161.242299759344,-1.13079007795862,0.384632164976321,-2.93992593684471,0.00328290708160954,0.164816722804721
"ENSG00000227191",394.594719143073,-1.03215412895991,0.351170335195333,-2.9391837109071,0.0032907795466747,0.164816722804721
"ENSG00000272060",654.74555945097,0.734878205057632,0.25031918566384,2.93576460433408,0.00332726704571614,0.164816722804721
"ENSG00000142515",66932.256918592,-0.911998013856646,0.312305302384119,-2.92021303158964,0.00349792183760235,0.16685831404052
"ENSG00000079257",104.073016604773,0.988708294616977,0.339852934514044,2.90922394426498,0.00362327216395779,0.169722072886561
"ENSG00000137124",238.599785756369,0.845669079249895,0.290818628983374,2.90789170627113,0.00363874321181001,0.169722072886561
"ENSG00000174099",335.88861414645,0.843280183410153,0.290169464813397,2.90616445101297,0.00365889095577629,0.169722072886561
"ENSG00000205213",183.403557565961,-0.798104134132142,0.274500359491211,-2.90747937675358,0.00364354368226972,0.169722072886561
"ENSG00000132688",263.515398053647,0.733100304107823,0.25276649853576,2.90030644232748,0.00372798000562003,0.170589906848106
"ENSG00000134871",1051.74900742236,0.663220715838032,0.228674923873619,2.90027740953605,0.00372832535038233,0.170589906848106
"ENSG00000116133",2739.02074527952,-0.682630248283721,0.235966028094333,-2.89291748391351,0.00381681557141598,0.173458794144215
"ENSG00000116132",401.348053019798,0.753939507128129,0.260957143386357,2.88913151540708,0.00386307469569821,0.173850467670225
"ENSG00000168542",2689.35888354737,0.595446832056309,0.206180405973051,2.88798942482506,0.00387712907382303,0.173850467670225
"ENSG00000116406",264.077816733944,-0.757419103967176,0.263134172531947,-2.87845207134858,0.00399632001263002,0.175681362123853
"ENSG00000122786",3694.07619072641,0.696390903451828,0.241787432993706,2.88017824098392,0.00397450405251304,0.175681362123853
"ENSG00000234648",159.479471648145,0.807854773275184,0.280529495671139,2.87974985069742,0.00397990809301497,0.175681362123853
"ENSG00000147065",556.27377524705,0.668401888071418,0.232463406475826,2.87529937810201,0.00403644571390315,0.176293077089043
"ENSG00000115414",2412.87317880944,0.684247770410251,0.238305380280628,2.87130642877001,0.00408779053610777,0.176599973069734
"ENSG00000142156",1193.43807733964,0.733165473385316,0.255578331048952,2.86865271549524,0.00412224141717934,0.176599973069734
"ENSG00000182240",333.14126788685,0.735972229741793,0.25642286336402,2.87015057895598,0.00410276369365405,0.176599973069734
"ENSG00000077157",1541.31652946436,0.726772098050295,0.254259495573745,2.85838724099688,0.00425800411330235,0.181261618139694
"ENSG00000183722",141.377077901284,0.82636017766057,0.289373054919982,2.85569151519334,0.00429432149909546,0.181657901905133
"ENSG00000095637",1103.84884646889,0.75751821346444,0.266244895342351,2.84519337916464,0.0044384468326416,0.18427773701449
"ENSG00000107796",4232.30445201811,0.82801419360529,0.290825933226118,2.84711265058163,0.00441177475684444,0.18427773701449
"ENSG00000168386",485.532281309777,0.8944258817434,0.313947000621829,2.84897094086526,0.00438608863661523,0.18427773701449
"ENSG00000114391",236.217634032011,0.845530484380853,0.298146783273635,2.83595373760862,0.00456890636644272,0.188530455341679
"ENSG00000197903",220.4961717137,-0.89123786461596,0.314677739757689,-2.83222405659275,0.00462254452752695,0.189580698122843
"ENSG00000117143",407.728703071205,-0.716510583670725,0.253557481733582,-2.82583096650084,0.00471581422380557,0.192233736177674
"ENSG00000166441",424.620334331227,0.749027449355118,0.265258508622872,2.82376408298381,0.0047463306946721,0.192312170194967
"ENSG00000136235",290.546301999799,0.800155680981442,0.283713365201698,2.82029604214307,0.004797936306064,0.193167056813355
"ENSG00000164733",1792.39386505301,0.603089936818412,0.213975533849878,2.81849950771256,0.00482486850202849,0.193167056813355
"ENSG00000171345",399.748535464531,0.668771733152023,0.238044421955262,2.8094408919933,0.00496276312008081,0.196350263209786
"ENSG00000261324",184.88884854693,-0.811202483440436,0.288577451876652,-2.8110390405248,0.00493817935871774,0.196350263209786
"ENSG00000114374",392.949041867581,-0.683674739597637,0.243641996100366,-2.80606279106334,0.00501509185756498,0.197260279730889
"ENSG00000026025",934.500294964147,0.61992409622245,0.221339135113542,2.80078846384053,0.0050977923356563,0.199347390986188
"ENSG00000109099",141.550297963819,0.819910642885873,0.293479601742286,2.7937568335869,0.00520996388938773,0.202556168323826
"ENSG00000253755",221.045443753125,-0.918552124972085,0.329336764952584,-2.78909682344251,0.00528552606440272,0.204312921317085
"ENSG00000118181",458.433977782497,0.703447097116336,0.252673643395849,2.78401454010891,0.00536906272284937,0.206356090707914
"ENSG00000172869",621.734120599852,-0.657058225599957,0.236184956821451,-2.78196475526032,0.00540309074116432,0.206484024574268
"ENSG00000041353",284.038409071205,-0.73179281915474,0.264206526180475,-2.76977571195521,0.00560949055209143,0.21306629919885
"ENSG00000072110",1392.73608333334,0.664061740029818,0.240074386506594,2.76606659166274,0.00567369475819036,0.21306629919885
"ENSG00000077942",1321.28467013352,0.588486184974231,0.213155225300941,2.76083396099431,0.00576539792658202,0.21306629919885
"ENSG00000103175",162.282144301448,0.909027229606489,0.329008325040068,2.76293078448937,0.00572849128224094,0.21306629919885
"ENSG00000116774",136.870109924876,0.884144479476256,0.320085553076638,2.76221301142125,0.00574110090838564,0.21306629919885
"ENSG00000224389",362.320424472345,0.80960274450404,0.292761615632926,2.76539922337068,0.0056853168943402,0.21306629919885
"ENSG00000143013",243.552281404048,0.714902706184327,0.259261320477855,2.75745994376122,0.005825234986637,0.213931941719667
"ENSG00000156467",254.980195102068,0.74235894817402,0.269367213478822,2.75593654694128,0.00585243492066885,0.213931941719667
"ENSG00000114631",175.525622429031,-0.923212537766777,0.335534029757628,-2.75147214854379,0.00593280645344646,0.21436182637031
"ENSG00000125257",2012.55284919365,-0.639408407353485,0.233101936319537,-2.74304202465732,0.00608728944940964,0.21436182637031
"ENSG00000152137",314.52182827,0.871110157970083,0.317423159314129,2.74431821500464,0.0060636727652505,0.21436182637031
"ENSG00000163453",1461.42689443279,0.605662485012346,0.220035087049132,2.75257229714962,0.00591290890824889,0.21436182637031
"ENSG00000173890",300.134316841096,-0.822779421308282,0.299745901947748,-2.74492300298975,0.00605250964442158,0.21436182637031
"ENSG00000180530",180.368015200847,-0.84626467538076,0.308219975957771,-2.74565161700196,0.00603908554305524,0.21436182637031
"ENSG00000187244",2072.5372917629,-0.567836200271795,0.206911445539733,-2.7443440781663,0.00606319500605423,0.21436182637031
"ENSG00000152154",152.910397605505,0.861600168301943,0.314376240484494,2.7406656653636,0.00613148631243111,0.214793629882352
"ENSG00000160932",226.386999742822,0.716648480864661,0.261659944955946,2.73885435917721,0.00616536786140944,0.214861472724559
"ENSG00000106789",248.541136192737,-0.749160761679239,0.274810891419763,-2.72609559908207,0.00640884331524713,0.216612463006795
"ENSG00000145423",281.946094792789,0.747865576944491,0.274232810780913,2.72711924884134,0.00638899449402276,0.216612463006795
"ENSG00000154330",528.214242862122,0.884655301274427,0.323636225169271,2.73348665098207,0.00626676635503447,0.216612463006795
"ENSG00000159176",3505.27557256098,0.670715930298472,0.24597847224283,2.72672614063698,0.0063966104072228,0.216612463006795
"ENSG00000182253",1396.41094925682,0.805089817344092,0.295121771955093,2.72799194722441,0.00637211635757765,0.216612463006795
"ENSG00000196923",525.663917718317,0.743553385285048,0.272110621831151,2.73254083314115,0.00628478805931158,0.216612463006795
"ENSG00000112096",1408.55749434133,0.802593180357694,0.294760729285852,2.72286332817204,0.00647188256262854,0.216706193659394
"ENSG00000169347",290.509214952958,-0.811172374333295,0.297934826504,-2.72265039925571,0.00647605485065987,0.216706193659394
"ENSG00000013375",557.287515941755,-0.735141502364961,0.270383855758734,-2.71888090471251,0.0065503188103631,0.217881451428035
"ENSG00000109586",720.417781462505,-0.602535385567786,0.22184974310532,-2.71596161047499,0.00660835802725529,0.217881451428035
"ENSG00000176971",128.511160668485,0.948931497053845,0.349321321233357,2.71650036620562,0.00659761222047266,0.217881451428035
"ENSG00000112769",236.649942873047,0.704372414431257,0.259562421808216,2.7136917953081,0.00665380388530141,0.218309682597743
"ENSG00000094755",142.1430389068,0.860475856225243,0.317549894633944,2.70973434652579,0.00673371170795685,0.219109503725906
"ENSG00000105971",114.333247712092,0.934749794694256,0.345100961898984,2.70862703352265,0.0067562242056355,0.219109503725906
"ENSG00000183087",321.434368142951,0.681353367622997,0.251639056864817,2.70766142629849,0.00677591090915678,0.219109503725906
"ENSG00000137845",601.2446406665,-0.596855575723045,0.220911691538852,-2.70178355688375,0.00689686432656954,0.221953633782329
"ENSG00000151726",1043.72702581192,-0.589691320469168,0.218738507288328,-2.69587338681008,0.0070204346135772,0.223788830383508
"ENSG00000180573",270.068751757453,-0.841989275286957,0.312176892225029,-2.69715438989001,0.00699348378054093,0.223788830383508
"ENSG00000167751",27493.7235228694,-0.792744948684479,0.294970653740702,-2.68753836570248,0.00719808327558676,0.22836937788489
"ENSG00000084636",530.03877480037,0.602747620905893,0.224512871015019,2.68469071809059,0.00725969508813756,0.228843594993756
"ENSG00000152661",366.709850669129,0.69709842510581,0.260203642628109,2.67904944782854,0.00738314899102661,0.228843594993756
"ENSG00000157227",330.808690445068,0.665744120374097,0.24844972456076,2.67959290979727,0.00737117439433973,0.228843594993756
"ENSG00000162695",163.529958451583,-0.762112793075431,0.284151036443059,-2.68206937625635,0.00731682842618267,0.228843594993756
"ENSG00000196924",10762.8316714416,0.72010284394859,0.268690440140609,2.68004638933842,0.00736119580054036,0.228843594993756
"ENSG00000198225",196.332803657642,-0.752741399275239,0.281431528767408,-2.67468752549524,0.00747989307951094,0.22972493540087
"ENSG00000228253",3454.57081515596,0.593165751114873,0.22172643886487,2.67521435040218,0.00746814845430359,0.22972493540087
"ENSG00000132669",263.376024230668,0.715659775634655,0.267771604252757,2.67264999077021,0.00752547236212999,0.230074214125847
"ENSG00000058063",407.167509944879,-0.628676720022335,0.235512049290329,-2.66940363313357,0.00759860744238119,0.230217268727279
"ENSG00000146281",268.513002944514,-0.695537412215332,0.260426709504452,-2.67076066636491,0.00756795856842786,0.230217268727279
"ENSG00000104341",154.108701710895,0.784559309441413,0.294405135860878,2.66489681692292,0.00770119482032606,0.232279086822929
"ENSG00000135424",241.350887375078,0.802635038964184,0.301895277459524,2.65865384088956,0.00784535237835718,0.235570714717993
"ENSG00000072952",379.4824642042,0.713519294042,0.268832108603922,2.65414461742458,0.0079509742621907,0.236629437555286
"ENSG00000111110",528.642317464242,-0.71133380279591,0.267955166196463,-2.65467470880694,0.00793849194772735,0.236629437555286
"ENSG00000105707",293.865020182876,-0.837218971432942,0.315815670214146,-2.65097349623357,0.00802601393120075,0.237810439212583
"ENSG00000165092",182.628516162697,0.74463161506151,0.281194507181043,2.64810156687054,0.0080945202156954,0.238788346363014
"ENSG00000087301",231.839249004717,-0.729896288097783,0.276139367561031,-2.64321706297985,0.00821223692951568,0.239786622662076
"ENSG00000106078",181.652469789868,-0.829469918055015,0.313923588340207,-2.64226693648805,0.00823531219669038,0.239786622662076
"ENSG00000115641",261.676205655035,0.711019654948019,0.268853162162983,2.64463936086043,0.00817780239311701,0.239786622662076
"ENSG00000113594",350.466404445213,-0.926269015676688,0.350754822590438,-2.6407876842174,0.00827135358463604,0.23979303370315
"ENSG00000115963",221.37303651324,0.812534833878329,0.30840173638257,2.63466361574043,0.00842207023604516,0.23979303370315
"ENSG00000140416",2226.20041659775,0.648070397424943,0.245650527932628,2.63818035678182,0.0083352238163159,0.23979303370315
"ENSG00000151617",319.355903643318,0.778525283676969,0.295567876277962,2.63399830008866,0.00843859104196413,0.23979303370315
"ENSG00000183963",801.063595922056,0.722023853338096,0.274162472848974,2.63356193805501,0.00844944231157398,0.23979303370315
"ENSG00000225937",116.849531261391,-1.10920294668171,0.420811465033912,-2.63586674519984,0.00839226813058083,0.23979303370315
"ENSG00000129514",1414.2721744235,-0.612345820467489,0.232887331465119,-2.62936509519499,0.00855444654811224,0.241235893089064
"ENSG00000145431",128.386063972094,0.804306761266026,0.306040285511208,2.62810747259145,0.00858613841892573,0.241235893089064
"ENSG00000172893",180.804621094331,-0.731116996876488,0.278282548292355,-2.62724702415905,0.00860788200139391,0.241235893089064
"ENSG00000104154",790.761107204972,-0.862243988811279,0.328426708387101,-2.62537719007613,0.00865530260666973,0.241558362375355
"ENSG00000052344",345.236291668326,-0.66822312972154,0.255193505583613,-2.61849582807114,0.0088318371528764,0.242460966082639
"ENSG00000100234",1037.04137098927,0.576380156720693,0.220000932172,2.619898702384,0.00879558892614511,0.242460966082639
"ENSG00000113924",141.383563334852,-1.11508567675749,0.425639737860749,-2.61978752820842,0.00879845664760178,0.242460966082639
"ENSG00000128918",157.499127741833,0.846183735517143,0.323153317770475,2.61852095889097,0.00883118663693904,0.242460966082639
"ENSG00000174938",271.968939724651,-0.700662200376644,0.267728810199698,-2.61705940370789,0.00886909049085358,0.242493913176753
"ENSG00000058668",678.008876017672,0.646252174040309,0.247078173290253,2.61557775595633,0.00890766369412078,0.242562534439904
"ENSG00000135269",345.084598965539,0.710261871675842,0.271834051182084,2.61285099709632,0.00897904392864602,0.24352036074223
"ENSG00000105974",278.205395048857,0.887672394925472,0.340756893001249,2.60500202096343,0.0091873718036491,0.244292739426604
"ENSG00000110880",333.852610183922,0.654460797011914,0.250901734449285,2.6084347262422,0.00909573572249152,0.244292739426604
"ENSG00000123358",2262.0264252712,-0.539171292974442,0.206840696568879,-2.60669830414584,0.00914198703393507,0.244292739426604
"ENSG00000183010",203.632189351657,-0.836667971252025,0.32118554126414,-2.60493659820121,0.00918912623772389,0.244292739426604
"ENSG00000198502",227.661449278647,0.762285359316498,0.292349961079892,2.60744128886059,0.00912217126976883,0.244292739426604
"ENSG00000096088",390.505981144414,2.58081369354759,0.991632947806914,2.60258969738278,0.00925226088126809,0.245002782233894
"ENSG00000122406",863.879716329943,0.586017446055543,0.226025900274422,2.5927004177134,0.00952256798502626,0.251166760545211
"ENSG00000240771",124.357618120705,0.864977136082925,0.333792636071171,2.59136075098582,0.009559722078438,0.251166760545211
"ENSG00000163346",581.99495082329,0.604369246249756,0.233725858229029,2.58580394496843,0.00971521737136605,0.254258957353339
"ENSG00000106538",131.871197461328,0.75480517449744,0.292798735545756,2.57789765755148,0.0099403433660969,0.258848500282017
"ENSG00000166446",358.637447262832,-0.610088156639623,0.236861753228084,-2.57571409619747,0.0100033322317884,0.258848500282017
"ENSG00000237550",248.36010568689,0.662526644482804,0.257229907773564,2.57562058089302,0.0100060377748029,0.258848500282017
"ENSG00000083223",417.717785976488,-0.659181225463585,0.256090137996653,-2.57402034541525,0.0100524361810398,0.259052435837829
"ENSG00000107438",168.934602752745,0.73601881130886,0.286858757143166,2.5657881901145,0.0102941667228998,0.264269333504673
"ENSG00000129116",1428.61457941839,0.603262533424788,0.235242201434592,2.56443159325102,0.0103344948526232,0.264295864557961
"ENSG00000079482",160.410651091758,-0.71839134259586,0.280583051502438,-2.56035187709696,0.0104566228312362,0.265528015873463
"ENSG00000131981",268.066482618525,0.64107718120919,0.250402628158762,2.56018551371884,0.0104616301228766,0.265528015873463
"ENSG00000146112",111.69446135513,0.847438698579432,0.331199100960964,2.55869866832554,0.010506476787521,0.265663770198744
"ENSG00000017260",1239.03314300934,-0.552785139432703,0.217137755256965,-2.5457808513242,0.0109033615187952,0.269129561746897
"ENSG00000041982",743.75781370107,0.567611246100167,0.224005014159856,2.53392205629426,0.0112793817510022,0.269129561746897
"ENSG00000077235",919.003512832796,-0.604225791818902,0.238295920960546,-2.53561114006204,0.0112251302885176,0.269129561746897
"ENSG00000125733",156.718086215192,0.711391890716471,0.279209899457291,2.54787488588057,0.0108381333477107,0.269129561746897
"ENSG00000135596",296.500098898976,0.71255094285465,0.281277238553984,2.53326912094913,0.0113004156116837,0.269129561746897
"ENSG00000148396",1142.99020053757,-0.534976558363458,0.210951332580669,-2.53601886188076,0.0112120694940988,0.269129561746897
"ENSG00000157570",104.192460137584,0.917934346191136,0.360199679200781,2.54840411914822,0.0108217029926288,0.269129561746897
"ENSG00000159674",3319.03136539431,-1.60560436872237,0.634219271347811,-2.53162343255546,0.0113535849157167,0.269129561746897
"ENSG00000164494",182.710046950958,-0.740892890801361,0.292633881836663,-2.53180829967905,0.0113476011304356,0.269129561746897
"ENSG00000171302",1004.09271602593,-0.577078666513512,0.227239521614664,-2.53951716854993,0.0111005596925238,0.269129561746897
"ENSG00000171940",469.031760299387,-0.583291942083253,0.228993444907278,-2.5471992978639,0.0108591395886676,0.269129561746897
"ENSG00000179222",952.20646172627,-0.558801362470012,0.219570755685079,-2.54497171413609,0.0109286590564865,0.269129561746897
"ENSG00000179403",518.357560328511,0.665101285673079,0.262727690700919,2.53152335750634,0.0113568253168154,0.269129561746897
"ENSG00000182534",298.639676607415,0.648501107132436,0.256108637751988,2.53213289807287,0.011337101292512,0.269129561746897
"ENSG00000198932",182.312649421516,0.746654570346623,0.29332557950295,2.54548059399339,0.0109127429342802,0.269129561746897
"ENSG00000203499",169.244409711173,-0.733239554890839,0.288993558636495,-2.53721764024897,0.0111737464577094,0.269129561746897
"ENSG00000210127",162.641744334009,0.763354438671099,0.301565141761889,2.5313086061977,0.0113637816735235,0.269129561746897
"ENSG00000235162",143.90343959249,0.827333084929419,0.324986926509676,2.54574266668166,0.0109045541841397,0.269129561746897
"ENSG00000164692",2449.81215876046,0.526262816717188,0.208112294799063,2.52874448011496,0.0114471331200159,0.269807603361294
"ENSG00000167332",4182.36438914087,-0.606589733944357,0.239951969614958,-2.52796313744675,0.01147263969095,0.269807603361294
"ENSG00000162981",294.145345116742,-0.773670598212405,0.306400351729308,-2.52503169087714,0.0115687856335892,0.271120739273592
"ENSG00000162407",556.198164846817,0.681257462756312,0.269945794438358,2.52368244585443,0.0116132781152351,0.271218432649553
"ENSG00000138061",743.808979467208,0.616437170643769,0.244547518507508,2.520725519547,0.0117113165637553,0.27256164431771
"ENSG00000078124",133.433159054335,-0.743614693406211,0.295877153817078,-2.51325485531046,0.0119622883298303,0.273667861586525
"ENSG00000079308",2270.29642745259,0.659964350174275,0.262202089798796,2.51700644598488,0.0118356663786675,0.273667861586525
"ENSG00000079931",262.670816360186,0.743570776413543,0.29561662964419,2.51532120269594,0.0118923981446378,0.273667861586525
"ENSG00000113657",1070.42994221378,0.601400977184255,0.239156830106831,2.51467197033683,0.0119143180578936,0.273667861586525
"ENSG00000131471",316.848543107519,0.681743065019362,0.271153862230665,2.51422959426415,0.011929274433725,0.273667861586525
"ENSG00000109572",498.90583558954,-0.570516072211039,0.227346590780668,-2.50945514622404,0.0120917570950052,0.274760669665557
"ENSG00000231991",517.980803852956,0.587813433460826,0.234177379638334,2.51012046666784,0.0120689981074817,0.274760669665557
"ENSG00000124198",293.726960220187,-0.611488321664799,0.243959866911758,-2.50651194971334,0.0121928936199792,0.274909864861058
"ENSG00000144713",520.341479768276,0.63676712243559,0.254042987175485,2.50653296717744,0.0121921687515038,0.274909864861058
"ENSG00000186480",245.6447020463,-0.712563092123569,0.284376906772878,-2.5056995668522,0.0122209410635528,0.274909864861058
"ENSG00000065534",3535.46901922847,0.730500947262486,0.29277609043108,2.49508402884575,0.0125927305480577,0.281391048725037
"ENSG00000107742",113.538833765711,0.882854916581134,0.353728561422902,2.49585420252687,0.0125654235837586,0.281391048725037
"ENSG00000103942",633.61235935316,-0.709650479532221,0.285073108351787,-2.48936310981847,0.0127972189653349,0.284448880855012
"ENSG00000149596",161.569501743407,0.914705737642931,0.367515104019808,2.48889291253083,0.012814155649579,0.284448880855012
"ENSG00000129009",200.273286451386,0.66123285338865,0.265834642826583,2.4873840608502,0.0128686390861514,0.284718639781101
"ENSG00000197323",274.074802837229,-0.63519523056984,0.25549869931871,-2.48609966416108,0.0129151790249458,0.284811456137002
"ENSG00000183091",108.607671795309,-0.873116714268697,0.351692875217875,-2.48261132309774,0.0130423308343821,0.286675546379261
"ENSG00000142173",1775.00684244302,0.566949699431622,0.228742547707046,2.47854937839427,0.0131917850178498,0.289016110847095
"ENSG00000092841",2143.62872807365,0.502621275466224,0.20357613054536,2.46895976517361,0.0135506453472612,0.292920271852762
"ENSG00000101335",1213.15180186479,0.724196714591366,0.293844937301694,2.46455399654487,0.0137183891813292,0.292920271852762
"ENSG00000114812",379.760668224502,-0.595029154147124,0.241339680056576,-2.46552557792252,0.0136812406847668,0.292920271852762
"ENSG00000164938",573.048647745315,-0.575956428528368,0.233110436897451,-2.47074492328176,0.0134831953670202,0.292920271852762
"ENSG00000168461",181.714072733188,0.689306358702495,0.279454357056834,2.46661517809976,0.0136396854524268,0.292920271852762
"ENSG00000169891",365.917450348547,-0.664624326172632,0.269538815502762,-2.46578336011802,0.0136713992874373,0.292920271852762
"ENSG00000183337",247.963368627621,-0.670127154353904,0.271741394288374,-2.46604738342794,0.0136613261044174,0.292920271852762
"ENSG00000240583",296.661516319403,0.657065988320318,0.26649553891496,2.46557969036019,0.0136791743057402,0.292920271852762
"ENSG00000142197",360.719307916424,-0.628415282639033,0.25518965808807,-2.46254212395299,0.0137955966490726,0.293636655258425
"ENSG00000049319",117.851243740113,0.880500117950199,0.357866542650824,2.4604147440777,0.0138776539632722,0.29445142131536
"ENSG00000156113",418.929301281184,0.646301108912929,0.262805900392865,2.45923363191915,0.0139233976233153,0.294492995013896
"ENSG00000127184",301.41196931541,0.655850893433221,0.267144637351199,2.45504046023958,0.0140868732320166,0.297016643757191
"ENSG00000064666",261.837340202722,0.610234086289831,0.249064633772268,2.4501033207621,0.0142815227681885,0.297391709408161
"ENSG00000135052",4629.60735925376,-0.544033874723667,0.221996029205253,-2.45064687269998,0.0142599773126273,0.297391709408161
"ENSG00000144747",192.087507495265,-0.665987140259452,0.271708675957207,-2.45110737783119,0.0142417461320206,0.297391709408161
"ENSG00000172638",162.644201923147,0.732150950552777,0.298486231046193,2.45288014789356,0.0141717548139812,0.297391709408161
"ENSG00000066468",140.590801502906,0.784823824312108,0.320686495463253,2.44732421045163,0.014392131255562,0.2987699840275
"ENSG00000005108",112.740367995994,-1.06804903006786,0.436655656853316,-2.44597548046113,0.014446082457652,0.298967232646669
"ENSG00000182492",870.693296604906,0.625445121616791,0.256023234097468,2.44292329101149,0.0145688335472602,0.300582743677521
"ENSG00000110931",922.695071872067,-0.524953148710516,0.215268491556518,-2.43859723694256,0.0147443913387421,0.302349927269449
"ENSG00000160305",489.644332278609,-0.562668358741707,0.23064540445146,-2.43953856388291,0.0147060329503206,0.302349927269449
"ENSG00000168743",810.006223159417,-0.528105565271824,0.216744326758924,-2.43653697039653,0.0148286535478201,0.303153567667592
"ENSG00000213080",222.011357900355,-0.824674700574901,0.338820733692753,-2.43395583141239,0.0149348173862793,0.304398732545802
"ENSG00000081923",366.046560598453,-0.580591683175805,0.238681105999742,-2.43249955099686,0.0149950101045981,0.30470222949706
"ENSG00000078699",495.28881750172,-0.68647345094063,0.282780010254226,-2.42758832324631,0.0151995853895695,0.304870327885356
"ENSG00000111716",545.283602060882,0.595102676858643,0.244967820644765,2.42930959377566,0.0151276085023342,0.304870327885356
"ENSG00000130294",244.71800509838,-0.837624275272058,0.344622903459567,-2.43055312593387,0.0150757957200785,0.304870327885356
"ENSG00000133321",126.312039186614,0.87613757701243,0.361016185930923,2.42686508571134,0.0152299182529705,0.304870327885356
"ENSG00000148175",421.620003965958,0.635152217915413,0.261630798099256,2.42766609485498,0.0151963267879474,0.304870327885356
"ENSG00000165521",115.558932905994,-0.819092014558174,0.337678910211881,-2.42565345299244,0.0152808540525881,0.304982268123761
"ENSG00000132470",257.085152003885,0.624623650727949,0.257970830648558,2.42129565252629,0.0154652934201282,0.307750187999357
"ENSG00000104368",146.863723934027,0.771064422280065,0.319592876754089,2.41264583275854,0.0158372003816243,0.314221267748688
"ENSG00000124664",808.647032814216,-0.706874343281558,0.293426103649057,-2.40903700962813,0.0159946759106798,0.314769593951291
"ENSG00000127954",1279.35219682502,-0.519955872306362,0.215707254713303,-2.41047002798973,0.0159319803094664,0.314769593951291
"ENSG00000182890",304.36104065926,-0.644579703455308,0.267594123765309,-2.40879618126679,0.0160052335907436,0.314769593951291
"ENSG00000091136",267.483321400522,0.668161315071793,0.277878916777544,2.40450525293609,0.0161943734749076,0.316306900560851
"ENSG00000136149",270.988115774328,0.653430833408128,0.272188077182797,2.40065928005103,0.0163655666659495,0.316306900560851
"ENSG00000165795",675.889365844877,0.623227359419993,0.259439845477756,2.40220371035268,0.0162966303657573,0.316306900560851
"ENSG00000167861",770.54497859026,-0.594178833251187,0.247221829588926,-2.40342381673646,0.0162423509383497,0.316306900560851
"ENSG00000177469",1008.4661966676,0.563198947903463,0.234287554124114,2.40387907078115,0.0162221385811449,0.316306900560851
"ENSG00000185201",220.162923173087,0.63743941802094,0.265497547532526,2.40092394052283,0.0163537352749997,0.316306900560851
"ENSG00000172465",107.006053119093,0.767609633100885,0.319907306930288,2.39947514943182,0.0164185942237791,0.316422535097818
"ENSG00000101079",654.63005064436,-0.598848662867991,0.250224692429642,-2.39324367652635,0.0167001456473228,0.320929084639694
"ENSG00000124225",2161.47509731966,-0.576761145400608,0.241513480394802,-2.38811160543824,0.0169351980802482,0.321339395408853
"ENSG00000138642",215.98799098509,-0.842207433054709,0.352442074974285,-2.38963362452158,0.0168651875268837,0.321339395408853
"ENSG00000148735",113.050290221203,0.7515780439091,0.314377950238716,2.39068307220149,0.0168170626283546,0.321339395408853
"ENSG00000159399",115.414962886125,0.772554274797307,0.3235740512961,2.38756560268904,0.0169603754638928,0.321339395408853
"ENSG00000165410",234.214798417064,0.680890038976188,0.284789498338081,2.39085374618655,0.0168092473773901,0.321339395408853
"ENSG00000062038",207.015057880249,0.644241786274495,0.270054298644699,2.38560093102648,0.0170512427434264,0.322153535652489
"ENSG00000249286",107.567489176712,-0.794386557044633,0.333178214174699,-2.3842692086347,0.0171130783752421,0.322416148884814
"ENSG00000163359",951.305892773249,0.507834986261515,0.213451540286157,2.37915821821057,0.0173522262568097,0.326008586042744
"ENSG00000006756",421.925216177981,-0.577854773896893,0.243883098574359,-2.36939245595449,0.0178173359543073,0.326273608288076
"ENSG00000011028",285.091114814053,0.594714109742575,0.250261082504471,2.37637471951696,0.0174836974017967,0.326273608288076
"ENSG00000111249",287.393642362028,-0.716273941729603,0.301763138623513,-2.37362967855144,0.0176142065935511,0.326273608288076
"ENSG00000118257",122.555452308294,0.791244211512059,0.333474772802761,2.37272584328307,0.0176573646704149,0.326273608288076
"ENSG00000174444",1337.37137872514,0.494775544128134,0.208708330012815,2.37065546975415,0.0177565743421629,0.326273608288076
"ENSG00000185728",401.395208563395,-0.59331656897419,0.249890475967889,-2.3743064503604,0.0175819513473053,0.326273608288076
"ENSG00000188039",367.618379599031,-0.697262901400126,0.294086665351884,-2.37094361475325,0.0177427376038537,0.326273608288076
"ENSG00000196542",106.438199981791,-0.840725694141218,0.354933439110186,-2.36868550973644,0.0178514254906351,0.326273608288076
"ENSG00000198868",228.346975143777,0.616499878520304,0.259409638086132,2.37654962656248,0.017475410492408,0.326273608288076
"ENSG00000259583",133.941930426568,-0.752709658495899,0.31755801618572,-2.37030596026801,0.0177733704967078,0.326273608288076
"ENSG00000108582",558.973290262048,-0.544237755726356,0.230220133944764,-2.3639885287224,0.0180793723833191,0.326886716801625
"ENSG00000180817",111.230221490941,0.753958643575246,0.318823405620558,2.36481585192198,0.0180390379573058,0.326886716801625
"ENSG00000196167",453.312007674532,-0.558686755086812,0.2360635608824,-2.36667935109703,0.0179484755015365,0.326886716801625
"ENSG00000227081",362.777357158672,0.577267185390287,0.244122302067819,2.3646638611081,0.018046442039095,0.326886716801625
"ENSG00000132142",1004.37398529186,-0.523156889865808,0.221658799329814,-2.36019003733474,0.0182655754386579,0.328487327273831
"ENSG00000146411",237.859354656627,-0.689613970243999,0.292100397051626,-2.36087994814371,0.0182316315665916,0.328487327273831
"ENSG00000117472",2020.02954852872,-0.55576597069161,0.235622347307559,-2.35871502445465,0.0183383322799196,0.328916327772639
"ENSG00000186081",422.667746787829,0.61853476416985,0.262614373678299,2.35529668656885,0.0185079220286064,0.331075222245763
"ENSG00000169894",1225.51284418754,0.528443897349701,0.224544682128458,2.35340197033652,0.018602512174777,0.33188460712878
"ENSG00000101966",201.152465617776,-0.622469435337989,0.265156720342059,-2.34755292845298,0.0188971880792174,0.333282561613458
"ENSG00000111266",250.958421733244,-0.588599645852154,0.250899337612607,-2.3459593455004,0.0189781773859581,0.333282561613458
"ENSG00000112964",270.045519775698,-0.585926576194269,0.249522023991036,-2.34819582986117,0.0188646001139568,0.333282561613458
"ENSG00000114331",138.891186777767,-0.680538325324907,0.289517601954793,-2.35059395604958,0.0187434749401171,0.333282561613458
"ENSG00000172493",456.742421995434,-0.54200293513763,0.23078769161564,-2.34849151331821,0.0188496287524384,0.333282561613458
"ENSG00000186260",214.486078621484,-0.617245700857755,0.263046013781596,-2.34653128547405,0.0189490753186477,0.333282561613458
"ENSG00000087077",155.13351196212,0.696534670123872,0.297044536761506,2.34488295161985,0.0190330536231243,0.333375829867537
"ENSG00000074695",881.650282104626,-0.505133140916296,0.215877189012005,-2.33990975715459,0.0192883999051754,0.333505855429845
"ENSG00000093183",432.616350447745,-0.55293513664997,0.235955319760244,-2.34338915186067,0.0191094397028832,0.333505855429845
"ENSG00000108298",783.685020891843,0.55820158444304,0.238507643707056,2.34039285184773,0.0192634650329818,0.333505855429845
"ENSG00000135968",289.60826803947,-0.590828063361326,0.252292417273129,-2.34183837051949,0.019189022953712,0.333505855429845
"ENSG00000155760",147.997717947657,0.692286047786695,0.295747410590379,2.34080172132272,0.0192423833022653,0.333505855429845
"ENSG00000114790",364.505075375201,-0.56972012557006,0.243744528621683,-2.33736580177488,0.0194201717403566,0.334923269552919
"ENSG00000091986",323.987085396257,0.594633576468573,0.254978558024969,2.33209247504781,0.0196958268356537,0.335803011712746
"ENSG00000114127",165.756166469555,-0.681500384275162,0.292339322710579,-2.33119642597606,0.0197430045229023,0.335803011712746
"ENSG00000142937",1084.02252526634,0.613160101597959,0.262697912784041,2.33408821219689,0.0195911034063565,0.335803011712746
"ENSG00000145391",618.560925951061,-0.517683154326388,0.222117690072235,-2.33067052947486,0.0197707393158263,0.335803011712746
"ENSG00000246705",536.310360630088,-0.55592699095334,0.23832158769055,-2.33267576110304,0.0196651692967399,0.335803011712746
"ENSG00000255248",115.658231329317,0.729090148756513,0.312505674584281,2.33304611100712,0.0196457253296872,0.335803011712746
"ENSG00000103811",501.309595476826,0.557771664573474,0.239715880933277,2.32680314045912,0.0199757451966933,0.336733990458544
"ENSG00000169083",470.870030651237,-0.576544438025766,0.247616508578555,-2.3283764129275,0.0198921249962928,0.336733990458544
"ENSG00000261115",178.530970943382,-0.653915910807584,0.280982492899085,-2.32724787961234,0.0199520760408501,0.336733990458544
"ENSG00000035403",982.367194286018,0.547864202223868,0.236120403407656,2.32027471712385,0.0203260209202252,0.339454400932444
"ENSG00000100077",222.140724796996,-0.631214236990812,0.272264501787618,-2.31838610192083,0.0204283467024251,0.339454400932444
"ENSG00000109113",152.165726487873,0.659865661150253,0.284295636986813,2.32105447745883,0.0202839038434936,0.339454400932444
"ENSG00000134775",157.999378110554,0.76073006881999,0.328331524565059,2.31695713601589,0.0205060668459244,0.339454400932444
"ENSG00000138080",325.48262517062,0.594319999747474,0.256578113024151,2.31633163383477,0.0205401683991486,0.339454400932444
"ENSG00000144357",255.550180076891,-0.583843924482656,0.252056826111052,-2.31631863929534,0.0205408773683474,0.339454400932444
"ENSG00000239983",107.151674279485,0.728017295615943,0.313535409055377,2.32196196853594,0.0202349835496726,0.339454400932444
"ENSG00000249119",322.951613917883,0.679709081190163,0.293323240460748,2.31726978101867,0.020489040368197,0.339454400932444
"ENSG00000011405",256.524643054594,-0.617243853526599,0.266587210558029,-2.31535433464555,0.0205935484605847,0.339490703298756
"ENSG00000071082",538.663861604041,0.569142581924649,0.245961113034146,2.3139535144551,0.0206702721717924,0.339922373172313
"ENSG00000158711",992.856290152677,-0.677336755456378,0.293138328758267,-2.31063866102251,0.0208528219196775,0.342088000565247
"ENSG00000109929",573.080345054701,-0.510624522960584,0.221414830810603,-2.30618934192972,0.0211000548592585,0.344433695569827
"ENSG00000163347",136.416648227868,0.77433569333299,0.335859064435679,2.30553757610816,0.0211364847971434,0.344433695569827
"ENSG00000170113",230.253779132036,-0.606041997595205,0.262994311944696,-2.30439203461802,0.02120064673891,0.344433695569827
"ENSG00000185650",1215.57058671807,0.506437647154405,0.219766079204156,2.30443956132075,0.0211979813918487,0.344433695569827
"ENSG00000029364",425.707362495163,-0.550341867793982,0.239024173704845,-2.30245275724104,0.0213096527089357,0.345370419566992
"ENSG00000165215",413.033034388454,-0.546783350340264,0.238283776348142,-2.29467301013978,0.0217518706742033,0.351690101333393
"ENSG00000126822",131.216741686606,0.74228403931067,0.323984402026801,2.29111041972096,0.0219570281575309,0.35415580668478
"ENSG00000198677",393.02988155565,-0.539463315433149,0.235869722683338,-2.28712405007316,0.0221885834826282,0.357034479675017
"ENSG00000109576",162.892803265366,-0.663013772723834,0.290016831777398,-2.2861217008009,0.02224713977376,0.35712234395778
"ENSG00000133142",524.094245536574,0.511499752940126,0.224231508016775,2.28112345791234,0.0225411423998877,0.359804858925488
"ENSG00000170759",827.74620395379,-0.506461510773463,0.222078084003285,-2.28055601725189,0.022574732451168,0.359804858925488
"ENSG00000196865",121.713883807173,-0.679998541853334,0.298045208043338,-2.28152818264555,0.0225172109834306,0.359804858925488
"ENSG00000109846",116.045659986334,0.732520641529468,0.321949059663181,2.27526877169892,0.0228898115730585,0.363964237920547
"ENSG00000135525",389.571140339653,-0.545702599330765,0.239977955606715,-2.27396969838798,0.0229678084713306,0.364343112684362
"ENSG00000089009",328.37993323878,0.567679775965146,0.250006883377357,2.2706565847161,0.0231677751522922,0.365789802052388
"ENSG00000107317",637.45698751115,0.605731202859655,0.26668235728523,2.27135836440727,0.0231252927136366,0.365789802052388
"ENSG00000082014",112.778648481206,0.694578059662854,0.30617616525487,2.26855692403315,0.0232952836525716,0.366941634302568
"ENSG00000198734",302.853767897648,-0.750418606330124,0.33099252500932,-2.26717689865955,0.0233794214564479,0.367406515691748
"ENSG00000024422",243.705284603587,0.636324002562571,0.281233654287799,2.262616841409,0.0236593190410243,0.37093841461522
"ENSG00000142910",199.333329466769,0.677980699115613,0.299837606750905,2.26115965392846,0.0237493724801973,0.371484370469318
"ENSG00000070759",159.321427425145,-0.660507138558676,0.292266046924405,-2.25995166222478,0.0238242510300934,0.371790980112316
"ENSG00000213694",148.344635501409,0.681357034104787,0.301631981652139,2.2589018259031,0.0238894924000902,0.371946124729182
"ENSG00000159433",109.083079488087,0.691797618955881,0.307018877570179,2.25327388475567,0.0242418853192166,0.37656101768372
"ENSG00000146950",123.456413662251,-0.713842861546873,0.317054821820916,-2.25148085573062,0.0243550980865966,0.377447902604721
"ENSG00000104413",375.798868358351,-0.54266087943001,0.241430540133451,-2.24768945606489,0.024595998813599,0.380305029931648
"ENSG00000073849",762.161242540406,0.512002613925665,0.228971257530657,2.23609993432085,0.025345225760925,0.381326043872745
"ENSG00000108551",183.448989711038,-0.652852985024546,0.291507847112684,-2.23957259295384,0.025118683650411,0.381326043872745
"ENSG00000116584",111.001686032864,0.710623633620227,0.31833897947918,2.23228595751248,0.025596069379743,0.381326043872745
"ENSG00000123243",166.956005869452,0.674559101113915,0.30167659261659,2.23603394371148,0.0253495477832343,0.381326043872745
"ENSG00000128591",1252.18715513525,0.701676157485427,0.313289519152439,2.23970517553129,0.0251100693542986,0.381326043872745
"ENSG00000137145",216.634941035418,-0.59546520342876,0.266633515076941,-2.23327214981557,0.0255310029316057,0.381326043872745
"ENSG00000140443",831.137583225523,-0.507351861718806,0.22680638352974,-2.23693819293353,0.0252903799032215,0.381326043872745
"ENSG00000148143",251.289725245704,-0.581717251059719,0.259579283152112,-2.24100029862104,0.0250260556648994,0.381326043872745
"ENSG00000160336",616.7168865355,-0.695771119780081,0.310145867336367,-2.24336737340912,0.0248731340276248,0.381326043872745
"ENSG00000161638",428.64854724813,0.754169081031907,0.337770040127389,2.23278855859292,0.025562891142382,0.381326043872745
"ENSG00000163694",726.820548311367,-0.536943536350136,0.239275435506771,-2.24403953215223,0.0248298579211677,0.381326043872745
"ENSG00000174348",279.848332234481,0.585949386485893,0.262613528699306,2.23122315665926,0.0256663508125232,0.381326043872745
"ENSG00000182621",108.733606643144,-0.731938309818444,0.328079448406912,-2.23097884787538,0.0256825301627049,0.381326043872745
"ENSG00000182957",262.29395535241,-0.621614371521972,0.277586951501433,-2.23935011411645,0.025133144530273,0.381326043872745
"ENSG00000185950",271.845011269543,-0.619044403224641,0.277085096842799,-2.23413099541708,0.0254744551159005,0.381326043872745
"ENSG00000196683",240.39939631299,0.57910802472554,0.258969253334082,2.23620378585432,0.0253384253475906,0.381326043872745
"ENSG00000197756",864.829083836544,0.510171731328037,0.228189373930958,2.23573833671325,0.0253689162459365,0.381326043872745
"ENSG00000211445",153.813862747631,0.632564100065576,0.282908749773538,2.23592978503468,0.0253563709020736,0.381326043872745
"ENSG00000115159",191.827321919847,-0.623713419216511,0.279913143265575,-2.22823913139637,0.0258645729009852,0.381642270644125
"ENSG00000115808",116.808121264908,-0.68421726584096,0.306943292552829,-2.22913248942619,0.0258050907675957,0.381642270644125
"ENSG00000224892",137.74058033247,-0.756099291412987,0.339347576229246,-2.2280969259147,0.0258740522470593,0.381642270644125
"ENSG00000166949",283.466508997695,0.55293338509617,0.248456393502552,2.22547456839943,0.0260493965360568,0.383387836108355
"ENSG00000166025",781.946540437038,-0.521935736443695,0.23471798195092,-2.22367171064393,0.0261705399014803,0.384329806500778
"ENSG00000110719",196.555352543085,0.58823447610352,0.264697511696351,2.22228940624994,0.0262637536209786,0.384858402733556
"ENSG00000072310",556.068930327134,-0.538402794088275,0.242613075986573,-2.21918291872311,0.0264742826673003,0.385424297013554
"ENSG00000125967",142.124841506338,-0.772933684091582,0.348175424978396,-2.21995473729814,0.0264218402701738,0.385424297013554
"ENSG00000156804",544.860409285273,0.559542887932253,0.251952543423616,2.22082651093335,0.0263627142377994,0.385424297013554
"ENSG00000102837",377.989091111474,1.83879645005065,0.829560942312957,2.21658995290179,0.0266511247645511,0.386326433548213
"ENSG00000196843",110.975550151779,0.801249126944586,0.36146250708428,2.21668668600742,0.0266445092232267,0.386326433548213
"ENSG00000090382",122.28602419676,0.818367344064097,0.369494546448086,2.21482929025876,0.0267717839723734,0.387240901071363
"ENSG00000071537",933.655620523821,-0.472575715862377,0.213482382779876,-2.21365205741429,0.0268527233061518,0.387578147976775
"ENSG00000197043",448.244075972314,0.511071665783911,0.231075222051097,2.21171123951533,0.0269866234036327,0.38867672165489
"ENSG00000102024",260.761669670595,0.576955700344413,0.260981132487091,2.21071805017533,0.0270553677861944,0.388834196004153
"ENSG00000010278",1405.34117366514,-0.511834927356015,0.231668884708962,-2.20933824582881,0.0271511228716268,0.389378363399919
"ENSG00000100280",716.247820689265,-0.539804154139623,0.244629898994988,-2.20661561140849,0.027340925363122,0.389831142819125
"ENSG00000100979",128.268052167824,0.667061121986508,0.302131190695372,2.20785255719951,0.0272545529535441,0.389831142819125
"ENSG00000117318",177.393886175741,0.610903752258462,0.276900680146762,2.20621976058229,0.0273686163398119,0.389831142819125
"ENSG00000137628",178.713893080133,-0.835386749152812,0.378763293871382,-2.2055641680962,0.0274145302636702,0.389831142819125
"ENSG00000241015",168.94934895178,-0.747753679605455,0.339382410558496,-2.20327764887677,0.0275751853371302,0.391288389404088
"ENSG00000138744",498.989779569133,-0.623168927076921,0.283135027698168,-2.20096019960215,0.0277388415622927,0.392781996522065
"ENSG00000107130",199.447146677147,0.659382430237135,0.300081772760548,2.19734249158577,0.0279959951126295,0.394179014640962
"ENSG00000159200",133.77647123404,0.73554874437407,0.33458227945562,2.19840914937528,0.0279199622807376,0.394179014640962
"ENSG00000163171",444.400269218535,0.541924841189,0.246674563539464,2.19692226637831,0.0280259983145284,0.394179014640962
"ENSG00000164187",104.133688606314,-0.726652901657294,0.330856250234656,-2.1962798077471,0.0280719220953049,0.394179014640962
"ENSG00000070404",124.18001203182,0.724225041568245,0.329981794576574,2.19474241752505,0.0281820801392271,0.39490139795092
"ENSG00000082269",317.290804506855,-0.764789128651489,0.349175720869451,-2.19027006444536,0.0285046565294144,0.396556228244194
"ENSG00000119681",349.329694888695,0.604035249425003,0.275779440222792,2.19028383311325,0.0285036585796506,0.396556228244194
"ENSG00000137573",645.074649806316,0.660325110418916,0.301495601938899,2.19016498473744,0.0285122736729232,0.396556228244194
"ENSG00000143995",196.657232886382,0.663551571840711,0.303126438630698,2.18902572417684,0.0285949703684856,0.396556228244194
"ENSG00000151746",181.116008108558,-0.616323046539541,0.281480613712693,-2.18957546813018,0.0285550397753476,0.396556228244194
"ENSG00000255823",215.309303692996,0.593409229236598,0.271318326892181,2.18713286357693,0.0287328261701518,0.397648125144941
"ENSG00000136111",314.450019853251,-0.535801358058244,0.245134294688088,-2.18574622020964,0.0288341773259712,0.39823136898251
"ENSG00000160781",121.811683888518,-0.756887888714931,0.346467809384078,-2.18458358385578,0.0289193926655516,0.398589825960041
"ENSG00000163939",208.287242397722,-0.590009491447368,0.271217283840525,-2.17541258098541,0.0295992125595142,0.407125365389146
"ENSG00000118523",2357.49760412388,0.570146328102837,0.26227203338876,2.17387390007276,0.0297146066543572,0.407722480291545
"ENSG00000196878",159.421535644131,0.639870649254902,0.294434542800241,2.1732186827312,0.0297638622990111,0.407722480291545
"ENSG00000231500",937.208962177959,0.506853348804073,0.233332206819959,2.17223912511642,0.0298376309905269,0.407902248053422
"ENSG00000162576",226.481684574188,0.588300558783434,0.271486825175798,2.1669580407907,0.0302380536628847,0.41253782745753
"ENSG00000089472",123.702663330945,0.720638187738789,0.333713459299462,2.15945197191497,0.0308151195741732,0.414863469002074
"ENSG00000103528",156.064044246546,-0.699358281215739,0.323894614588801,-2.15921552787658,0.0308334499412923,0.414863469002074
"ENSG00000113719",2418.05059058012,-0.482599800067802,0.223331671306657,-2.16091070847333,0.0307022375510417,0.414863469002074
"ENSG00000117620",210.998881995747,-0.581509552811573,0.269118270523483,-2.16079551819516,0.0307111384378623,0.414863469002074
"ENSG00000123191",113.959980755086,-0.666924491107686,0.308886117589911,-2.15912743606406,0.0308402816683076,0.414863469002074
"ENSG00000138018",142.361497889897,-0.635218871462116,0.293986372206739,-2.16070856174045,0.0307178591319235,0.414863469002074
"ENSG00000187498",676.270071817441,0.543797778544774,0.251318541656183,2.16377898328217,0.0304813158583029,0.414863469002074
"ENSG00000196739",216.826123765504,0.586034570775885,0.271620510604856,2.15754903586213,0.0309629107421578,0.415681711879747
"ENSG00000073712",350.326517044437,0.581386693405561,0.269943438939178,2.153735225758,0.031260941994661,0.418846804494203
"ENSG00000140563",110.494520133971,-0.675558536687784,0.314105495212233,-2.15073772024054,0.0314969073080052,0.421169380822352
"ENSG00000148180",1183.4071789709,0.47428763842285,0.220637913777047,2.14961984685059,0.0315852972191489,0.421513311698404
"ENSG00000175130",773.068241870199,-0.523952104636135,0.243907352736558,-2.14816035169735,0.0317010191896935,0.422219911029462
"ENSG00000137942",249.633227628403,-0.547743143399578,0.255689691749128,-2.14221832586431,0.0321759175012251,0.427698065441186
"ENSG00000198523",104.169606885084,0.816919992974897,0.382017844918628,2.13843411725676,0.0324815259410673,0.430908764259603
"ENSG00000181804",137.023917930798,0.665497814536049,0.311470863527237,2.13662943300587,0.0326281437133773,0.43161572104608
"ENSG00000269028",163.532765871065,0.656857662109154,0.307488916481886,2.13619947549507,0.0326631581939421,0.43161572104608
"ENSG00000197312",279.256527052281,-0.532035461432717,0.249384067773309,-2.13339795995444,0.0328920942749441,0.433788678614263
"ENSG00000166482",366.225133341019,0.603851154114422,0.283153273919804,2.13259463948649,0.0329579934457081,0.433807170089693
"ENSG00000113296",284.790850310265,0.694872032756181,0.326008738704676,2.13145216756184,0.0330519090443789,0.434193633266587
"ENSG00000124212",148.175917978426,0.692979168214408,0.325268683120841,2.13048228795195,0.0331318165729721,0.43439492840119
"ENSG00000148120",215.185869935479,0.581103864432241,0.273329641187895,2.12601846585959,0.0335017220086185,0.438390237801494
"ENSG00000177853",121.216420426461,-0.686299660438733,0.323184204890441,-2.12355569998041,0.0337073132228172,0.440224055799356
"ENSG00000099725",148.802369694815,0.643139327648075,0.30327203495963,2.12066809171405,0.0339497435271472,0.44062727291608
"ENSG00000112851",394.424732244264,-0.50689190075244,0.239264603792251,-2.11854111606314,0.0341292666171626,0.44062727291608
"ENSG00000127328",169.962334906075,-0.616112673719656,0.290653701655548,-2.11974824407985,0.0340272820959319,0.44062727291608
"ENSG00000177565",593.01374885666,-0.509956545541186,0.240492799219377,-2.1204649253386,0.0339668564298277,0.44062727291608
"ENSG00000183044",352.102773270734,-0.679395192304865,0.320351948878355,-2.1207774595523,0.033940534419397,0.44062727291608
"ENSG00000240990",162.39958921845,-0.641229882247897,0.302678567517154,-2.11851763244372,0.0341312532246919,0.44062727291608
"ENSG00000130635",462.044979963002,0.495190221162502,0.233911892392696,2.11699463459158,0.0342603031575955,0.441445975168559
"ENSG00000153201",743.882367974442,-0.498495317037622,0.235792203314328,-2.11412977202258,0.0345041849808305,0.442047901297268
"ENSG00000167601",164.364844409598,0.617813702806054,0.292128767915953,2.11486772498832,0.0344412226680277,0.442047901297268
"ENSG00000183853",188.42201686377,0.585177362618786,0.276627254600065,2.11540024667782,0.0343958487962625,0.442047901297268
"ENSG00000109654",299.025334791594,-0.539207645955965,0.255235904163941,-2.11258540495002,0.0346362690076717,0.442896474041065
"ENSG00000153064",106.265449731437,-0.659474023223911,0.312387185555816,-2.11107898696465,0.034765523242714,0.443469517943984
"ENSG00000204262",178.595823210303,0.591353276802122,0.280192176989628,2.1105274356893,0.0348129505611691,0.443469517943984
"ENSG00000141424",1338.8869007437,-0.459176118644167,0.217699095583366,-2.10922382297325,0.0349252665252843,0.444059248864011
"ENSG00000198832",153.523413608633,0.622853196497598,0.295407871804813,2.1084515882811,0.0349919461218712,0.444067603048501
"ENSG00000019582",2960.58320035489,0.56739973221386,0.26989798594616,2.10227479180614,0.0355292114519043,0.447360783674072
"ENSG00000094975",192.518647320653,-0.588109366390653,0.279892958495895,-2.1011938619359,0.0356239520076979,0.447360783674072
"ENSG00000110344",169.118061884111,-0.583119718855154,0.27733729936076,-2.10256507220341,0.0355038058113842,0.447360783674072
"ENSG00000136859",149.196860861036,0.666318112352618,0.316845544846787,2.10297453503669,0.035467995553491,0.447360783674072
"ENSG00000141367",1582.16427526643,-0.432849124492412,0.206004524473628,-2.10116319337357,0.0356266431645202,0.447360783674072
"ENSG00000166206",149.017231159905,-0.655052646990445,0.31190988581116,-2.10013429130949,0.0357170295618461,0.447360783674072
"ENSG00000221869",140.907679284677,0.672422052261906,0.320179721831707,2.10013941050066,0.0357165793703758,0.447360783674072
"ENSG00000152818",820.517013160257,-0.462150946243366,0.220180004889617,-2.09896873458176,0.0358196569350226,0.447812290975765
"ENSG00000026508",627.197866766874,0.508490209349749,0.242473393207793,2.09709693349318,0.0359849953962236,0.449044673534322
"ENSG00000039319",183.812210539335,-0.577032341659894,0.275531238792715,-2.09425379201376,0.0362373782135714,0.451356677526817
"ENSG00000113615",146.139334564266,-0.606681483955207,0.290163953002944,-2.09082305943444,0.0365439282123083,0.45433356960441
"ENSG00000008988",910.457589083519,0.529130824884517,0.253307713189522,2.08888556223563,0.0367180257962511,0.455655796135765
"ENSG00000020181",529.190611240672,0.508206640729256,0.243570496933233,2.08648685751364,0.0369345444639224,0.457498611536542
"ENSG00000105643",114.421151327561,0.690156734306011,0.331330219390102,2.08298758735747,0.0372523550010986,0.458899889628917
"ENSG00000148516",176.292453223648,0.59280460157888,0.284417431070541,2.08427661886818,0.0371350128592559,0.458899889628917
"ENSG00000159184",798.340933830081,-0.538835825264299,0.258611900052099,-2.08356933751211,0.0371993585375181,0.458899889628917
"ENSG00000102580",801.773497519866,-0.455272135151742,0.219121313289749,-2.07771726226251,0.0377354081663683,0.463153933078455
"ENSG00000163644",240.953428432431,-0.597458855404348,0.28745302604098,-2.0784573522603,0.0376672550358878,0.463153933078455
"ENSG00000167747",372.721020195729,-0.696650341785032,0.33546347943382,-2.0766801291181,0.0378310917916422,0.463482556267005
"ENSG00000173898",512.648863817341,-0.565915210328371,0.272684855339425,-2.07534521718835,0.0379545515404052,0.464149661201392
"ENSG00000077782",335.866842912467,0.516991308690557,0.249335447055419,2.07347697568107,0.0381279117083889,0.464269920904617
"ENSG00000102547",696.800879869554,-0.458162616157457,0.22127459321475,-2.07056133061243,0.0383998090285176,0.464269920904617
"ENSG00000109475",669.482681013853,0.46082743950872,0.222603146550541,2.07017486791945,0.038435971864916,0.464269920904617
"ENSG00000117480",501.464424035106,-0.590493505387119,0.285062810513155,-2.07145051409598,0.03831671443848,0.464269920904617
"ENSG00000139865",179.001835596486,-0.700735487980052,0.338529184183245,-2.0699411475282,0.0384578560463928,0.464269920904617
"ENSG00000166833",115.901588238906,0.663532273218833,0.320512509108354,2.07022270383374,0.0384314941007865,0.464269920904617
"ENSG00000167676",123.478020997685,0.862747757671495,0.416234806482117,2.07274294277108,0.0381962090015356,0.464269920904617
"ENSG00000196220",145.249740975309,-0.595049228201701,0.28764913164529,-2.06866339139684,0.0385776848066288,0.464269920904617
"ENSG00000198840",5148.57776776966,0.46008464466228,0.222415808032736,2.0685788871381,0.0385856208423551,0.464269920904617
"ENSG00000100316",2598.85711574934,0.444558455679709,0.215089141662844,2.06685680291831,0.0387476491568321,0.464557376522019
"ENSG00000137699",240.398001826626,0.585216886349262,0.283086050712598,2.06727560357045,0.0387081917270723,0.464557376522019
"ENSG00000137094",112.530328499106,0.750795950424292,0.363537141863139,2.06525238817811,0.0388991259637006,0.464716733981972
"ENSG00000145730",675.659015215797,0.531604562179076,0.257371220251396,2.06551673361075,0.0388741338913274,0.464716733981972
"ENSG00000118971",415.426648952506,0.513916101874183,0.24903535697122,2.06362706133159,0.0390530897666,0.464904569504693
"ENSG00000168077",125.787455903469,0.70492882359899,0.341493095045965,2.06425498443565,0.0389935466832084,0.464904569504693
"ENSG00000118689",263.767459462895,-0.524206772258218,0.25421754366974,-2.06204011214594,0.0392039172193689,0.465053875163096
"ENSG00000185432",176.871611182294,0.691995900036166,0.33554028488957,2.06233329110961,0.0391760155957074,0.465053875163096
"ENSG00000130653",517.162927220275,-0.493875518510499,0.239984795299886,-2.05794503728184,0.0395954097701068,0.468348338679235
"ENSG00000163513",283.783961554915,0.543055216071836,0.263916320657792,2.05767955054205,0.0396209046548446,0.468348338679235
"ENSG00000101333",135.518683124533,-0.613774991016387,0.298469183173515,-2.05640992644647,0.0397430202972345,0.468599641308237
"ENSG00000115902",192.702090626789,-0.548122042421306,0.266594962322442,-2.05601050239787,0.0397815038933993,0.468599641308237
"ENSG00000160613",540.91353094132,0.488082629526914,0.237556366909219,2.05459712941911,0.0399179331669777,0.468789111674512
"ENSG00000170271",113.994423971566,0.662555309305628,0.322618587609599,2.05367990175255,0.0400066830361537,0.468789111674512
"ENSG00000198087",239.375558683285,-0.548993875583049,0.267305727990202,-2.05380513059253,0.0399945561828912,0.468789111674512
"ENSG00000065357",187.37641295525,0.551485301831271,0.268735779937892,2.05214691530367,0.0401553866669184,0.469713270820336
"ENSG00000186205",246.938152042987,-0.67408343998144,0.328753350470933,-2.05042302691616,0.0403231680325678,0.470856993380297
"ENSG00000115648",1808.56909346724,-0.458641302150163,0.224062088983913,-2.04693843670757,0.0406641295515962,0.473195389903176
"ENSG00000198744",949.837195254653,0.442658285484071,0.216240035463936,2.04706905700585,0.0406513046193534,0.473195389903176
"ENSG00000067057",216.217554942394,0.532151921918038,0.260935967014303,2.03939659222551,0.0414104622536995,0.477937243612431
"ENSG00000072756",122.284898077678,-0.644822205371851,0.316333944402043,-2.03842242283148,0.0415077057385678,0.477937243612431
"ENSG00000076554",886.33110167141,-0.526714341408027,0.258470895784398,-2.03780909184988,0.0415690287709296,0.477937243612431
"ENSG00000118526",102.890627223568,0.652753788105834,0.320264755795372,2.03816928429958,0.0415330061474822,0.477937243612431
"ENSG00000152332",220.409777002364,-0.585523216786869,0.287073258383617,-2.0396299539835,0.0413871962944043,0.477937243612431
"ENSG00000168734",130.652101707895,0.671977306545108,0.329696019469846,2.03817233712937,0.0415327009488673,0.477937243612431
"ENSG00000214535",215.90773018007,0.553217720525686,0.271016647594211,2.0412684070759,0.0412241555049765,0.477937243612431
"ENSG00000143578",615.859458876101,-0.563591184473636,0.276756534832185,-2.03641509247605,0.0417086911883366,0.478724670533707
"ENSG00000140682",149.015958109705,0.63822506034759,0.313524393658246,2.03564721998404,0.0417857925532374,0.478792573616822
"ENSG00000139926",205.716983005716,0.562503934374084,0.276602705982793,2.0336168887989,0.0419902376762563,0.480316902398809
"ENSG00000027001",149.980512829483,0.610142668234248,0.300282654925377,2.03189447750778,0.0421643397403174,0.481489557034592
"ENSG00000027075",172.152094491066,-0.563215550407814,0.278101779214521,-2.02521376166157,0.042845419183229,0.482890881008703
"ENSG00000076864",366.182282115091,-0.550668282314035,0.271910314915239,-2.02518349657199,0.042848525658695,0.482890881008703
"ENSG00000084207",266.780255723125,0.553907959198009,0.27330676268401,2.02668954751926,0.042694172103752,0.482890881008703
"ENSG00000120437",118.661590652324,-0.669740344757427,0.330890016237899,-2.0240572755024,0.0429642589207892,0.482890881008703
"ENSG00000120708",300.552546803633,0.542161540640624,0.267085394693214,2.02991833852755,0.0423648406826527,0.482890881008703
"ENSG00000130203",179.674726534052,0.647858497522134,0.319503474421142,2.02770407644514,0.0425904593603621,0.482890881008703
"ENSG00000134909",336.936397781982,-0.491760948636742,0.243053788838574,-2.0232597524466,0.0430463740751109,0.482890881008703
"ENSG00000164587",994.894526998375,0.445254426189406,0.21987307626321,2.02505206074613,0.0428620187305402,0.482890881008703
"ENSG00000182899",611.854117675142,0.472682613495436,0.233658369461029,2.0229646153303,0.0430767958080913,0.482890881008703
"ENSG00000198715",283.851455133137,-0.639871821371452,0.315944701738328,-2.02526523740033,0.0428401360373155,0.482890881008703
"ENSG00000220848",154.655558321223,0.60780149334575,0.300355947194156,2.0236039906107,0.0430109141159631,0.482890881008703
"ENSG00000157240",183.849498664066,0.548792748567247,0.271390029303081,2.02215516161933,0.0431603248241948,0.483022204272104
"ENSG00000049323",661.824215335495,0.525231876954047,0.260512877848651,2.01614554064075,0.0437847591541156,0.484856083194486
"ENSG00000083307",702.117636083301,-0.517479516655954,0.256896735139717,-2.01434835820127,0.0439729721600708,0.484856083194486
"ENSG00000095564",225.078412542173,-0.531307369477272,0.263601157684619,-2.01557297450471,0.0438446481431802,0.484856083194486
"ENSG00000111335",257.793069009511,-0.725348166485929,0.360076546517384,-2.01442769183777,0.0439646494219903,0.484856083194486
"ENSG00000111816",112.208117876993,-0.631393675071553,0.312768553720022,-2.0187249247466,0.0435158178998501,0.484856083194486
"ENSG00000130589",184.788184729679,-0.57295225076129,0.284271519636007,-2.0155105636151,0.0438511803452471,0.484856083194486
"ENSG00000131263",207.740879074215,-0.549135399933861,0.27240774387764,-2.01585825761445,0.0438147996013112,0.484856083194486
"ENSG00000144339",1785.39656495087,-1.73817231169758,0.860966587712704,-2.01886151739676,0.0435016149631209,0.484856083194486
"ENSG00000211895",1108.69890317981,-0.546417446908454,0.271189247816065,-2.01489347866426,0.0439158114505442,0.484856083194486
"ENSG00000011465",914.959838716288,0.477645160806566,0.237251504719538,2.0132439681308,0.0440889697945378,0.485339461273423
"ENSG00000147854",270.125365882063,-0.650932115587902,0.323463917891683,-2.01237937087584,0.0441799613887767,0.485508307521805
"ENSG00000198722",574.154336002425,-0.475846175932655,0.236536105638603,-2.0117274470549,0.0442486756632272,0.485508307521805
"ENSG00000006210",235.745479780666,0.565635178025509,0.281582914270586,2.0087695288286,0.0445615811739601,0.485771790885017
"ENSG00000076555",178.691636106179,0.585278939161096,0.291349240721162,2.00885692275148,0.0445523094520948,0.485771790885017
"ENSG00000124172",248.161463948349,0.540483777315479,0.269027523719087,2.00902781188976,0.0445341843294828,0.485771790885017
"ENSG00000125503",294.609299208042,0.498451803608353,0.248065937060235,2.0093520679033,0.0444998096606363,0.485771790885017
"ENSG00000104723",325.666492847118,-0.516497254328972,0.257407713661309,-2.00653370865399,0.0447993360417739,0.486421408823339
"ENSG00000189043",196.854071031037,0.543692646826267,0.271010279815866,2.00616982940895,0.0448381316488954,0.486421408823339
"ENSG00000227008",391.344662561575,0.500078348320008,0.249190832634348,2.006808769943,0.044770028705556,0.486421408823339
"ENSG00000166801",847.062638112223,-0.526378491047006,0.262565204640592,-2.00475341646099,0.0449894148525459,0.487276657485062
"ENSG00000163945",207.326700204328,-0.524925014227992,0.262156889247097,-2.00233156464266,0.0452490833659097,0.489301181220432
"ENSG00000157514",534.486812715772,-0.692145976335007,0.346052807317042,-2.00011663451378,0.0454876709449615,0.491091612802265
"ENSG00000109182",181.558784961533,-0.611869553884249,0.30657979618655,-1.99579216078523,0.0459565504524522,0.491420919464536
"ENSG00000134138",182.82095978968,0.580940773718346,0.291020041985845,1.99622256169767,0.045909702696632,0.491420919464536
"ENSG00000154447",495.810071806991,-0.482258452106976,0.241349341684878,-1.99817595830299,0.0456975870422085,0.491420919464536
"ENSG00000164023",146.186317512959,-0.572045171038572,0.2866134290173,-1.99587707037985,0.0459473051291036,0.491420919464536
"ENSG00000197603",141.992326738497,-0.612562778550067,0.306708219105155,-1.9972167043233,0.0458016472157762,0.491420919464536
"ENSG00000221983",712.956762429304,0.442463812088936,0.22159933565264,1.99668383835998,0.0458595388800276,0.491420919464536
"ENSG00000011347",944.269459859669,-0.594461142955907,0.2981884577828,-1.99357529589194,0.0461984873494128,0.492155846707714
"ENSG00000101443",107.323621371822,0.646666009876782,0.324395036571209,1.99345223253695,0.046211949194434,0.492155846707714
"ENSG00000179820",389.847205202191,0.504855232387374,0.253294886583532,1.99315208923842,0.0462447955871656,0.492155846707714
"ENSG00000108821",1989.039943344,0.420225129230621,0.211225939090414,1.98945797585374,0.0466506759006131,0.494319821395127
"ENSG00000167552",405.524494666135,0.510758141946587,0.256761527611946,1.9892315904839,0.046675646548334,0.494319821395127
"ENSG00000171793",109.966885982764,0.616637145511716,0.309869796976195,1.9899878966232,0.0465922687978989,0.494319821395127
"ENSG00000198034",1784.39115779977,0.426750917486359,0.214595481323733,1.98862955945738,0.0467421062157747,0.494319821395127
"ENSG00000145623",278.841446824296,0.65285280347755,0.32864299910053,1.98651060653766,0.0469766562948184,0.494467903347338
"ENSG00000162105",176.698305190335,-0.55754275399394,0.280569686174527,-1.98718101586756,0.0469023408330091,0.494467903347338
"ENSG00000171867",459.093171382683,0.474361570173455,0.238746544491463,1.98688350101091,0.046935308398765,0.494467903347338
"ENSG00000143753",445.605853132808,-0.475340747616554,0.239584313326942,-1.98402283111037,0.0472532948006658,0.49505554646305
"ENSG00000148219",421.560074846744,-0.528987324744734,0.266500598841455,-1.98493859692764,0.0471513034949217,0.49505554646305
"ENSG00000152931",180.493313981749,-0.694926359749219,0.35023712072552,-1.98415964107309,0.0472380461279767,0.49505554646305
"ENSG00000076685",222.087673489335,-0.530208506162689,0.267524497929685,-1.98190636844797,0.0474897210485992,0.496758730595456
"ENSG00000144674",513.322647226555,-0.495219160588054,0.249988873592632,-1.98096480643789,0.0475952204702428,0.497089212551014
"ENSG00000169504",648.412207789249,0.501842196713519,0.253418079718687,1.98029358154162,0.0476705496028214,0.497104056788491
"ENSG00000106483",278.436534822746,0.566093342466578,0.286076177520835,1.97882028266876,0.0478362440453096,0.49805971741293
"ENSG00000013364",280.341778216181,0.492427446542903,0.249037577077276,1.97732186572833,0.0480052596065966,0.498582207402401
"ENSG00000117519",546.689240847327,0.492324923157426,0.249018520481958,1.97706147400026,0.0480346818906863,0.498582207402401
"ENSG00000164654",253.926438776357,-0.544494349298385,0.275530766664298,-1.97616533315058,0.0481360548183519,0.498708168550609
"ENSG00000164684",419.585976494571,-0.481627077271097,0.243782318001531,-1.97564401396853,0.0481951099550842,0.498708168550609
"ENSG00000109063",109.110934487867,0.64561479432194,0.327168866197375,1.97333811687465,0.048457052943936,0.500648445623524
"ENSG00000140836",423.735169644671,-0.476450607023463,0.24170997656179,-1.97116649383177,0.0487048350487135,0.501667259628862
"ENSG00000233137",418.325736852593,-0.466171854747451,0.236425781492319,-1.97174712421368,0.0486384811783457,0.501667259628862
"ENSG00000244331",126.65974688671,0.599803263479715,0.304503288096791,1.96977598248153,0.0488640503314261,0.502537618546134
"ENSG00000133816",311.560947471167,0.566343586069599,0.287620912233059,1.96906261673592,0.0489459010248487,0.502610885943713
"ENSG00000111077",382.035820909716,0.482670439044499,0.245341763484853,1.96733907912216,0.0491441326010284,0.503101295270362
"ENSG00000131941",379.513146646795,-0.469357715499591,0.238731344421721,-1.96604981485157,0.0492928566136141,0.503101295270362
"ENSG00000182795",729.302739754287,-0.583704367493474,0.296818245933452,-1.96653802618435,0.0492364942763753,0.503101295270362
"ENSG00000197256",653.665241691322,0.480993775887831,0.244526615830766,1.96704057860401,0.0491785328023006,0.503101295270362
"ENSG00000163565",138.540687393775,0.598820601274831,0.304866484397927,1.96420607682549,0.0495061983884979,0.504319848471651
"ENSG00000184584",126.101281156621,0.599072455948187,0.305069715923501,1.96372312517055,0.0495622093130778,0.504319848471651
"ENSG00000072042",5803.86857352536,-1.1737898335991,0.598809630651621,-1.96020533658049,0.049971794998163,0.507075906232917
"ENSG00000111961",192.690871795312,-0.519430882827346,0.265088841287555,-1.95945962985252,0.0500589832355018,0.507075906232917
"ENSG00000169129",127.000394110813,0.671389883705507,0.342640698047994,1.9594574944844,0.0500592330863302,0.507075906232917
"ENSG00000131023",169.869210434582,-0.537756139472596,0.274738291549192,-1.95733960650443,0.0503075538646169,0.508801193607748
"ENSG00000138119",557.451642113288,0.467220356441359,0.238777788836812,1.95671615319577,0.0503808496792685,0.508801193607748
"ENSG00000164114",130.363805447743,-0.609945352715838,0.312016863242395,-1.95484739631522,0.0506010849973243,0.510259216929541
"ENSG00000166033",187.971762929819,0.577769473783315,0.295671981455921,1.95408936260485,0.0506906498746636,0.510397172240999
"ENSG00000013588",196.974038068223,0.715762304381577,0.366563804791647,1.9526267870021,0.0508638346839485,0.511375414176737
"ENSG00000153487",144.806448471742,-0.579024331090906,0.296656796214951,-1.95183234794782,0.0509581124000104,0.511558602988761
"ENSG00000113140",1955.01790023725,0.43086455677865,0.220950662978326,1.95004871662646,0.0511703128130034,0.512923284620359
"ENSG00000124762",288.68978650384,0.508247885612701,0.261136405698027,1.94629272105563,0.0516195874555224,0.515420440220758
"ENSG00000158710",254.040261871803,0.526655400764992,0.270628575017264,1.94604505725752,0.051649327491643,0.515420440220758
"ENSG00000187514",596.670064204509,0.494725543644381,0.254152693276836,1.94656817232899,0.0515865274697835,0.515420440220758
"ENSG00000185624",3860.32522743835,-0.403364315629824,0.207473668587306,-1.94417112482921,0.0518748185975219,0.516903747980641
"ENSG00000196562",152.141481002945,0.557961253598251,0.287151006470062,1.94309349793773,0.0520048624968496,0.51743299578966
"ENSG00000165140",208.475018033462,-0.509768793625972,0.262539917584599,-1.94168109107335,0.0521757191981401,0.518366155578567
"ENSG00000083642",185.744298824031,-0.527834933299935,0.272179983473684,-1.93928637427142,0.0524664771112076,0.520486025147466
"ENSG00000007237",102.823536841715,0.652225902538457,0.337462754483511,1.93273448365196,0.0532689148784598,0.52227304181371
"ENSG00000008394",279.744023504504,-0.525053963272609,0.271852992641127,-1.93138930777095,0.053434926420949,0.52227304181371
"ENSG00000023287",225.403632305648,-0.547594840320852,0.283446281023792,-1.93191753422543,0.0533696852130362,0.52227304181371
"ENSG00000084093",150.904460018622,-0.544986795456981,0.282251273894481,-1.93085681399165,0.0535007620888561,0.52227304181371
"ENSG00000104332",455.278560814263,0.508761237189369,0.263268485143354,1.9324805888268,0.0533002156521955,0.52227304181371
"ENSG00000111331",191.027909486758,-0.712020643312016,0.368527747125978,-1.93206793481582,0.0533511214209067,0.52227304181371
"ENSG00000132356",509.117964972771,-0.473154720667547,0.244823679243435,-1.93263462966373,0.0532812232894868,0.52227304181371
"ENSG00000137970",451.899395923199,0.453315909616086,0.234632817850564,1.9320226120491,0.0533567149961505,0.52227304181371
"ENSG00000170275",585.885891364713,0.440461481383861,0.227782269733357,1.93369519892601,0.0531506144934504,0.52227304181371
"ENSG00000175745",224.999504213513,0.496253686487067,0.256962243334071,1.93123191971008,0.0534543782827476,0.52227304181371
"ENSG00000196922",157.598965601569,-0.539787631883331,0.279248020664753,-1.93300432568281,0.0532356649270829,0.52227304181371
"ENSG00000111275",225.784504562685,0.54928715150251,0.284723944808774,1.92919198233018,0.0537070331565479,0.523015965571009
"ENSG00000134333",564.772899970267,0.468917404700936,0.243089885723268,1.92898772117055,0.0537323865907771,0.523015965571009
"ENSG00000105738",298.15733849903,-0.47926661797163,0.248817274634884,-1.92617903509677,0.0540820226433584,0.523087132255513
"ENSG00000125637",576.454064158677,-0.453284311497265,0.235551469917589,-1.92435356763366,0.0543102803390498,0.523087132255513
"ENSG00000155090",226.497576949016,0.535690363907474,0.278295966499186,1.9248944591119,0.0542425632515832,0.523087132255513
"ENSG00000156273",154.873796062572,-0.544984782574321,0.282993856553061,-1.92578308664498,0.054131464193773,0.523087132255513
"ENSG00000173064",765.780906540006,-0.420285253815931,0.218193659200849,-1.92620287571719,0.0540790469004792,0.523087132255513
"ENSG00000179362",1456.64188640023,-1.61734445339492,0.840641001183566,-1.92394190994469,0.0543618652165631,0.523087132255513
"ENSG00000184304",291.066964302717,-0.485550131305776,0.25215933484908,-1.92556873453201,0.0541582457874059,0.523087132255513
"ENSG00000240409",236.919440767364,0.567440738864022,0.294528874202852,1.9266047867117,0.0540289016671032,0.523087132255513
"ENSG00000131473",1013.58013257337,-0.465483622014293,0.242384722052059,-1.92043301274705,0.0548032269471263,0.524512131988094
"ENSG00000151552",191.303111847488,-0.540970176494386,0.281701872327852,-1.92036414960278,0.0548119186111778,0.524512131988094
"ENSG00000160959",116.329917246195,-0.60884401315297,0.316990832251871,-1.9206991218888,0.0547696503880222,0.524512131988094
"ENSG00000172071",191.442482327488,-0.511911315689502,0.266580883760039,-1.92028516249611,0.0548218895015805,0.524512131988094
"ENSG00000262580",154.68897637894,-0.611807246652253,0.3189467900796,-1.9182110172658,0.0550842598170684,0.526273766377276
"ENSG00000060656",157.77230025258,0.546438166769022,0.285206852269087,1.91593631927703,0.055373201844163,0.52770783681173
"ENSG00000143387",178.883107562862,0.570941054928617,0.298017924391823,1.91579434724861,0.0553912775481834,0.52770783681173
"ENSG00000184779",115.712573908516,0.602772763684634,0.314854400807542,1.91444922522485,0.0555627809551865,0.527846419074272
"ENSG00000225946",289.83371492233,0.506423668525361,0.264508213744693,1.91458579435332,0.0555453481999075,0.527846419074272
"ENSG00000132388",273.467256885627,-0.480719830626538,0.251228185896981,-1.91347889135203,0.055686773290869,0.528278190626777
"ENSG00000005810",295.07348600191,-0.492267827226709,0.257523544455231,-1.91154493569921,0.0559345878936853,0.529136481255875
"ENSG00000173542",122.09551382436,-0.579869380916215,0.30328716842656,-1.91194828295754,0.0558828278243208,0.529136481255875
"ENSG00000019144",342.693297636081,0.498181538657325,0.261265856189513,1.90679925009398,0.0565465885040562,0.534174654885227
"ENSG00000133805",173.943579314667,-0.527856414846448,0.277035611472108,-1.90537386887387,0.056731489488755,0.534435450864936
"ENSG00000137558",1100.81193132568,-0.582271607215894,0.305596415503385,-1.90536137754353,0.0567331120900334,0.534435450864936
"ENSG00000166444",254.767925032072,0.507501201997941,0.266500410244539,1.90431677584384,0.0568689406844845,0.534965727334045
"ENSG00000133678",238.449181736242,-0.555349529467874,0.291859626282173,-1.90279668531802,0.0570670799124644,0.536079859624631
"ENSG00000064042",682.276121124828,-0.443791960286988,0.233518721890395,-1.9004555895749,0.0573733577410336,0.536708211635872
"ENSG00000128585",164.098203472749,-0.563682540227665,0.296588983644951,-1.9005511711873,0.0573608264028488,0.536708211635872
"ENSG00000158270",279.519729493754,-0.514123164180567,0.270487598573109,-1.90072730466275,0.0573377401809447,0.536708211635872
"ENSG00000112972",264.314320504569,-0.520828975229426,0.274489855045026,-1.89744344155813,0.057769436758842,0.538167910858687
"ENSG00000164647",305.04139690198,-0.53635965115377,0.282633473234071,-1.89772161455755,0.0577327637089263,0.538167910858687
"ENSG00000246763",144.384054159553,-0.603748015868719,0.31799827058313,-1.89858899157406,0.0576185369386214,0.538167910858687
"ENSG00000174804",273.896732040861,-0.525312288282663,0.277048363306244,-1.89610320022715,0.0579463995163414,0.539069824546213
"ENSG00000188257",926.647955146853,0.555602250895748,0.293604281102639,1.89235064560084,0.0584442772184901,0.542950564325365
"ENSG00000102910",574.165610965898,-0.426148749695745,0.225348855215867,-1.89106241204344,0.0586160133626999,0.543794904658647
"ENSG00000104549",118.703795877543,-0.579856510111399,0.307000000075607,-1.88878342009314,0.0589208552947507,0.544076175591996
"ENSG00000155254",167.594909109727,0.537364433400663,0.284322030049743,1.8899852160828,0.0587599373417767,0.544076175591996
"ENSG00000174469",452.391576141688,-1.29153218830071,0.683922943515339,-1.88841769463426,0.0589698977113537,0.544076175591996
"ENSG00000247627",1940.62219153903,0.407341224586155,0.215692087826683,1.88853114034238,0.0589546814418743,0.544076175591996
"ENSG00000072364",513.080836146993,-0.443974883274207,0.23528018545235,-1.88700498692918,0.0591596549013525,0.54487395969497
"ENSG00000133019",179.470347108194,-0.617372745484076,0.327762623683301,-1.88359715499656,0.0596194869864652,0.54487395969497
"ENSG00000175899",2569.76914833222,0.525328837956378,0.278839213325983,1.88398479428441,0.0595670323000004,0.54487395969497
"ENSG00000178038",116.335161552861,0.601490220946379,0.319249368934675,1.88407646020893,0.0595546338227961,0.54487395969497
"ENSG00000187097",1387.63279095463,-0.460998186046989,0.244747304665721,-1.88356797913108,0.0596234365648972,0.54487395969497
"ENSG00000197629",150.386494555485,0.547208427931231,0.290212326180708,1.88554509428555,0.0593562822469008,0.54487395969497
"ENSG00000242899",203.729416174582,-0.527152126409255,0.279699847777318,-1.88470651878561,0.0594694717788805,0.54487395969497
"ENSG00000092969",159.382404397627,0.582878216547624,0.310219862475972,1.87891971808469,0.060255456024604,0.546713480204582
"ENSG00000100852",239.330696426397,-0.51320591722877,0.273556108351684,-1.87605358301483,0.060647922525573,0.546713480204582
"ENSG00000101224",108.587586368701,0.576798104616052,0.307353931328567,1.87665764391815,0.0605650313576323,0.546713480204582
"ENSG00000133657",237.159358231085,-0.484349422861827,0.258072250925231,-1.87679776157784,0.060545817385872,0.546713480204582
"ENSG00000135929",133.133683295622,0.612658886757459,0.325900195589683,1.87989726624409,0.0601220805635362,0.546713480204582
"ENSG00000146555",119.630746440851,-0.63430840146382,0.338056533073456,-1.87633824347951,0.0606088488015407,0.546713480204582
"ENSG00000147364",183.506540157304,-0.509200553122778,0.270840697199274,-1.88007400065186,0.0600979932872956,0.546713480204582
"ENSG00000147408",528.326968804795,-0.4402434601012,0.234729252310618,-1.87553726588207,0.0607188477122841,0.546713480204582
"ENSG00000176014",195.751425648355,0.558923553101507,0.297511348563914,1.87866296798233,0.0602905273356259,0.546713480204582
"ENSG00000181852",313.414203574965,-0.477798630578574,0.25468126863611,-1.87606506413809,0.060646346173149,0.546713480204582
"ENSG00000198911",684.518233945866,-0.408395155314443,0.217432465919427,-1.87826207823895,0.0603453215370128,0.546713480204582
"ENSG00000102158",440.462228388116,-0.446219553950337,0.238435060074189,-1.87145109369191,0.061282582602786,0.549582200781785
"ENSG00000116641",159.741986367461,-0.519890543288879,0.277765370740659,-1.87168955547841,0.0612495653582545,0.549582200781785
"ENSG00000136152",302.578931237087,-0.460362975292268,0.245922439364882,-1.87198442110935,0.0612087588507937,0.549582200781785
"ENSG00000133104",172.426177022929,0.572308934385743,0.305919240740039,1.87078437106895,0.0613749747521328,0.549677869750792
"ENSG00000136999",608.745049707787,-0.515713995316327,0.276054255504703,-1.8681617291987,0.0617395314379246,0.550013362187392
"ENSG00000141756",200.576346410702,0.498439275807788,0.266600709646578,1.86960971134904,0.0615380357073087,0.550013362187392
"ENSG00000166575",142.640975462,-0.554743427365796,0.296897487148552,-1.86846791023271,0.0616968789730343,0.550013362187392
"ENSG00000196735",154.584828966278,0.591489413447227,0.316423708738279,1.86929549560542,0.0615817144685357,0.550013362187392
"ENSG00000125868",1642.00357597682,0.413011143197369,0.221296583428743,1.86632408326519,0.061996037323312,0.55083807716457
"ENSG00000148672",482.925208863673,-0.447151847770337,0.239537623477512,-1.86672908113041,0.0619394304893485,0.55083807716457
"ENSG00000187605",179.889553466165,-0.535820000563015,0.287189048884549,-1.86573966745653,0.0620777969804852,0.55083807716457
"ENSG00000115109",149.766715941552,-0.573090437311941,0.307273988298984,-1.86507956786213,0.0621702520596394,0.550931640781468
"ENSG00000001561",165.075739651207,-0.51779269915719,0.277834407379395,-1.86367377619332,0.0623675301879815,0.551952642163636
"ENSG00000105373",431.183351313284,0.431897872867211,0.232314505400753,1.85910850517994,0.0630117599639114,0.556921284516778
"ENSG00000005700",244.111794642557,-0.465854511241483,0.251740170949717,-1.85053704176015,0.0642361843396378,0.558357270101761
"ENSG00000112200",196.980867486062,-0.495235139759936,0.267362173380499,-1.85230069571262,0.0639826558774766,0.558357270101761
"ENSG00000113161",203.507892804643,-0.566074115724255,0.305137260875495,-1.85514582552155,0.063575405376285,0.558357270101761
"ENSG00000113721",435.996266509942,0.445927382216737,0.240983966727769,1.85044419457368,0.0642495542390771,0.558357270101761
"ENSG00000127241",199.629196877206,0.717707994837233,0.386479396572725,1.85704076647247,0.0633053543822323,0.558357270101761
"ENSG00000140092",210.025108131743,0.51835848940763,0.280130585614168,1.85041732687333,0.0642534235888735,0.558357270101761
"ENSG00000187164",271.866407350353,-0.488532447341803,0.263392700250682,-1.85476836251288,0.0636293117286243,0.558357270101761
"ENSG00000197563",153.511430565205,-0.521224723677561,0.281045499223843,-1.85459196150451,0.063654516901815,0.558357270101761
"ENSG00000197958",659.672710688456,0.431793258862304,0.232721113154434,1.85541076617215,0.0635375911375468,0.558357270101761
"ENSG00000213366",183.83416958387,0.542008042128818,0.292496835635962,1.85303899425221,0.0638767697557436,0.558357270101761
"ENSG00000213563",117.265999148722,-0.660534644186504,0.356704724180359,-1.85176870226289,0.064059043722703,0.558357270101761
"ENSG00000254285",152.909488043005,-0.528890545879344,0.285381682419594,-1.85327432859451,0.0638430487458095,0.558357270101761
"ENSG00000256618",119.193749099585,0.605811716916852,0.326891967920413,1.85324748347548,0.0638468946343741,0.558357270101761
"ENSG00000154556",461.11548298084,-0.421265234042432,0.227910264914422,-1.84838201210732,0.0645470990425222,0.559899189604806
"ENSG00000176903",235.316638031368,0.496183619789393,0.268492614467269,1.84803451958594,0.0645973492615714,0.559899189604806
"ENSG00000168487",130.744886266511,0.561482541299849,0.304000790736956,1.84697723956147,0.0647504390569015,0.560503800639279
"ENSG00000106460",221.06253808818,-0.501509736026593,0.271824049394466,-1.84497926928758,0.0650405543107458,0.561774616911869
"ENSG00000113569",124.198316381001,-0.556635198895957,0.301775945964205,-1.84453136951473,0.0651057385075526,0.561774616911869
"ENSG00000159840",423.524193049287,0.464847133693167,0.252209814641195,1.84309692449709,0.0653148603070297,0.561774616911869
"ENSG00000162601",212.96051195181,-0.529366072690363,0.28715638356443,-1.84347659668721,0.0652594556393855,0.561774616911869
"ENSG00000169562",185.62763819701,-0.628034036633861,0.340690343514113,-1.84341601865168,0.0652682930496781,0.561774616911869
"ENSG00000095951",139.584251305763,-0.543580712242227,0.295155610001605,-1.84167501420444,0.065522701094567,0.562842512850648
"ENSG00000115020",218.044100643037,-0.48218440899653,0.262189201407157,-1.83907043619138,0.0659048267090008,0.565402888322372
"ENSG00000166341",188.900750188488,0.507814518332806,0.276428796001398,1.83705361264258,0.0662019811775685,0.567228694777485
"ENSG00000071553",809.046163496634,-0.433770000529608,0.236545833296611,-1.83376724283997,0.0666885521746037,0.568280809945349
"ENSG00000132294",425.451319383009,-0.450945748094208,0.245768865046494,-1.83483676017668,0.0665298801105408,0.568280809945349
"ENSG00000137154",2041.09142286008,0.381258811164964,0.207750403150892,1.83517723856377,0.0664794325211023,0.568280809945349
"ENSG00000172348",119.133371614809,0.649986573083195,0.354497159225808,1.83354522361395,0.0667215296591841,0.568280809945349
"ENSG00000226666",144.155781943397,-0.595038753801261,0.324559696531877,-1.83337228916474,0.0667472256700604,0.568280809945349
"ENSG00000130396",711.454265397182,-0.408102557238071,0.222699038289581,-1.83252949977901,0.0668725708428765,0.568628206686709
"ENSG00000095203",217.817613271289,-0.479998302370487,0.262097020915159,-1.83137641433118,0.0670443791885313,0.569369311138967
"ENSG00000039068",1913.81264509337,-0.38639847233411,0.211351148628979,-1.82822981961844,0.067515067443641,0.570032626769421
"ENSG00000101557",366.353838200186,-0.439462049463105,0.240640848257038,-1.82621551015187,0.0678178059532659,0.570032626769421
"ENSG00000110237",314.814022630402,0.508062421728559,0.277739745099245,1.8292751782681,0.0673583951669852,0.570032626769421
"ENSG00000130529",741.34802016628,-0.463177604746277,0.253634139801922,-1.82616427389467,0.0678255209905342,0.570032626769421
"ENSG00000149499",177.225490965192,0.499298185676452,0.273402951177643,1.82623553815274,0.0678147903793877,0.570032626769421
"ENSG00000162522",803.475506262508,-0.400249074954691,0.218947590388544,-1.82805882560484,0.0675407235437861,0.570032626769421
"ENSG00000180917",132.312197675373,-0.539352130676025,0.295159376110167,-1.82732508038205,0.0676509064339279,0.570032626769421
"ENSG00000189180",280.544567469843,-0.469144429167396,0.256603821241409,-1.82828309764738,0.0675070751974993,0.570032626769421
"ENSG00000198589",522.403561274962,-0.409248977600939,0.224151708422236,-1.82576782698454,0.0678852414573753,0.570032626769421
"ENSG00000047346",236.838145298575,-0.469969962913734,0.257735949516312,-1.82345522149982,0.0682344731726672,0.57033349385514
"ENSG00000054267",202.436082795439,-0.490511378250489,0.268801247972222,-1.82481064336866,0.0680296091663688,0.57033349385514
"ENSG00000090924",130.618158396268,0.555053507240968,0.304386795233205,1.82351375267681,0.0682256160641178,0.57033349385514
"ENSG00000096696",948.680745777848,-0.397698542061274,0.218188995659852,-1.82272502267379,0.0683450484756532,0.57033349385514
"ENSG00000167972",192.437132452373,-0.485950536963347,0.266586094800668,-1.82286528232729,0.0683237972847149,0.57033349385514
"ENSG00000065882",208.490017505248,0.47832775273787,0.262720237143019,1.8206734202873,0.0686565148690248,0.570808058107615
"ENSG00000106211",456.208765645178,0.440806592865929,0.242097663484936,1.82078003777743,0.068640299924665,0.570808058107615
"ENSG00000172954",131.02020385248,-0.556254839997833,0.305399781764567,-1.82139894398042,0.0685462355910127,0.570808058107615
"ENSG00000138613",136.870545489633,-0.530265554647207,0.29135760102406,-1.81998188062861,0.0687617642737884,0.570977316673458
"ENSG00000055332",352.202097952763,-0.491127337844256,0.270221518806311,-1.81749899124905,0.069140742626609,0.571302991285715
"ENSG00000067113",966.46148544498,-0.413235713208197,0.227334386480417,-1.81774398323939,0.0691032718913502,0.571302991285715
"ENSG00000162512",372.041190952261,0.44542736612084,0.244901729262728,1.8188004121563,0.0689418855033475,0.571302991285715
"ENSG00000163131",142.865041793009,0.629611104373537,0.346207216398927,1.81859613130666,0.0689730684919963,0.571302991285715
"ENSG00000101384",966.392763818059,-0.576837014872959,0.317740954529823,-1.81543174290054,0.0694575866280222,0.571562667638186
"ENSG00000163531",319.315882951898,0.469038921003884,0.258233097641701,1.81633928914363,0.0693183418825009,0.571562667638186
"ENSG00000211689",1139.82572637604,-1.31225865112232,0.722681905605482,-1.81581777673384,0.0693983294426929,0.571562667638186
"ENSG00000249264",485.065499581555,0.41422730544972,0.22821473263379,1.81507697013768,0.0695120817912632,0.571562667638186
"ENSG00000099889",148.187942372471,-0.5357285526073,0.295742728472384,-1.81146821554845,0.0700684048372912,0.574427535238397
"ENSG00000151090",177.481346557899,-0.497417386106716,0.274618001898591,-1.81130655189313,0.0700934120551649,0.574427535238397
"ENSG00000179119",119.955242995272,-0.562805185090923,0.310743633099555,-1.8111559663416,0.070116712225799,0.574427535238397
"ENSG00000071575",209.702118295799,0.471354985813855,0.26035563669176,1.81042742843283,0.0702295290042484,0.574606315019239
"ENSG00000120137",191.153793361048,-0.484898712236125,0.267912829430638,-1.80991225118491,0.0703093959650362,0.574606315019239
"ENSG00000170899",156.754140347295,0.545299989545682,0.30163053078769,1.80784083136964,0.0706312768114918,0.576536368730696
"ENSG00000077147",1635.23606254837,-0.377587179180137,0.208947625261031,-1.80709007201412,0.0707482363662728,0.576791076120667
"ENSG00000163681",446.153647461103,0.465729846907557,0.257898254304953,1.8058666126404,0.0709391773634916,0.577647587102718
"ENSG00000012171",120.315727010455,0.599327576329613,0.332511923566357,1.80242431580054,0.0714786723793506,0.578149823946422
"ENSG00000113407",308.069079940277,-0.4443180552132,0.246441098820655,-1.80293813547938,0.0713979309954104,0.578149823946422
"ENSG00000113916",187.857451486931,0.544081353571896,0.301456642128098,1.80484115304614,0.0710995425453106,0.578149823946422
"ENSG00000119314",213.711109965557,-0.477983089288016,0.265203392090563,-1.80232645412315,0.0714940587971708,0.578149823946422
"ENSG00000154723",107.767841641479,0.563650387826567,0.312390336276943,1.80431441812232,0.07118203077498,0.578149823946422
"ENSG00000164715",207.527523743942,-0.48627840239089,0.269961942135003,-1.80128502019633,0.0716579676683642,0.578149823946422
"ENSG00000186340",202.419148379869,0.710268986218627,0.394292189678623,1.80137726490993,0.0716434370696555,0.578149823946422
"ENSG00000211897",498.492299305185,-0.555577698987548,0.308467286901375,-1.80109114508852,0.071688515190502,0.578149823946422
"ENSG00000238103",204.481584829658,0.478558933542986,0.265814387087134,1.80035000658604,0.0718053894817413,0.578398861861308
"ENSG00000181192",214.105677083769,-0.536261087576367,0.298095248533333,-1.79895885699232,0.0720251891474547,0.579475385413613
"ENSG00000119899",233.38977247798,-0.479838003738378,0.267127620329027,-1.79628749414737,0.0724488057556317,0.582187177434144
"ENSG00000132821",276.119799211088,-0.496002400642574,0.27641808290532,-1.79439201455017,0.0727506206009833,0.5839148856351
"ENSG00000081181",374.904027901832,-1.35484295293765,0.755953907484059,-1.79222957844982,0.073096198457428,0.585726626016912
"ENSG00000100596",207.94272024977,-0.48002742798623,0.267970069133448,-1.79134718119276,0.0732375992388081,0.585726626016912
"ENSG00000100612",917.70131673093,-0.513477868652831,0.286570857093592,-1.79180072202922,0.0731648931330205,0.585726626016912
"ENSG00000018625",164.711560562395,0.663194404495252,0.370501872959919,1.78998934390541,0.0734556244898807,0.586076548421041
"ENSG00000154930",566.878306435056,-0.4390001206318,0.245250052492899,-1.7900103024219,0.0734522551931327,0.586076548421041
"ENSG00000110066",252.48038974278,-0.449401120870515,0.251324920369004,-1.78812797477739,0.0737553631937543,0.586675106555014
"ENSG00000117335",1492.47986758656,-0.373870463168004,0.209107251572963,-1.7879363836292,0.0737862720508061,0.586675106555014
"ENSG00000149177",210.96292169536,-0.474492218644071,0.2654604885772,-1.78743066882468,0.0738679084604225,0.586675106555014
"ENSG00000179979",174.609461358171,-0.515137213778466,0.288211445972671,-1.78735862498436,0.0738795443431604,0.586675106555014
"ENSG00000131002",419.917073871607,-0.455773689044437,0.255217506996794,-1.78582454788324,0.0741276707586274,0.587258790957041
"ENSG00000179889",968.387756716033,-0.386908377752107,0.216618404933934,-1.78612882811185,0.0740784014486165,0.587258790957041
"ENSG00000235655",146.779324385244,-0.506750961002564,0.284090841185981,-1.78376380909379,0.0744620526534362,0.589213842525896
"ENSG00000103978",603.151407226369,-0.392882318471242,0.220570685754785,-1.78120821960912,0.0748784413697824,0.589745013234329
"ENSG00000114867",1612.00525923147,-0.397663246076973,0.223091576904073,-1.78251125208534,0.0746658979612138,0.589745013234329
"ENSG00000120693",212.52481477826,-0.469757791292285,0.263777928652135,-1.78088361559542,0.0749314657810067,0.589745013234329
"ENSG00000166086",178.609168055873,0.484196619544994,0.271919351534795,1.78066260018657,0.0749675864280926,0.589745013234329
"ENSG00000168056",763.45639818914,0.390011811018053,0.218856249820974,1.78204557254858,0.0747418003537197,0.589745013234329
"ENSG00000197045",117.530937737255,-0.53554869060584,0.300952314549428,-1.77951344686496,0.0751556223068457,0.590533546303556
"ENSG00000005156",180.049684597285,-0.486298426160695,0.273481768879267,-1.77817493339155,0.0753751284922208,0.591384553279139
"ENSG00000198695",8543.00717419412,0.392443008313928,0.220748752602859,1.77778131784037,0.0754397779829768,0.591384553279139
"ENSG00000145495",734.552989156338,-0.417357158861973,0.234942704604831,-1.77642101960118,0.0756635491110899,0.591759338745571
"ENSG00000159692",500.977233574282,-0.402004378887487,0.226243380425001,-1.77686692150867,0.0755901379666551,0.591759338745571
"ENSG00000164190",261.06922428466,-0.472905835904601,0.266449670298259,-1.77484113744723,0.0759241217183062,0.592419539068825
"ENSG00000204257",153.73258195321,0.57327570982319,0.322975294886909,1.77498316093782,0.0759006676363336,0.592419539068825
"ENSG00000010327",245.150287363155,0.524622575002639,0.295682562817877,1.77427633879708,0.0760174523730222,0.592460468900286
"ENSG00000057704",166.98340346194,-0.524347491951127,0.295730099384088,-1.77306095335976,0.0762186072380596,0.59334068551295
"ENSG00000085063",911.633648963435,0.377637389998716,0.213354094467429,1.77000301279134,0.0767266388371021,0.596605055281328
"ENSG00000139083",210.655726988121,0.482141171293891,0.272634584953082,1.76845197896248,0.0769853734481845,0.597925660291558
"ENSG00000234797",398.554871582582,0.410357384300986,0.232219190625604,1.76711228385335,0.0772094257042748,0.598974160653924
"ENSG00000055917",570.842456149713,-0.392596803498987,0.222451662442528,-1.76486342780386,0.0775867214999835,0.600936896308702
"ENSG00000169908",320.486415479777,0.442630163742304,0.250847348763227,1.76453993205286,0.0776411184793729,0.600936896308702
"ENSG00000071794",162.984850611643,-0.500597457086704,0.283932886654338,-1.76308374484332,0.0778863663783672,0.601419906326492
"ENSG00000077238",220.154070493771,0.509709898733782,0.289026274824784,1.76354173696762,0.0778091644262812,0.601419906326492
"ENSG00000105270",122.689059207717,0.532359241510853,0.302292495307877,1.76107329746529,0.0782259978751728,0.601419906326492
"ENSG00000139218",237.301380870425,-0.470762433166478,0.267328221083198,-1.76099040819176,0.0782400264697711,0.601419906326492
"ENSG00000149260",186.566855664673,-0.541110915378265,0.307135593497929,-1.76179813357228,0.0781034102142533,0.601419906326492
"ENSG00000230551",201.96440746087,-0.473730084842019,0.268974351880828,-1.76124631039881,0.0781967228996191,0.601419906326492
"ENSG00000150764",180.692155893108,0.499855016861883,0.284140496157331,1.75918260023418,0.078546498654215,0.601949904648594
"ENSG00000165997",129.362243903619,-0.573950149432564,0.326293383708977,-1.75900026812825,0.07857746302133,0.601949904648594
"ENSG00000169071",108.986313230056,0.622613522572649,0.353860393305424,1.75948914982203,0.0784944615594724,0.601949904648594
"ENSG00000115415",918.2624100202,-0.529785511554575,0.301461290339314,-1.75739150773974,0.078851099826655,0.602795899101509
"ENSG00000130164",390.379029710082,-0.423638895873226,0.241074112193004,-1.75729733906086,0.0788671411253832,0.602795899101509
"ENSG00000149428",1339.07155737633,-0.369380411032745,0.210337789919189,-1.75612956271272,0.0790662883461232,0.603112684502117
"ENSG00000154065",155.933023670929,-0.713717049063014,0.406444134106032,-1.75600282836612,0.0790879256215979,0.603112684502117
"ENSG00000099204",271.812995134395,0.440539976309471,0.250957641692485,1.75543559199243,0.0791848285563137,0.60316778807448
"ENSG00000137962",324.51826704098,-0.443554847940967,0.252916530813735,-1.75375981361863,0.0794716716568724,0.604667945208285
"ENSG00000122585",5039.16891678424,-2.56768936094657,1.4645968177114,-1.75317147347,0.0795725780272008,0.604751593006726
"ENSG00000176788",485.011010839583,-0.445122793330949,0.254135057990597,-1.75152061604746,0.0798562732872762,0.605539226753348
"ENSG00000243244",196.770413390557,-0.461270424921501,0.263297302630334,-1.75189954592554,0.0797910826586738,0.605539226753348
"ENSG00000118785",120.957084856844,0.774326272967106,0.442490450496632,1.74992764724761,0.0801307993210249,0.60693666242479
"ENSG00000082512",137.649295598932,0.527405009738315,0.302301077006047,1.7446349016076,0.0810484415009625,0.612053523347151
"ENSG00000103769",857.332207142912,-0.373251925193058,0.214028520436972,-1.743935455102,0.0811703453502318,0.612053523347151
"ENSG00000178425",200.180668428075,-0.467213667518425,0.267900956309526,-1.7439790956872,0.0811627350491956,0.612053523347151
"ENSG00000178904",260.983529950102,-0.453191481231381,0.259665736515913,-1.74528795101008,0.0809347582279183,0.612053523347151
"ENSG00000099246",591.132166120195,-0.392898278989349,0.225458146481825,-1.74266614500453,0.0813919486279741,0.61303723009155
"ENSG00000153827",690.670278576923,-0.41780566373919,0.23993376894429,-1.74133747649419,0.0816244407271471,0.613574763167945
"ENSG00000162413",234.069147950383,0.479874438434715,0.275597342806395,1.74121576626311,0.0816457646499124,0.613574763167945
"ENSG00000159216",168.920219899618,0.532173548235265,0.305893632709034,1.73973398374548,0.081905739132835,0.61417198587994
"ENSG00000184557",255.727332986831,0.619880189037418,0.356416367631632,1.73920236367507,0.0819991738507562,0.61417198587994
"ENSG00000196126",435.058088536854,0.497780792017828,0.286168924757554,1.73946487180449,0.0819530260185507,0.61417198587994
"ENSG00000117500",237.425739217559,-0.439669076203657,0.253179936143243,-1.73658735720236,0.0824600326951509,0.61436594069335
"ENSG00000157625",264.250308405991,-0.430963003680281,0.248182355902291,-1.73647720489023,0.0824794915169588,0.61436594069335
"ENSG00000159352",191.127591090369,0.464265754029444,0.267442280606793,1.73594748360687,0.0825731207830491,0.61436594069335
"ENSG00000162909",655.887734554784,0.401997519823804,0.231359780682814,1.73754279433264,0.0822914072171608,0.61436594069335
"ENSG00000181789",1236.54775882435,-0.374212191563864,0.215287448815621,-1.73819790063262,0.0821759489058635,0.61436594069335
"ENSG00000205277",314.080244271507,0.49580831210145,0.285575707180256,1.73617117855369,0.082533571762453,0.61436594069335
"ENSG00000167283",175.012421274437,0.474546755531975,0.273557791328294,1.73472213395113,0.0827900338888874,0.615299191090228
"ENSG00000075420",384.725339532403,-0.471851348637743,0.27233432754235,-1.73261796592413,0.0831635938490995,0.616653107779005
"ENSG00000120833",286.341656519969,0.425864353462587,0.245859133241731,1.73214778661028,0.0832472527302017,0.616653107779005
"ENSG00000232573",1041.97674095269,0.385783458633097,0.222678398627462,1.73246916185394,0.0831900631478671,0.616653107779005
"ENSG00000113742",157.205290327122,-0.525020300558198,0.303504930308758,-1.72985756779664,0.0836557260474043,0.61899715444977
"ENSG00000173020",596.129595176209,-0.389522623917911,0.225529844868989,-1.72714446792701,0.0841417211253261,0.620549358881998
"ENSG00000180867",1007.09034715622,-0.367886203747889,0.212944550151478,-1.72761502224966,0.0840572677438654,0.620549358881998
"ENSG00000212907",6848.95030484541,0.343755671689096,0.199031583161027,1.72714132214373,0.0841422859501014,0.620549358881998
"ENSG00000125691",894.525045377864,0.397394882799446,0.230360666058563,1.72509868806518,0.0845096889450145,0.622289508325457
"ENSG00000184702",122.383155955668,-0.525778967090077,0.30483450579959,-1.72480134986997,0.0845632784135397,0.622289508325457
"ENSG00000181885",243.804533426841,-0.439363776436228,0.255009418224555,-1.72293156658761,0.0849009011011218,0.624091213995787
"ENSG00000136938",259.204413293898,0.43349681105983,0.25174446107164,1.72197159458642,0.0850746642429073,0.624685798796719
"ENSG00000104133",381.171835346022,-0.409591307343189,0.23795628103409,-1.72128806839316,0.0851985635287856,0.624753377676219
"ENSG00000120519",171.055690074516,-0.555718480152249,0.323016761181122,-1.72040137521114,0.0853595072024139,0.624753377676219
"ENSG00000130827",304.577714131585,-0.42511981924713,0.247146694671441,-1.72011128780131,0.0854122142945393,0.624753377676219
"ENSG00000147050",166.529085599381,-0.47666009361138,0.277215769122017,-1.71945519232558,0.0855315198394454,0.624753377676219
"ENSG00000196950",196.729241076618,-0.634148989398463,0.368827872854119,-1.71936297680324,0.0855482992625331,0.624753377676219
"ENSG00000131469",485.500531584346,0.434609143250236,0.252949597104773,1.71816499502159,0.0857665244535252,0.624805965565246
"ENSG00000177694",124.870597907432,-0.512614143007408,0.298414199009395,-1.71779407517827,0.0858341826021836,0.624805965565246
"ENSG00000210196",177.162079400776,0.502847184615974,0.292705609218155,1.71792807783604,0.0858097346870029,0.624805965565246
"ENSG00000066777",315.546071437568,-0.419969027960222,0.244737227653384,-1.71599977652364,0.0861620833237946,0.626514781011722
"ENSG00000198755",843.801955636013,0.37719004718986,0.219959571395499,1.71481533991377,0.0863790881776567,0.627095351589937
"ENSG00000217128",113.001214762775,-0.521894937748398,0.304392399479477,-1.71454654794554,0.0864283959149378,0.627095351589937
"ENSG00000005889",200.97900600287,-0.453006478034665,0.26485193594687,-1.71041407122483,0.0871893308185384,0.627921274133401
"ENSG00000132182",278.694890056671,-0.431161497144803,0.251830125493545,-1.71211246589263,0.0868759445035123,0.627921274133401
"ENSG00000143878",696.456009182694,0.394683669532306,0.230605940869316,1.71150694576413,0.0869875700848994,0.627921274133401
"ENSG00000183036",384.275304590299,1.23212971595514,0.720383839830361,1.71037945027374,0.0871957285222415,0.627921274133401
"ENSG00000184254",1002.73459481944,-0.364793458326315,0.213163012745798,-1.7113356281999,0.0870191728991092,0.627921274133401
"ENSG00000214357",163.294620150627,0.505368572574484,0.295288709314348,1.71143886181065,0.0870001283679401,0.627921274133401
"ENSG00000224411",228.84257745765,-0.437402980411941,0.255513192936572,-1.71186064948326,0.0869223519510376,0.627921274133401
"ENSG00000167106",198.214196315843,0.499991041000361,0.292529073762845,1.70920119005233,0.0874136885157641,0.628145800167767
"ENSG00000180182",258.534919145999,-0.434316934266044,0.2540405137512,-1.70963649794615,0.0873331121117065,0.628145800167767
"ENSG00000114853",145.882344833774,0.506639857664005,0.296626754888317,1.70800458594761,0.0876354915508455,0.628396925555423
"ENSG00000198862",166.093179293526,-0.482709263500331,0.282586876421728,-1.70818004577093,0.0876029398682565,0.628396925555423
"ENSG00000092621",310.000438282784,-0.512785152410776,0.300440597461001,-1.70677716907862,0.0878634775219488,0.628691223204923
"ENSG00000188549",183.70323708981,0.458874811450832,0.268824209791919,1.70696981423667,0.0878276631225844,0.628691223204923
"ENSG00000249242",128.039723721655,-0.594439670041176,0.348388614675941,-1.70625458180975,0.0879606903272127,0.628717962955189
"ENSG00000140403",359.37149439458,-0.44004652664707,0.258611074073315,-1.70157650140813,0.0888347856464426,0.632278061648648
"ENSG00000151458",204.630829455699,-0.46106616128994,0.270822140813602,-1.70246849059242,0.0886675803413673,0.632278061648648
"ENSG00000159140",1126.6105582614,-0.365988801300436,0.215013301646526,-1.70216818446938,0.0887238450311031,0.632278061648648
"ENSG00000231389",484.356668153564,0.441910008411171,0.259638567640234,1.7020198979972,0.0887516382651701,0.632278061648648
"ENSG00000181523",361.960042329963,-0.419377571427497,0.246611532622355,-1.70055944654342,0.0890257446845957,0.632967398254324
"ENSG00000122482",122.299466424648,-0.516684956904095,0.304338973956579,-1.69772852351738,0.0895590116818295,0.634745956345612
"ENSG00000160789",700.997849383572,0.383060565156171,0.225569685513094,1.69819168867855,0.0894715887074105,0.634745956345612
"ENSG00000172466",416.70831566883,-0.402491905305504,0.237064261356516,-1.69781772673109,0.0895421691234026,0.634745956345612
"ENSG00000164104",114.451699757101,0.516444073903025,0.304473120507282,1.69618938132397,0.0898500207744315,0.635469232101815
"ENSG00000180921",236.976064157504,-0.43407048296786,0.255841468667114,-1.69663848956655,0.0897650283204017,0.635469232101815
"ENSG00000170471",403.761398752883,-0.420915836296546,0.248275232920202,-1.69535974791264,0.0900071968919491,0.635912191486607
"ENSG00000014123",213.474250745563,-0.438671546587565,0.259352713240182,-1.69140912816023,0.0907586901059998,0.639207277123513
"ENSG00000096060",582.890772002409,-0.548747910256682,0.324338463647288,-1.69189896284837,0.0906652397891774,0.639207277123513
"ENSG00000197774",193.226628051015,-0.458323655816523,0.270927484756758,-1.691683869682,0.0907062655761315,0.639207277123513
"ENSG00000196323",171.910596754628,-0.467717267907743,0.276652587748232,-1.69063037405379,0.0909074197425966,0.639585047268519
"ENSG00000104490",318.384769839845,-0.431193246265779,0.255763870325406,-1.68590366464652,0.091814355991036,0.644064432783639
"ENSG00000135373",663.964518782828,-0.37440652172178,0.222354022653227,-1.68383066451506,0.0922143991630455,0.644064432783639
"ENSG00000144320",126.483928292964,-0.502356333358957,0.297887921569742,-1.68639376417733,0.0917199817262856,0.644064432783639
"ENSG00000163378",166.91396956579,0.49202939846933,0.291971600089679,1.68519608865453,0.0919507454586268,0.644064432783639
"ENSG00000165475",237.940366016908,-0.438819533901914,0.260579348119382,-1.68401501143089,0.092178767666456,0.644064432783639
"ENSG00000178464",549.945034783753,-0.443481402302846,0.26336161984244,-1.68392570856819,0.0921960271904333,0.644064432783639
"ENSG00000228794",174.621563540655,-0.476305493947197,0.282667564157668,-1.68503767089994,0.0919813037105185,0.644064432783639
"ENSG00000037042",102.974508305062,0.542781073664434,0.322854996020351,1.68119149573334,0.0927257248311525,0.64610409799518
"ENSG00000107669",146.925752718025,-0.492828372869042,0.293063725675523,-1.68164235178903,0.0926382128817477,0.64610409799518
"ENSG00000123124",270.594259809808,-0.420000696980083,0.249875947663593,-1.68083683486627,0.0927946117548831,0.64610409799518
"ENSG00000071189",183.002890681865,-0.448998487580398,0.267656387179905,-1.67751829990369,0.0934411740293351,0.647728618945411
"ENSG00000073282",106.009952599903,0.559291285408205,0.333494119201487,1.67706491121152,0.0935297893618225,0.647728618945411
"ENSG00000140937",244.374144345606,0.525510417324765,0.313042406072665,1.67871958281199,0.0932067075761596,0.647728618945411
"ENSG00000169604",728.830724271884,0.414874736920572,0.247438737066254,1.6766765860492,0.0936057415425125,0.647728618945411
"ENSG00000223865",460.372545305247,0.457535950786915,0.272637697437761,1.67818300655713,0.0933113781452393,0.647728618945411
"ENSG00000229644",166.097460307131,-0.471028464843948,0.280905186386011,-1.67682366745865,0.093576968198757,0.647728618945411
"ENSG00000152268",130.922174345454,0.494688891136859,0.295146240523917,1.67608061094979,0.0937224040200182,0.647869362218543
"ENSG00000164951",256.554534382863,-0.493979308326883,0.294983286457367,-1.67460100624473,0.0940125417205185,0.648153022994344
"ENSG00000170571",326.854677094016,-0.430132947237242,0.256888216822785,-1.67439734121386,0.094052535004829,0.648153022994344
"ENSG00000237807",153.812313750687,-0.501566631096394,0.299548820934756,-1.67440696154714,0.0940506455727931,0.648153022994344
"ENSG00000104783",192.205157551592,0.492764505143705,0.29477298841196,1.67167455810111,0.094588513692272,0.650513643245625
"ENSG00000125247",206.352496085965,-0.446782674110765,0.267194070693543,-1.67212795160863,0.0944990938883369,0.650513643245625
"ENSG00000168907",211.990900091539,-0.56740134508954,0.339580082721594,-1.67089112100466,0.0947431856235732,0.650911814610984
"ENSG00000136381",209.039373836069,-0.440170707287518,0.263530685336492,-1.67028255827393,0.0948634723739199,0.65098683978032
"ENSG00000198818",162.709356011491,-0.4605311029212,0.275790759353194,-1.66985690166441,0.0949476791294222,0.65098683978032
"ENSG00000119950",159.893252285164,0.4895421679686,0.293263499011713,1.66929116517514,0.0950596902713451,0.651091116868704
"ENSG00000101972",377.971875701323,-0.408460140479259,0.245338619965252,-1.66488317467959,0.0959360656085988,0.652433990124734
"ENSG00000102554",150.593102077033,0.495251957073455,0.297618751150372,1.66404823338308,0.0961027908301949,0.652433990124734
"ENSG00000103067",358.097900455998,-0.396720673587107,0.238191774895849,-1.66555152360142,0.0958027732839974,0.652433990124734
"ENSG00000112977",791.510333106348,-0.374395266692147,0.224657707518786,-1.66651423103674,0.0956110361189891,0.652433990124734
"ENSG00000115084",209.162094164942,-0.445122171162464,0.266955982120292,-1.66739912560524,0.0954350676319728,0.652433990124734
"ENSG00000132718",118.261827844476,0.579450336085344,0.348109858349,1.66456169564842,0.0960002327062442,0.652433990124734
"ENSG00000134970",362.375315137681,-0.400524767481515,0.24073257764947,-1.6637746805699,0.0961574656181881,0.652433990124734
"ENSG00000139163",197.751190202121,-0.438497478285906,0.263533969828059,-1.66391254445111,0.0961299077609098,0.652433990124734
"ENSG00000180139",131.962342937338,0.555480146834386,0.333698140956024,1.66461864379277,0.0959888633744532,0.652433990124734
"ENSG00000187239",441.372292037386,0.408480524717328,0.245564742147264,1.66343311806694,0.0962257683918728,0.652433990124734
"ENSG00000057252",359.42861890479,-0.451818301863111,0.271746933999061,-1.66264360452609,0.0963837972056957,0.65284735146577
"ENSG00000108510",217.034483283235,-0.42979290468762,0.258813978034798,-1.66062477749882,0.0967888294972687,0.654273032360432
"ENSG00000169992",192.268013003272,0.455903682492978,0.27453189240158,1.66065836105516,0.0967820805941611,0.654273032360432
"ENSG00000100307",387.592196919974,0.388696616679397,0.234141421579213,1.66009334895874,0.0968956747228953,0.65433765882148
"ENSG00000168916",134.375556066198,-0.496394405866725,0.299302637991551,-1.65850327680954,0.0972159266817919,0.655841848406953
"ENSG00000088387",204.656343095203,-0.432993070370819,0.261221198253464,-1.65757248364922,0.0974037874300433,0.656450775806083
"ENSG00000075624",8949.22366819171,0.357436400752465,0.215865240444839,1.65583120291107,0.0977560069251355,0.658165067646108
"ENSG00000103226",295.262579462815,-0.416293274637268,0.25155675098216,-1.65486822759446,0.0979512304443313,0.658622442171142
"ENSG00000116016",614.070463078128,0.384911118816043,0.23264069938445,1.65453044043665,0.0980197836177986,0.658622442171142
"ENSG00000059758",155.34514576995,-0.46677437582273,0.28233602653227,-1.65325828784864,0.0982783083011725,0.659042773313745
"ENSG00000211679",245.162437836956,-0.482460293774633,0.291764046965637,-1.65359748328229,0.0982093243965548,0.659042773313745
"ENSG00000101310",446.192989295702,-0.380308986657077,0.230161796369546,-1.65235496357726,0.0984622107465263,0.659618356056908
"ENSG00000153214",404.392950661703,-0.393357949283122,0.238700094928392,-1.64791702073318,0.0993697001501492,0.665035426079506
"ENSG00000149573",247.568067711577,0.422150430919631,0.256393259535494,1.64649582319144,0.0996617193134043,0.666326763520832
"ENSG00000182985",256.454880235952,-0.417081677950533,0.253787092521134,-1.64343140467556,0.100293706918733,0.669886268853423
"ENSG00000121892",335.92047657533,-0.393447349876897,0.239511721079745,-1.64270603585993,0.10044376936435,0.670223008675218
"ENSG00000179178",190.692651259233,-0.489932779564466,0.298752621566413,-1.63992796781384,0.101020144922816,0.673400886769931
"ENSG00000140564",493.139356956318,-0.380276235310596,0.231958727770257,-1.63941335153053,0.101127202872308,0.673447095563507
"ENSG00000069399",167.21614195862,0.45089285758856,0.275203361963247,1.6383987985175,0.101338529634493,0.673520701898812
"ENSG00000152518",716.167187278583,0.368847280162253,0.225083451415434,1.63871345424447,0.101272950690052,0.673520701898812
"ENSG00000142733",130.307819086262,0.477067364791855,0.291436597889843,1.63695077504363,0.10164075537544,0.67486250805055
"ENSG00000091039",148.318496775973,-0.511920836698558,0.312865359786082,-1.63623367268456,0.101790691627923,0.67519151073906
"ENSG00000138138",186.602524582235,-0.436823088139509,0.26726129726533,-1.63444199593869,0.102166076244685,0.675682427553342
"ENSG00000167034",3130.89654664719,-0.440655905404315,0.269550027818575,-1.63478337943599,0.102094466167492,0.675682427553342
"ENSG00000171466",141.631649513702,-0.475836098626797,0.291010890627734,-1.63511440276472,0.102025067437384,0.675682427553342
"ENSG00000158286",147.930961861868,0.480444219044737,0.294138798383541,1.63339288011323,0.102386393514766,0.676474344577911
"ENSG00000102038",363.901596005998,-0.399727722516522,0.245076890089295,-1.63102984688144,0.102884021812103,0.67909512336428
"ENSG00000131620",150.042450772487,0.461169664187287,0.283069297411206,1.62917585342136,0.103275797108643,0.681012756228168
"ENSG00000128923",146.675920596521,-0.468000318612374,0.287485019693456,-1.62791201820324,0.103543542710442,0.682105675116071
"ENSG00000137818",981.050331991095,0.346331186073422,0.212857248090301,1.62705845904057,0.103724682572965,0.682105675116071
"ENSG00000196932",106.010371124611,-0.540360183200627,0.332128922915754,-1.62695912917434,0.103745778418635,0.682105675116071
"ENSG00000112936",396.482453734621,0.389786111251539,0.239750633334037,1.62579804620772,0.103992624138368,0.682394526785037
"ENSG00000189221",724.587676940113,-0.395878567557486,0.243448035867278,-1.62613169643032,0.10392164251767,0.682394526785037
"ENSG00000112893",209.913601419956,-0.43226759166032,0.266573617811158,-1.62156928810015,0.104895603031018,0.683677561729158
"ENSG00000123575",164.598502500894,-0.460449456738507,0.283743703708658,-1.62276537142578,0.104639570906226,0.683677561729158
"ENSG00000129636",264.30325315033,-0.405940041763466,0.250411701553295,-1.62109054507211,0.10499822143485,0.683677561729158
"ENSG00000132849",319.874887079032,-0.389156374299151,0.24006052683229,-1.62107606541671,0.105001326385106,0.683677561729158
"ENSG00000152700",382.263959364195,-0.389898434958216,0.240459055343382,-1.62147536677889,0.104915728753907,0.683677561729158
"ENSG00000166557",348.408050198162,-0.409594310842022,0.252654295957532,-1.6211650361602,0.104982249062746,0.683677561729158
"ENSG00000179299",103.597852263944,-0.558174581539604,0.34398392798016,-1.6226763407731,0.104658611588874,0.683677561729158
"ENSG00000228360",126.157391005647,0.484947718943593,0.298775208668523,1.62311900342983,0.104563967992797,0.683677561729158
"ENSG00000168016",256.865149802614,0.41011021223279,0.253235534234665,1.6194813001747,0.105343746755449,0.685243753072679
"ENSG00000008283",669.172072702474,-0.421183994372711,0.260359279363042,-1.61770302715202,0.105726613316918,0.68659511080031
"ENSG00000135404",1139.53027436211,0.348094004674381,0.215195855568187,1.61756834840197,0.105755654889849,0.68659511080031
"ENSG00000100503",150.211984141978,-0.457745058316337,0.283187138648503,-1.61640482862641,0.106006815070101,0.687562042585822
"ENSG00000105372",591.574106689764,0.367206927726022,0.227326055692668,1.61533145246872,0.106238935898561,0.68840374070686
"ENSG00000114126",193.421947355711,-0.436871114961274,0.270742187231111,-1.61360562027355,0.106612997002797,0.690162673571522
"ENSG00000118495",122.655128127816,0.483439219243108,0.29993600928036,1.61180786662805,0.107003755819479,0.692026213117132
"ENSG00000114270",486.467007891269,0.374247945398572,0.232596765217431,1.60899892588242,0.107616576493152,0.695320935151722
"ENSG00000164506",107.627894384424,-0.504317373022234,0.31374865804,-1.60739292455536,0.107968201213576,0.696923341038877
"ENSG00000107897",125.958019281231,-0.476314451320298,0.29643629052266,-1.60680209052841,0.108097789528171,0.697090826813499
"ENSG00000182107",317.763234665256,-0.401006710561322,0.249818733713565,-1.60519071008144,0.108451841285787,0.698035487548517
"ENSG00000198964",188.488877990713,-0.441829986737087,0.27519396097396,-1.6055221022052,0.108378953112244,0.698035487548517
"ENSG00000164244",302.901517914016,-0.395786156840902,0.246797032157884,-1.60369090900455,0.108782200768172,0.698824338459145
"ENSG00000188959",201.646736423708,-0.51375751380409,0.320304414466977,-1.60396638509975,0.108721462354425,0.698824338459145
"ENSG00000112079",183.07404807122,0.432907662539078,0.270033742942329,1.60316135984359,0.108899033934257,0.698907349467378
"ENSG00000134371",191.295779310062,-0.426223656215081,0.26595989961933,-1.60258616740771,0.10902604969433,0.699055491176419
"ENSG00000142949",2331.69243114673,-0.337426609807383,0.210742539649187,-1.6011319326847,0.109347700870623,0.700450129576961
"ENSG00000066084",191.604693042322,-0.42877733917669,0.268077533330321,-1.59945271746573,0.109720046636073,0.701295425847078
"ENSG00000115145",197.60800258893,-0.421042593402776,0.263295335579928,-1.59912667072281,0.109792459621911,0.701295425847078
"ENSG00000167657",184.152844283956,0.438416111846357,0.273999256589543,1.60006314361325,0.109584576222136,0.701295425847078
"ENSG00000108861",365.742900234909,0.409225646414633,0.256473662464165,1.59558545888434,0.110581376160476,0.702893603021716
"ENSG00000163017",5197.02219195272,1.13313033596827,0.709467529223166,1.59715602095137,0.110230933228048,0.702893603021716
"ENSG00000169242",330.486689145522,0.394250920341231,0.247149773842412,1.59519029377147,0.110669688611359,0.702893603021716
"ENSG00000180785",107.540556620581,-0.684233910074533,0.428613515400677,-1.59638902061895,0.110401965913039,0.702893603021716
"ENSG00000188352",260.577346672347,-0.399175703900322,0.250122136290196,-1.59592313507666,0.110505955579732,0.702893603021716
"ENSG00000251321",122.455585543651,2.48622366786316,1.55677714948844,1.59703247743592,0.110258467929322,0.702893603021716
"ENSG00000080345",145.233368391224,-0.475432973936251,0.29820328494992,-1.59432507262988,0.11086324478835,0.703458664572115
"ENSG00000117592",527.175369950566,-0.357603051016726,0.224709923533127,-1.59139857018379,0.111519905910391,0.706958423330153
"ENSG00000023902",112.235562971101,0.485541791724,0.305953662403507,1.58697819764498,0.112517582620329,0.707283421219001
"ENSG00000034510",500.163313120977,0.40843987954784,0.257282203833554,1.58751702784727,0.112395593523394,0.707283421219001
"ENSG00000102893",488.203230625589,-0.358614358810362,0.225936319045592,-1.58723644045027,0.112459104417791,0.707283421219001
"ENSG00000106261",805.504955148226,-0.350519400208833,0.220784164068042,-1.58761114814742,0.112374295749952,0.707283421219001
"ENSG00000116260",309.437499272642,0.427169792913452,0.268642410401074,1.5901055692424,0.11181101084062,0.707283421219001
"ENSG00000132254",466.309290963887,-0.376461077782004,0.236764159558682,-1.59002561233808,0.111829031920007,0.707283421219001
"ENSG00000142178",409.214979152087,-0.400618196423524,0.252358081584211,-1.58749897728098,0.112399678413705,0.707283421219001
"ENSG00000168538",143.105387406058,-0.455385157738537,0.286950398670685,-1.58698213993825,0.112516689721305,0.707283421219001
"ENSG00000187653",615.490468334275,0.370074228007837,0.232854549065404,1.58929352891401,0.111994139024424,0.707283421219001
"ENSG00000142396",111.330483765216,-0.485082168622762,0.305866630354756,-1.58592706912861,0.112755854502012,0.707458840840049
"ENSG00000172175",313.66966689333,-0.415888872501198,0.262212378923708,-1.5860764247984,0.112721974044108,0.707458840840049
"ENSG00000163539",181.741869707741,-0.42626299806248,0.269039121854064,-1.58439038577334,0.113104908421759,0.70898752473882
"ENSG00000163932",342.023733671981,-0.395099319616443,0.249452553466923,-1.58386560540393,0.113224305859653,0.709075122171349
"ENSG00000169855",256.513172053433,0.41546202291726,0.262406728200999,1.58327503934664,0.113358789516658,0.70925694724562
"ENSG00000144749",900.138110085482,-0.349760018811233,0.22103293316567,-1.58238871376275,0.113560859619543,0.709860912454501
"ENSG00000117289",1508.53818675017,0.330291458171817,0.208977440740323,1.58051250413311,0.113989545620932,0.711879000785873
"ENSG00000169499",114.524595498102,0.478612472918619,0.302926963520215,1.57995995918231,0.114116036497236,0.712007849239709
"ENSG00000052795",247.573470982047,-0.460151740809994,0.292542044053751,-1.5729422493727,0.115732191025995,0.712246962970258
"ENSG00000053747",291.803165461916,-0.556417325664835,0.353412597095078,-1.57441282579733,0.115392040578368,0.712246962970258
"ENSG00000085831",207.062824725151,-0.462502548526899,0.294045119852429,-1.57289652948164,0.115742778847233,0.712246962970258
"ENSG00000090661",313.780962830084,-0.419103984836832,0.266037935409933,-1.57535422228805,0.11517470468639,0.712246962970258
"ENSG00000091527",321.981114671933,0.400610261094034,0.254224573909894,1.57581249889723,0.115069021041527,0.712246962970258
"ENSG00000110906",408.842122149895,0.412699617984559,0.262321635434922,1.57325802463954,0.11565908451645,0.712246962970258
"ENSG00000116171",505.054258093883,-0.385642233037505,0.244621204377957,-1.57648734506948,0.114913532948086,0.712246962970258
"ENSG00000127922",103.77181902048,0.519370326955229,0.329037314363095,1.57845418827513,0.114461304720722,0.712246962970258
"ENSG00000128829",330.701270274747,-0.3972807625956,0.252023977282622,-1.57636097517057,0.114942636650415,0.712246962970258
"ENSG00000134107",714.285713540454,0.385634431272246,0.244835326115956,1.5750767562423,0.115238728512774,0.712246962970258
"ENSG00000138326",1310.96896496492,0.34404053325541,0.218133409666164,1.57720238170731,0.114748965155134,0.712246962970258
"ENSG00000147027",169.982850718293,0.468734721543844,0.298006755352795,1.5728996511805,0.115742055899386,0.712246962970258
"ENSG00000157985",192.320203306059,-0.425242362833402,0.270205537767639,-1.57377367742583,0.115539781544401,0.712246962970258
"ENSG00000189306",195.783561237348,-0.432404213687995,0.273992100667422,-1.57816306614203,0.114528152793346,0.712246962970258
"ENSG00000204832",132.781932746416,-0.620095054823645,0.39365970196895,-1.57520582300434,0.115208943557396,0.712246962970258
"ENSG00000064787",192.228239582665,-0.535042001381738,0.340938952382297,-1.5693190749932,0.116573609807564,0.715967888470387
"ENSG00000125676",269.560939984309,-0.397554139379573,0.253762393457408,-1.56663930365355,0.117199025454341,0.715967888470387
"ENSG00000140263",742.55190409636,-0.491482234944088,0.313677633151297,-1.56683863623464,0.117152413928729,0.715967888470387
"ENSG00000145425",209.028602022826,0.412481200965245,0.263111717042259,1.56770365684245,0.116950307870556,0.715967888470387
"ENSG00000163349",284.613596226359,-0.388376428918526,0.247686695603608,-1.56801489870928,0.116877655384247,0.715967888470387
"ENSG00000170017",517.93039551511,-0.35884695727281,0.228923394592851,-1.56754165694176,0.116988137172042,0.715967888470387
"ENSG00000175066",152.896267535999,-0.486695103394188,0.310079091494604,-1.56958375054662,0.116511981301009,0.715967888470387
"ENSG00000237973",4215.83071071989,0.330373306094161,0.210819435481307,1.56709131366332,0.117093349271764,0.715967888470387
"ENSG00000115762",568.802711027122,-0.35071151308563,0.22416019368169,-1.56455750383426,0.117686699783489,0.716993426398323
"ENSG00000117151",141.671968554492,-0.45048882773705,0.28780393802405,-1.56526290373207,0.117521277486928,0.716993426398323
"ENSG00000151914",668.71344613783,0.346374797620508,0.221357794617709,1.56477343939348,0.117636041657227,0.716993426398323
"ENSG00000131724",283.263380276,0.426320346329994,0.272664488445156,1.56353454298741,0.117926917393543,0.717806738813545
"ENSG00000067900",249.747122081144,-0.436642466493367,0.279494102827482,-1.56226003366835,0.118226743095936,0.717976935295874
"ENSG00000113300",192.588792211716,-0.414729561657373,0.265579615788065,-1.56160163281632,0.118381864591603,0.717976935295874
"ENSG00000172379",149.787728492754,-0.44967596631419,0.287896913611109,-1.56193395988125,0.118303547258337,0.717976935295874
"ENSG00000183023",198.498066455894,0.498683259756933,0.319129025901668,1.56263836656021,0.118137678724857,0.717976935295874
"ENSG00000025423",112.031546840389,0.56853357014123,0.36446695862973,1.55990428399524,0.118782501966776,0.718642626099313
"ENSG00000103495",199.601290365573,-0.434736417581782,0.27871671044852,-1.55977880508919,0.118812161793404,0.718642626099313
"ENSG00000139496",187.623076691543,-0.423936476883164,0.271739486046352,-1.56008419332496,0.118739986385066,0.718642626099313
"ENSG00000122863",121.013470477371,0.542476019335266,0.348041361817773,1.55865388096974,0.119078322898478,0.718959425327793
"ENSG00000147894",122.990803403338,-0.466951374514843,0.299560455649194,-1.55878843722175,0.119046461819674,0.718959425327793
"ENSG00000112306",949.532179608821,0.342866274382343,0.220133001370273,1.55754145106861,0.119341987159271,0.719260040890016
"ENSG00000147535",457.456986933373,-0.405133264032182,0.260066932119012,-1.5578038343098,0.119279756810185,0.719260040890016
"ENSG00000136731",468.007794616442,-0.354524735749373,0.227707681292144,-1.55692918981739,0.119487298238808,0.719491108284888
"ENSG00000175084",4705.65714334898,1.00776407571647,0.647627921733798,1.55608497085569,0.119687888321939,0.720054326344686
"ENSG00000142089",532.217590823375,0.456320356767913,0.293640334940946,1.55401115742387,0.120181755242644,0.722379343844524
"ENSG00000064932",254.109635100984,0.415351702188178,0.26761062755749,1.55207476615984,0.120644335001641,0.723024685747831
"ENSG00000113384",953.857446182397,-0.33576758460176,0.216238734354253,-1.5527633640867,0.120479678130694,0.723024685747831
"ENSG00000118217",210.064789258383,-0.427808541581759,0.275892816617702,-1.55063312929442,0.120989628126202,0.723024685747831
"ENSG00000155660",1313.37875861899,-0.323557107626353,0.208402618045824,-1.55255778771075,0.120528816925539,0.723024685747831
"ENSG00000157557",247.496137099512,0.423284197498808,0.273013231259928,1.55041642320922,0.121041599190017,0.723024685747831
"ENSG00000176542",123.86549380973,-0.468276088482992,0.301943786607733,-1.55087174915558,0.120932421837574,0.723024685747831
"ENSG00000198642",220.121549589216,-0.405939067280222,0.26180396556934,-1.55054590711579,0.121010543894981,0.723024685747831
"ENSG00000164961",223.400808429772,-0.39738872225947,0.256518615749929,-1.54916133902294,0.121342940602098,0.724181560328049
"ENSG00000134109",287.780825046971,-0.383809474846652,0.247918519331438,-1.54812748915116,0.121591604904024,0.725022282433034
"ENSG00000158321",175.592318510909,0.426951021694991,0.276171710358198,1.54596218831114,0.122113699943849,0.727490474599052
"ENSG00000164031",131.599675855958,-0.448735900369543,0.290394841489471,-1.5452612658955,0.122283080513481,0.727854866843959
"ENSG00000171603",1518.08190857195,-0.326972941951493,0.211819911966528,-1.54363647362464,0.122676423864581,0.729245284749494
"ENSG00000176024",153.505173692403,-0.481738149511464,0.312127672670606,-1.54340095958057,0.122733521013444,0.729245284749494
"ENSG00000123349",573.555765391198,0.353520079752175,0.229193315792428,1.54245370782255,0.122963378898353,0.729966183998521
"ENSG00000113658",208.568006436911,-0.415693322552691,0.269628299818437,-1.54172734402365,0.12313986428404,0.730369247949256
"ENSG00000144645",187.705494442695,0.449831692090261,0.29194437471931,1.54081301454344,0.123362301036061,0.730404428743173
"ENSG00000171988",238.741082047117,-0.417474359614359,0.270944699894928,-1.54081020878524,0.123362984099352,0.730404428743173
"ENSG00000162688",152.444081723138,-0.434913428751831,0.282378145135777,-1.54018091075253,0.123516261652307,0.730668756265098
"ENSG00000058799",213.789888592456,-0.44487262676593,0.28908204710658,-1.53891475177603,0.123825109312173,0.730996388315314
"ENSG00000105514",372.819888151922,-0.389537264825998,0.25359186819596,-1.53607947919288,0.12451888852651,0.730996388315314
"ENSG00000115464",273.02341034418,-0.397065419766372,0.258352340795209,-1.53691434938892,0.124314285107928,0.730996388315314
"ENSG00000131236",541.024751027932,0.35123463008706,0.228341321649104,1.53820003996827,0.123999711232473,0.730996388315314
"ENSG00000154124",103.124436086812,-0.512793841812678,0.333560867304694,-1.53733213957698,0.124211994885907,0.730996388315314
"ENSG00000165322",224.931964189361,-0.39637432857321,0.258064016493863,-1.53595349695968,0.124549786055508,0.730996388315314
"ENSG00000169213",1121.60408721018,-1.0020211776873,0.651648787302689,-1.53767059374862,0.124129177159606,0.730996388315314
"ENSG00000198848",122.790596087374,0.468061685840024,0.304568875710389,1.53680078027769,0.124342102310362,0.730996388315314
"ENSG00000271043",197.678268086519,0.419827294642391,0.272886699202326,1.5384674147534,0.123934369907321,0.730996388315314
"ENSG00000008869",220.773714314016,-0.397184320564869,0.258812432987749,-1.53464157799432,0.124871893665998,0.731120181058457
"ENSG00000010270",180.47356421768,-0.453737646609734,0.295683260371489,-1.53453951380159,0.124896980082689,0.731120181058457
"ENSG00000117525",645.264814327619,-0.492371557161863,0.320776432418422,-1.53493682017016,0.124799348041737,0.731120181058457
"ENSG00000152503",119.387439005385,-0.491555472419443,0.320540101451211,-1.53352254583429,0.125147155915969,0.731947626687656
"ENSG00000120899",276.309985030656,0.392563761936079,0.256384760799524,1.53115091829907,0.125732097950018,0.734729879071954
"ENSG00000111670",439.732477326546,-0.385752666239858,0.252011356438397,-1.53069556742041,0.125844649794447,0.734749231351951
"ENSG00000136003",322.740867793095,0.366731299410495,0.240073844359751,1.5275770685829,0.126617578855411,0.736803868977524
"ENSG00000165272",471.860664464609,0.417702395007623,0.273300032276215,1.52836569951615,0.12642176610395,0.736803868977524
"ENSG00000171862",190.828699758478,0.414483483371388,0.271346196426254,1.52750799101043,0.126634741679753,0.736803868977524
"ENSG00000185551",430.225295177187,0.379334634008338,0.248335592032024,1.52750812279627,0.12663470893488,0.736803868977524
"ENSG00000026297",150.142650657908,0.442387853684898,0.290027592455844,1.52533022785496,0.127176751876735,0.737356011704536
"ENSG00000107562",197.351311768077,0.445430167449406,0.292368026296251,1.52352558209652,0.12762726544916,0.737356011704536
"ENSG00000108639",691.4253663528,-0.34765126049179,0.228465313567251,-1.52168070970413,0.128089103391054,0.737356011704536
"ENSG00000119888",511.163851328462,-0.359356092081736,0.235403928078294,-1.52655095866631,0.126872709719518,0.737356011704536
"ENSG00000122176",421.214212460109,0.353105340468678,0.23181680499428,1.52320855460583,0.127706536541913,0.737356011704536
"ENSG00000125149",154.303541661363,-0.4445944207364,0.29184080949347,-1.52341415687564,0.127655122389162,0.737356011704536
"ENSG00000129083",680.369163426068,-0.33315037471537,0.218859496021689,-1.52221119380789,0.127956171232007,0.737356011704536
"ENSG00000140526",1106.24287810855,-0.359748286823713,0.235931330319726,-1.52480082376594,0.127308784395623,0.737356011704536
"ENSG00000145824",121.953323854286,0.649969947006149,0.426560023582433,1.52374791605511,0.127571694823399,0.737356011704536
"ENSG00000157764",149.799690152761,-0.432995428088293,0.284315481432749,-1.5229400309343,0.127773709454034,0.737356011704536
"ENSG00000164985",168.944324420429,0.41977918712719,0.275677894719947,1.52271616682807,0.127829731491522,0.737356011704536
"ENSG00000211892",224.112297581047,-0.511428418936986,0.336152315427635,-1.52141870058629,0.128154798941808,0.737356011704536
"ENSG00000225485",108.279013862357,0.496433271409582,0.325843518926428,1.52353274677736,0.127625474399937,0.737356011704536
"ENSG00000123094",168.455586037984,-0.424037617067103,0.278874618042735,-1.52053141316046,0.128377469887329,0.738005865352287
"ENSG00000265150",103.431406641868,-0.729520589375002,0.48000069627939,-1.51983235655637,0.128553114711253,0.738384500040893
"ENSG00000144908",122.304656977511,0.508820596381116,0.335066820426047,1.51856455298718,0.128872139233337,0.738421960217761
"ENSG00000168672",220.343894699791,-0.418431714025141,0.275499571877411,-1.51881075957291,0.128810136807239,0.738421960217761
"ENSG00000181163",306.653885904279,0.376943787737055,0.248260785852601,1.51833801074349,0.128929210052399,0.738421960217761
"ENSG00000197496",270.508402873327,-0.401177464365164,0.264269494061957,-1.51806195334491,0.128998781334503,0.738421960217761
"ENSG00000052802",117.665574420019,-0.518764200487222,0.341941284954125,-1.51711484782196,0.129237690145436,0.739160462515477
"ENSG00000144810",184.173715681424,0.533699592627981,0.351954083337615,1.51638983007913,0.129420809101429,0.739578897210036
"ENSG00000074590",106.813541047201,0.469875547029525,0.310176111468072,1.5148669728484,0.129806095770961,0.740522307171744
"ENSG00000171346",392.768203674076,0.523931636318247,0.345765075930894,1.51528211722274,0.129700975033738,0.740522307171744
"ENSG00000149257",297.390676199814,0.383792233952993,0.253431649719352,1.51438162667528,0.129929076500253,0.74059573605144
"ENSG00000123739",210.798917467962,-0.414429321704632,0.2739586042002,-1.51274431739249,0.130344617734148,0.742335223437663
"ENSG00000102265",589.627115681245,0.366938576846453,0.242714268509459,1.51181296056417,0.130581451345083,0.743054857653998
"ENSG00000091157",133.925336058705,-0.438916906604428,0.290913701490274,-1.50875295441904,0.131361927387596,0.743720811118664
"ENSG00000100336",145.008977623048,0.457225952425786,0.302717535071035,1.51040458333045,0.130940219838598,0.743720811118664
"ENSG00000104419",7707.37291558402,-0.389164476368561,0.25788580354811,-1.5090573851459,0.131284118566234,0.743720811118664
"ENSG00000166225",104.358356476223,-0.493480506494377,0.326931171341527,-1.50943241193378,0.131188315371659,0.743720811118664
"ENSG00000166266",144.750990636551,-0.436037668931481,0.288727098323873,-1.51020694442184,0.130990627267903,0.743720811118664
"ENSG00000174977",191.145847217373,-0.403768406403575,0.26749333030159,-1.5094522392328,0.131183251859693,0.743720811118664
"ENSG00000184709",154.672912288395,-0.520833644910679,0.345422513841808,-1.50781614990273,0.131601587610442,0.744451033025929
"ENSG00000158470",214.194992940116,0.392336389228325,0.260636911360241,1.50529864392866,0.132247313687905,0.746847549844544
"ENSG00000173065",131.012752772653,-0.438755791425568,0.291450023748915,-1.50542376281828,0.132215163545693,0.746847549844544
"ENSG00000170265",105.549340624638,-0.469382922210994,0.312392545696762,-1.50254200580901,0.132957188063615,0.749391796667192
"ENSG00000204217",300.903494564716,-0.378508817853707,0.251846404541593,-1.50293516614884,0.132855763577278,0.749391796667192
"ENSG00000236801",191.427918452945,0.426758114693504,0.284078945822911,1.50225182460208,0.133032085224595,0.749391796667192
"ENSG00000071967",605.386749561606,0.40822433756699,0.271970845176858,1.50098565639096,0.133359271537323,0.749500536947733
"ENSG00000077044",315.713382997642,-0.375485519044902,0.250113769981146,-1.50125888340017,0.133288615214378,0.749500536947733
"ENSG00000138760",1528.01868190169,-0.312872846319702,0.208504207594842,-1.50055890923633,0.133469686055292,0.749500536947733
"ENSG00000175928",192.551752539065,-0.59832494423222,0.398762893016458,-1.50045291252194,0.133497122102793,0.749500536947733
"ENSG00000184481",104.618459754528,0.494282413165006,0.329676329525324,1.49929603340551,0.133796850955386,0.750556813616286
"ENSG00000100906",280.583021645268,0.371600627201394,0.248062383300587,1.49801280733125,0.134129922978966,0.751580736667527
"ENSG00000133858",173.925293607406,-0.414855999512351,0.277009260131691,-1.49762502277046,0.134230701760591,0.751580736667527
"ENSG00000197892",373.088359398788,-0.354683054789788,0.236881387142707,-1.49730233796762,0.134314606820453,0.751580736667527
"ENSG00000099290",163.18672523607,-0.417795896184542,0.279321384341481,-1.49575334938828,0.134717942208924,0.752433031775585
"ENSG00000198961",761.03430356156,-0.336030850804967,0.224705325682193,-1.49542895694526,0.134802527994288,0.752433031775585
"ENSG00000205100",102.642200715168,-0.475630715895009,0.317972817924025,-1.49582193534749,0.134700063578842,0.752433031775585
"ENSG00000151690",319.334220425196,-0.36266128902201,0.242685207794985,-1.49436915548795,0.135079158852649,0.753351925740397
"ENSG00000187109",521.653352824004,0.356860678600958,0.238994601822138,1.49317464026462,0.135391478505068,0.754468172680273
"ENSG00000076826",150.725239904406,-0.437115283702425,0.293014763418589,-1.49178586977196,0.135755289390544,0.754619897884955
"ENSG00000159263",639.268228859241,-1.18685104391165,0.795562655836129,-1.49183855627848,0.135741473544636,0.754619897884955
"ENSG00000240616",345.039549980285,0.359219801441068,0.24074662439874,1.49210732378164,0.135671012237126,0.754619897884955
"ENSG00000007944",157.639014795656,0.431048226959148,0.289184262630866,1.49056599082422,0.13607547882564,0.755775120215733
"ENSG00000163682",139.929252158314,0.467450087438861,0.313804079706996,1.48962399684327,0.136323128719898,0.756525877698047
"ENSG00000149639",592.999238873317,-0.328515429236563,0.220740811365252,-1.48824056233526,0.136687463633894,0.75753041746962
"ENSG00000177144",123.272323702041,-0.444134870627897,0.298461385198018,-1.48808151625119,0.136729397384496,0.75753041746962
"ENSG00000149577",540.883411362352,-0.385214110410459,0.258973096761139,-1.48746767609516,0.13689133426033,0.757803386201629
"ENSG00000073756",432.060056115889,-0.418319644167155,0.281520758638334,-1.48592823559617,0.13729810416385,0.758809179931753
"ENSG00000169359",200.076408076278,-0.38973937099497,0.262287175472626,-1.48592614294878,0.137298657742632,0.758809179931753
"ENSG00000164327",129.753149143872,-0.478534608699665,0.322264266104006,-1.48491365327245,0.137566698799153,0.759666351496799
"ENSG00000004399",203.119153159854,0.411498250640926,0.277316922489062,1.48385553592445,0.137847250047649,0.760591143413032
"ENSG00000197608",177.568949153058,-0.404796336392273,0.273089787031546,-1.48228295460025,0.138265021818879,0.761646631247979
"ENSG00000198258",163.245324407385,0.420008227677122,0.283301096921741,1.48255065808356,0.138193834918397,0.761646631247979
"ENSG00000138449",344.133668424012,0.384808551376198,0.259761381217638,1.48139245938868,0.138502022950858,0.762327828451283
"ENSG00000113163",208.071353920983,-0.385864479750109,0.260960291047239,-1.47863292994358,0.139238446693364,0.763258184563623
"ENSG00000132549",296.815866095159,-0.379481409917252,0.256590177911167,-1.47893973575493,0.13915642209732,0.763258184563623
"ENSG00000149809",215.145827363764,-0.441356245418366,0.298248195555327,-1.47982871982369,0.138918962105277,0.763258184563623
"ENSG00000182670",807.625434773396,-0.335812785028524,0.227082803502337,-1.47881204498635,0.139190555729158,0.763258184563623
"ENSG00000248923",551.434961905401,0.36848922880257,0.248985711477815,1.47996134643816,0.138883562461273,0.763258184563623
"ENSG00000067064",216.861668674368,-0.454562818983455,0.307605351897376,-1.47774678229626,0.13947556747591,0.763313805405182
"ENSG00000244509",112.973461857468,0.477658129653233,0.323198104313236,1.47791129737041,0.139431522049691,0.763313805405182
"ENSG00000090238",138.929073470133,0.440883899182122,0.298639067251272,1.47631019357279,0.139860638891463,0.764798908279661
"ENSG00000102531",320.756404060054,-0.401991217927113,0.272675155888943,-1.47424952088718,0.140414420988,0.767203408257749
"ENSG00000099250",639.181128688856,-0.457571054527615,0.310546706538603,-1.47343715097728,0.140633198958161,0.767775078078402
"ENSG00000110048",386.55830237045,-0.343242417132886,0.233054224875059,-1.47280066395234,0.140804793270583,0.768088434337339
"ENSG00000105976",116.006702733221,0.467204876683922,0.317586994537497,1.47110834108404,0.141261819644544,0.768089732359908
"ENSG00000124767",868.979656662793,-0.32984642909432,0.224205432180435,-1.47117947092766,0.141242587492929,0.768089732359908
"ENSG00000182158",553.422162388696,-0.328030316387242,0.222803907379498,-1.47228260152778,0.140944579591303,0.768089732359908
"ENSG00000183508",144.860219215651,-0.435554218864218,0.295916502969405,-1.47188215085541,0.141052704377492,0.768089732359908
"ENSG00000101938",416.369386456425,1.00123075485528,0.68191857779898,1.46825557691497,0.142034812802684,0.770923534976333
"ENSG00000108518",767.751680338191,0.316007588599843,0.215362340457492,1.46732984015939,0.142286350000883,0.770923534976333
"ENSG00000134444",233.910101927749,-0.372489226283021,0.253895936422594,-1.46709408402282,0.142350463255979,0.770923534976333
"ENSG00000198740",241.916493960239,-0.376962124546432,0.256948371422656,-1.46707341423995,0.142356085405978,0.770923534976333
"ENSG00000251495",144.733606400548,-0.428387911998068,0.291818256424259,-1.46799558481104,0.142105422221818,0.770923534976333
"ENSG00000159251",180.161501107436,1.32101553771766,0.901536607489913,1.46529328564447,0.142840917618084,0.77292679959713
"ENSG00000213942",229.537584837841,0.376730278646752,0.257295504663236,1.46419300694678,0.143141220403701,0.773929138613582
"ENSG00000141664",165.507523494335,-0.417062849606885,0.28494747141478,-1.46364818587842,0.143290099468541,0.774111814478237
"ENSG00000054983",180.208992122772,-0.397937554959722,0.2727250329853,-1.45911635101414,0.144533086596284,0.776678495767456
"ENSG00000143158",290.509961753142,-0.390149203030669,0.267355574540493,-1.45928957606821,0.144485423204089,0.776678495767456
"ENSG00000160551",226.0680196382,-0.37792478500821,0.259035434816826,-1.45896944669155,0.14457351720203,0.776678495767456
"ENSG00000180353",103.108763633582,0.532761159334505,0.36485641319881,1.46019403815222,0.144236753382486,0.776678495767456
"ENSG00000186468",868.509756596644,0.313759922391863,0.215002767000163,1.45932969500632,0.144474386076376,0.776678495767456
"ENSG00000188021",210.738165261792,-0.380101361228797,0.26014848301724,-1.46109389845494,0.143989674458326,0.776678495767456
"ENSG00000244462",264.739464494398,-0.367188311600604,0.251418834973615,-1.460464613318,0.144162426126762,0.776678495767456
"ENSG00000113716",425.441864284772,-0.363529395768709,0.249475731815179,-1.4571733816499,0.145068526297565,0.77809482286876
"ENSG00000149212",194.899783534826,-0.401681614337362,0.275605896670982,-1.45744927517603,0.144992403673594,0.77809482286876
"ENSG00000124145",329.464380434082,0.370964931141122,0.254710805167893,1.4564161535927,0.145277612715454,0.778340642991271
"ENSG00000187098",103.140566284163,0.496132989540918,0.34073339036343,1.45607387938041,0.145372197449085,0.778340642991271
"ENSG00000198406",170.864320330916,-0.399657839866637,0.274537262468462,-1.45575080145103,0.145461520701759,0.778340642991271
"ENSG00000112245",419.124539688963,-0.338184798746747,0.232582383303781,-1.45404305323089,0.145934370222473,0.779630320982012
"ENSG00000164855",291.224882329398,-0.365863348030517,0.251577675269565,-1.45427589168432,0.145869831612793,0.779630320982012
"ENSG00000128245",239.58977092067,0.418478366872196,0.288223144895057,1.45192492096554,0.146522482333143,0.782150965216445
"ENSG00000164062",354.809482487715,-0.344683108212658,0.237529933348727,-1.45111440631196,0.146748005622281,0.782733612859207
"ENSG00000050130",136.763645970392,-0.41885660722499,0.28889917263449,-1.44983664510151,0.147104077946563,0.782760396219047
"ENSG00000078747",247.597563580411,-0.387344088870681,0.26729587054235,-1.44912111094253,0.147303763421066,0.782760396219047
"ENSG00000130669",300.702080621174,-0.394635868308711,0.272060016442284,-1.45054710158937,0.146906014356735,0.782760396219047
"ENSG00000131171",514.881625813538,0.329989271157362,0.227547605531078,1.45019882932714,0.147003081440054,0.782760396219047
"ENSG00000135047",314.041447205833,0.348780154386476,0.240728781932007,1.44885107458811,0.147379176815038,0.782760396219047
"ENSG00000210082",18684.1878374841,0.288021034915454,0.198828137942343,1.44859293003577,0.147451296760264,0.782760396219047
"ENSG00000108828",337.030100901283,0.364261017548648,0.251966175236093,1.44567427436375,0.148268583179184,0.786478304781695
"ENSG00000136942",282.473158417784,0.361330152649713,0.250232103407197,1.44397999988726,0.148744601308382,0.78838155114277
"ENSG00000128849",665.373984239583,-0.31588706689535,0.218875815887057,-1.44322508000771,0.148957076694205,0.788388543705984
"ENSG00000198466",237.108563207404,-0.388730052935482,0.269369767317703,-1.4431094358002,0.148989645699615,0.788388543705984
"ENSG00000239559",459.487789766314,0.369240560505481,0.255932494475581,1.44272637697716,0.149097565803451,0.788388543705984
"ENSG00000185722",351.047363377092,-0.345199207587372,0.239403333055261,-1.44191479367453,0.149326412281204,0.788978357426065
"ENSG00000153904",403.14866607447,-0.350406431786643,0.243211826542751,-1.44074585832301,0.149656494183334,0.790101711049533
"ENSG00000107938",206.02370287962,-0.387058367830498,0.268735729653023,-1.4402936607285,0.149784334161091,0.790156416915687
"ENSG00000101752",176.915685867813,-0.397274601915549,0.276255251058058,-1.43807077112195,0.150413974896615,0.792321091505919
"ENSG00000144366",213.220625265196,-0.437139214217803,0.304183003794007,-1.43709283150427,0.150691617836608,0.792321091505919
"ENSG00000146802",260.050207809108,-0.37122019997477,0.258390893835877,-1.43666130978501,0.150814253594142,0.792321091505919
"ENSG00000221963",256.675845854998,-0.45843228534646,0.319163733196628,-1.43635456558604,0.150901474608844,0.792321091505919
"ENSG00000234107",137.53747314415,-0.436805193973761,0.303997998267933,-1.43686865197308,0.150755318758372,0.792321091505919
"ENSG00000272565",188.519284122349,-0.390059843448333,0.271340059150937,-1.4375313570318,0.150567069529018,0.792321091505919
"ENSG00000008952",1034.93906549121,-0.318810025713581,0.222200851440052,-1.43478309667771,0.151348916149326,0.794050553838038
"ENSG00000139178",270.659229335586,0.38288545934058,0.26695268381182,1.43428211274505,0.151491772672402,0.794180563518764
"ENSG00000104331",535.493396604169,-0.32825034420916,0.229138112887669,-1.43254363088029,0.151988300768143,0.794850879420711
"ENSG00000105402",576.280923913219,-0.33427575168601,0.233205987880447,-1.43339266167289,0.151745654358382,0.794850879420711
"ENSG00000114626",140.874703389737,0.420410747142903,0.293438669984787,1.43270396899188,0.151942454768073,0.794850879420711
"ENSG00000114942",171.746136899638,0.392905531033546,0.27434090437234,1.43217990744934,0.152092340442232,0.794850879420711
"ENSG00000138757",860.688741486272,-0.311777448422973,0.217903657403825,-1.43080410919941,0.152486365077029,0.796291375394484
"ENSG00000164116",703.316353402326,-0.341449121282907,0.238783612534975,-1.42995207107395,0.152730775582872,0.796948950015826
"ENSG00000107521",133.948922370401,0.473060243320525,0.331171043437257,1.42844687872039,0.153163274211233,0.797967608322813
"ENSG00000133116",222.304643361992,-0.441854571375442,0.309241045627697,-1.42883545901407,0.153051531312685,0.797967608322813
"ENSG00000158985",283.669632971048,-0.358709507542614,0.251253583697363,-1.42767916884593,0.153384224683071,0.798500228497165
"ENSG00000121741",441.792273853778,-0.336965713892086,0.236301576927879,-1.42599858313654,0.153868751039177,0.799784559110901
"ENSG00000197321",748.069857659341,0.35144409052165,0.246423452907367,1.42617955545717,0.153816519436507,0.799784559110901
"ENSG00000073969",313.903139025076,-0.371553200652319,0.260815915346961,-1.4245802452586,0.154278573782652,0.800117884125431
"ENSG00000111371",356.201675977273,-0.335659620008093,0.235626409982262,-1.42454158696965,0.154289755532364,0.800117884125431
"ENSG00000118263",128.792273307157,0.417243500863728,0.292839277964721,1.42482082241029,0.154209001678858,0.800117884125431
"ENSG00000065154",268.097871083674,0.357859861116382,0.251320509779968,1.42391825255205,0.154470137454458,0.800270184049622
"ENSG00000104517",408.550418043628,-0.337868646907999,0.237359100473616,-1.42344930627825,0.154605947761639,0.800270184049622
"ENSG00000105778",221.434322132502,-0.372644368423066,0.262510437785512,-1.41954114878869,0.155741309132398,0.800270184049622
"ENSG00000110274",128.86046989179,0.413857088145407,0.291569402149448,1.4194119310684,0.15577895603039,0.800270184049622
"ENSG00000144857",172.872825366005,0.38584815556283,0.271168978418682,1.42290669756142,0.154763204431824,0.800270184049622
"ENSG00000160190",320.282558664738,-0.342021918404549,0.240979122552295,-1.41930103646355,0.155811270091963,0.800270184049622
"ENSG00000163629",271.621081630003,-0.367397841957653,0.258800990499272,-1.41961528527723,0.155719712976644,0.800270184049622
"ENSG00000170088",171.52933785317,-0.435947087491577,0.307014043705868,-1.41995813034935,0.155619870854002,0.800270184049622
"ENSG00000198833",530.256863125665,-0.338482038207547,0.238416180389286,-1.41971085039142,0.155691877958491,0.800270184049622
"ENSG00000214199",846.268665363686,-0.352363384701184,0.24799422464845,-1.4208531880155,0.155359444343847,0.800270184049622
"ENSG00000214485",241.989929097394,0.359357475131558,0.253014548984342,1.42030360140988,0.155519313153923,0.800270184049622
"ENSG00000215835",198.823605567622,-0.373126812610741,0.262297545596052,-1.42253261182005,0.154871691184626,0.800270184049622
"ENSG00000224520",116.828090260596,-0.455651284751584,0.321081602246699,-1.41911365074568,0.15586588479111,0.800270184049622
"ENSG00000128833",305.14003732727,-0.345805686646572,0.244020572820593,-1.41711693669702,0.156448741547258,0.802650065329411
"ENSG00000176853",158.712183541179,-0.40984755185651,0.289343620269261,-1.41647343554736,0.156636936456797,0.803003075158854
"ENSG00000100968",124.066355937291,0.427209808386736,0.301812837082166,1.4154792503754,0.156928027961193,0.803882647423445
"ENSG00000136636",433.879236356932,-0.329460218805018,0.232886458514926,-1.41468173334734,0.157161832499737,0.804467644895914
"ENSG00000143149",354.247287278391,-0.367844992054403,0.260104929598639,-1.4142176875387,0.157297996213237,0.80455233652489
"ENSG00000164975",146.492729312083,-0.406763267776106,0.287858828167657,-1.41306511377583,0.157636579623397,0.805671454822923
"ENSG00000136828",132.766518310485,-0.411150579594365,0.291065143978879,-1.41257236773154,0.157781498509324,0.805799816988395
"ENSG00000023516",191.397075515605,-0.403556272141535,0.285924797123788,-1.4114070419951,0.158124627749349,0.806327707537621
"ENSG00000127955",132.025062996953,-0.448542913690153,0.317795579175462,-1.41141961399816,0.158120922919923,0.806327707537621
"ENSG00000105520",250.55327719559,-0.353108985899473,0.250428592801816,-1.41001864822567,0.158534176586895,0.807227433448276
"ENSG00000105894",154.346245474676,0.474095589949843,0.336336077089546,1.40958886733884,0.158661116119331,0.807227433448276
"ENSG00000166963",107.801340680116,0.468500305528822,0.332364951492286,1.40959599808975,0.158659009362368,0.807227433448276
"ENSG00000005884",278.185741712369,0.363784564153901,0.258564384740747,1.40693995624593,0.159445194142109,0.810038827203366
"ENSG00000103710",115.823536928499,0.48567680042457,0.345208554856968,1.40690835609738,0.159454565450083,0.810038827203366
"ENSG00000125730",946.5361755608,0.92676837979511,0.659014696985759,1.40629394766766,0.159636856605614,0.810352828324046
"ENSG00000105640",111.286848237134,0.431942689929281,0.307293119978425,1.40563736005417,0.159831836236334,0.810730716836787
"ENSG00000091483",134.184151987496,0.40804266501051,0.290477754051339,1.40472948210138,0.160101735397945,0.811487771127788
"ENSG00000102804",1828.71996815093,-0.292799664048668,0.20867543449198,-1.40313432082453,0.160576788448156,0.812883254217228
"ENSG00000134030",140.248742627507,0.411261402360292,0.293216039551036,1.40258835427285,0.16073962654013,0.812883254217228
"ENSG00000243517",245.043832655454,0.380190944739808,0.271033217162316,1.40274667703229,0.160692392902556,0.812883254217228
"ENSG00000175274",426.282491005455,-0.329918153838483,0.235331797349521,-1.40192765089233,0.160936852466824,0.813269173322209
"ENSG00000075539",167.014854587331,-0.407859591442199,0.291129385991088,-1.40095645121405,0.161227096151772,0.814124210748365
"ENSG00000111859",342.194453538761,0.368772440062017,0.263481710583732,1.39961304807464,0.161629224519078,0.815542508713668
"ENSG00000164930",153.625607394013,-0.420787505366475,0.300925822864889,-1.39830972749521,0.162020078019872,0.816901832654917
"ENSG00000076321",134.104496896158,-0.431429584327802,0.308960421211425,-1.39639110613644,0.162596751875167,0.818582150533213
"ENSG00000159267",209.948499297341,-0.367540048013734,0.263153934401548,-1.39667320137005,0.162511866455429,0.818582150533213
"ENSG00000144891",105.399378887123,-0.571633822893929,0.409486242580541,-1.39597809023217,0.162721093030354,0.81859541639653
"ENSG00000082701",234.339420289091,-0.355102918971581,0.254575666910325,-1.394881621175,0.163051540201586,0.818887435324665
"ENSG00000113597",152.857937313037,-0.405108906984464,0.290325412145906,-1.39536151517068,0.162906850451049,0.818887435324665
"ENSG00000129354",205.445651627284,-0.404563355021138,0.290182133015448,-1.39417045018275,0.163266138978647,0.818887435324665
"ENSG00000164403",934.942562173261,0.357927932405786,0.25672998407227,1.39418047992801,0.163263110981973,0.818887435324665
"ENSG00000012822",521.372262666993,0.316469372897708,0.227567323944213,1.39066262859113,0.164327755147699,0.820098012396407
"ENSG00000072415",245.846135332158,-0.358116563058103,0.25720842623087,-1.39232049395091,0.163825368268771,0.820098012396407
"ENSG00000084073",307.807178081671,-0.341255739814992,0.245254178035136,-1.39143700853122,0.164092948710399,0.820098012396407
"ENSG00000084234",3475.9389620373,-0.283463220833724,0.2043788051068,-1.38695018148089,0.165456954476516,0.820098012396407
"ENSG00000100129",841.864047650847,0.302073380718946,0.218111532919275,1.38494914356842,0.166068018567337,0.820098012396407
"ENSG00000109118",783.825250496344,-0.300868531626491,0.216942837182164,-1.3868562591622,0.165485597973045,0.820098012396407
"ENSG00000114019",243.344330219571,0.376163208205118,0.270628020877323,1.38996400663047,0.164539807432967,0.820098012396407
"ENSG00000115677",3336.38506323173,-0.280853213833484,0.202716305148495,-1.38544955043331,0.165915048610928,0.820098012396407
"ENSG00000123505",2441.37699261553,-0.308082288570582,0.222322293183508,-1.38574627024149,0.165824394058762,0.820098012396407
"ENSG00000123607",114.602505431467,-0.425584043651483,0.306901750945205,-1.38671103159482,0.165529895380416,0.820098012396407
"ENSG00000137876",116.168609879926,0.416972953599497,0.300394657358215,1.38808378706371,0.165111532904375,0.820098012396407
"ENSG00000142676",1583.02757303807,0.296238189980481,0.213347945642132,1.3885214084854,0.164978330367193,0.820098012396407
"ENSG00000150054",112.524295173178,-0.427135306404853,0.308263248506146,-1.38561865053575,0.165863380171542,0.820098012396407
"ENSG00000157224",190.987950327531,-0.375577974398574,0.27052213575263,-1.38834470367338,0.165032105765639,0.820098012396407
"ENSG00000160255",140.554598355326,0.480324388903995,0.346251331907058,1.38721311556695,0.165376787290632,0.820098012396407
"ENSG00000165156",156.14276563093,-0.392233775167627,0.282432813842361,-1.38876842896361,0.164903178381758,0.820098012396407
"ENSG00000197081",868.91620928765,-0.302359218919003,0.217114669741535,-1.39262454848835,0.163733355636532,0.820098012396407
"ENSG00000217130",186.898459383277,0.37221451434793,0.268753381555665,1.38496681304393,0.166062615358804,0.820098012396407
"ENSG00000223764",124.627416554718,0.568296696402397,0.410147811830339,1.38558997515139,0.165872141066452,0.820098012396407
"ENSG00000227347",145.105683219831,-0.404256393173257,0.291097484471148,-1.38873200470176,0.164914258254012,0.820098012396407
"ENSG00000228057",123.88603580112,-0.416457249868197,0.300286971725974,-1.38686419685311,0.165483177070515,0.820098012396407
"ENSG00000204138",240.272041466371,-0.352998605359514,0.255017447631155,-1.38421354553777,0.166293076924493,0.820606922519545
"ENSG00000071127",910.238082389847,0.299504260507928,0.217508211422748,1.37697909678367,0.168518710632831,0.822969103602842
"ENSG00000092439",158.089553163992,-0.380419654906534,0.276555372634465,-1.37556414573566,0.168956613511959,0.822969103602842
"ENSG00000092964",164.60634443395,0.402798188215651,0.292224924232556,1.37838409667992,0.168084730855,0.822969103602842
"ENSG00000093072",109.151895624524,0.437451825811294,0.317938619342949,1.37590024991406,0.168852517852574,0.822969103602842
"ENSG00000100568",232.94979669281,-0.384686222540602,0.278900668654325,-1.37929473025893,0.167803900656092,0.822969103602842
"ENSG00000101493",156.017948337258,0.46215392389139,0.335651087359657,1.37688790918822,0.168546905912743,0.822969103602842
"ENSG00000102189",107.833402503542,-0.4503257301004,0.326444824825748,-1.37948497220251,0.167745276483257,0.822969103602842
"ENSG00000109971",2548.22170031807,-0.279466239722881,0.202453453586374,-1.38039749271874,0.167464291747995,0.822969103602842
"ENSG00000115295",105.321395044476,0.434366795813504,0.315263199662018,1.37779098949441,0.168267828786825,0.822969103602842
"ENSG00000120742",1068.93705438317,-0.302108752883109,0.218953398550951,-1.37978562964762,0.167652658490452,0.822969103602842
"ENSG00000125810",162.809371858477,0.414796816112638,0.300318783674889,1.38118838601077,0.167221044804345,0.822969103602842
"ENSG00000129946",291.086195265177,-0.348421110014169,0.252835201532955,-1.37805617216934,0.168185945829284,0.822969103602842
"ENSG00000134531",232.396905758945,0.42095590482859,0.306124678244504,1.37511260850512,0.169096536006412,0.822969103602842
"ENSG00000137076",1687.56131840648,0.317734868366017,0.23098394706191,1.3755712135305,0.168954424032216,0.822969103602842
"ENSG00000150977",102.706120602652,0.434804265779172,0.316014075523902,1.37590157988481,0.168852106039637,0.822969103602842
"ENSG00000163946",206.518681172365,-0.367994715293269,0.267446017961566,-1.37595884993192,0.168834373622902,0.822969103602842
"ENSG00000170242",372.024390329521,-0.322776870238648,0.234597580655923,-1.37587467584355,0.168860436769618,0.822969103602842
"ENSG00000173175",198.740003488622,0.414600721151396,0.300184799503135,1.38115161672957,0.167232347667925,0.822969103602842
"ENSG00000196177",343.779908960025,-0.326423952299538,0.237352572884819,-1.37527033447387,0.169047649959873,0.822969103602842
"ENSG00000091409",353.765420394447,-0.33036395769387,0.240360719295969,-1.3744506950284,0.169301807039012,0.823372345729859
"ENSG00000139970",136.166892262048,-0.420642623704323,0.306545624009092,-1.37220234366107,0.170000456039296,0.826172736503108
"ENSG00000088881",163.99653066907,0.38987242898876,0.284264822296977,1.37151134578816,0.170215609126698,0.826621073636223
"ENSG00000079819",156.799457161392,0.396279008992677,0.289847991298543,1.36719598164995,0.171563884545346,0.830202235027504
"ENSG00000119682",192.632389728334,-0.363913210834123,0.265954407073301,-1.36832931192534,0.171209019668386,0.830202235027504
"ENSG00000163683",513.407665884476,-0.31513926126259,0.230453270449041,-1.3674757604808,0.17147622992187,0.830202235027504
"ENSG00000165801",134.703523010934,0.415703532856216,0.304147633090766,1.36678207432296,0.171693623092961,0.830202235027504
"ENSG00000177189",234.768647937607,-0.351448240450332,0.257012784270331,-1.36743485911841,0.171489042213683,0.830202235027504
"ENSG00000188994",166.540028781439,-0.398439231116642,0.291442763389214,-1.36712686389313,0.171585544283232,0.830202235027504
"ENSG00000022267",995.699865177318,0.881162392019449,0.64593197168904,1.36417212746926,0.172513398307233,0.832968497497808
"ENSG00000142871",1430.21584953853,0.337622136609373,0.247488605842465,1.3641926482235,0.172506941411732,0.832968497497808
"ENSG00000174705",204.966780077677,0.418846343146348,0.30712980868276,1.36374370479611,0.172648243623731,0.83302158293631
"ENSG00000042445",315.066897975955,-0.340479310367991,0.250520519225824,-1.35908751674379,0.174118858041214,0.833838243390309
"ENSG00000073910",136.953638494581,0.440809831786353,0.324389446457429,1.35889079191793,0.174181197139962,0.833838243390309
"ENSG00000112701",485.515877292452,-0.328783601342035,0.241403027227717,-1.36196967004846,0.173207457124935,0.833838243390309
"ENSG00000148411",204.217389061973,0.377025239622377,0.277437142717727,1.35895733328675,0.174160109329184,0.833838243390309
"ENSG00000156931",154.243009388264,-0.381417642224084,0.280144742459207,-1.36150205381643,0.173355084936375,0.833838243390309
"ENSG00000166432",180.281040384196,-0.382879849556957,0.281510694724419,-1.36008988906006,0.173801480277477,0.833838243390309
"ENSG00000173889",293.917265183796,-0.342012628170367,0.251664403458118,-1.35900279686271,0.174145702437001,0.833838243390309
"ENSG00000187678",184.709799453576,-0.432570896815817,0.31793860240628,-1.3605485258536,0.173656407855586,0.833838243390309
"ENSG00000197971",202.758769631837,-0.37619262379366,0.276362144510513,-1.36123065791071,0.173440808533556,0.833838243390309
"ENSG00000215895",124.988799819903,-0.40582569583533,0.298342055093015,-1.3602698275602,0.173744552742,0.833838243390309
"ENSG00000234176",128.493798629746,-0.40954084270141,0.300886740957443,-1.361112960306,0.173477994556529,0.833838243390309
"ENSG00000125354",144.265054126186,0.386847234664528,0.285158633831296,1.35660361906977,0.174907191222424,0.834936670093698
"ENSG00000162078",203.635727158357,-0.390353028771084,0.287704132370084,-1.35678631222773,0.174849117920045,0.834936670093698
"ENSG00000165476",276.781048143127,-0.341532403424494,0.251741275124048,-1.35668019976542,0.174882846501108,0.834936670093698
"ENSG00000244245",102.455140167911,-0.439352158213301,0.323790853045197,-1.35690108006842,0.174812643632877,0.834936670093698
"ENSG00000100342",315.911154784359,0.492404954551873,0.363100862230631,1.3561106727395,0.175063957592256,0.835092325365615
"ENSG00000118873",137.052868701612,-0.398963302234335,0.294320270668781,-1.3555413676665,0.175245137953667,0.835364137403519
"ENSG00000143153",310.991544391709,0.43264401724185,0.319322817601169,1.35487974361487,0.175455874410772,0.835776353602585
"ENSG00000120992",187.384924856353,-0.368017971383904,0.272306996890304,-1.3514818773906,0.176541121342259,0.8403507304657
"ENSG00000082258",204.613445061022,-0.353625438475747,0.261740276287224,-1.35105473063569,0.176677901271918,0.840407046644216
"ENSG00000115760",342.868773278622,-0.32635808874194,0.241754253474764,-1.34995800094995,0.177029455151512,0.841484180458704
"ENSG00000141198",173.935502615587,-0.383849037781675,0.284542512106234,-1.34900417846302,0.177335623973136,0.842344213872397
"ENSG00000107651",248.656318651885,-0.34112611275238,0.253154310746072,-1.34750268224564,0.17781839015269,0.842851650575754
"ENSG00000162729",172.338471994354,-0.365371274018971,0.271083084476706,-1.34782026227965,0.177716199236509,0.842851650575754
"ENSG00000169738",328.281212804856,-0.461882565349918,0.342755537109428,-1.34755683086881,0.177800963113581,0.842851650575754
"ENSG00000175054",125.100739429978,-0.406802730278051,0.301999385405031,-1.34703164952624,0.17797003963286,0.842976398993392
"ENSG00000065613",262.28629622547,-0.368450040988568,0.274394138358499,-1.34277664673428,0.179344307448845,0.844162821077828
"ENSG00000100219",1775.97313207088,-0.280367629604305,0.20890674315366,-1.34207075067022,0.179573056596762,0.844162821077828
"ENSG00000102898",150.416135600176,0.378467625991132,0.281893599834245,1.34259034690278,0.17940465778607,0.844162821077828
"ENSG00000137575",298.931742334064,0.342010745612763,0.254539718092461,1.34364392392596,0.179063558632793,0.844162821077828
"ENSG00000167608",313.55094697099,-0.353619923080887,0.262936217870845,-1.34488860433288,0.178661210836418,0.844162821077828
"ENSG00000175356",477.01303463808,0.349167293342134,0.259795170664913,1.344009946176,0.178945170633477,0.844162821077828
"ENSG00000175866",307.5263790277,-0.364295171709167,0.271062946897442,-1.34395045829336,0.178964407717855,0.844162821077828
"ENSG00000176907",459.596506059947,-0.382213297571722,0.284501984672128,-1.34344685859468,0.179127322510132,0.844162821077828
"ENSG00000204287",1325.22513840113,0.41481110925711,0.308305670983,1.34545403571244,0.178478655258809,0.844162821077828
"ENSG00000214548",368.954413412395,0.327145843555597,0.243427696318052,1.34391381302875,0.17897625876309,0.844162821077828
"ENSG00000235957",110.026960225493,-0.43529152973537,0.324457670552626,-1.34159728445923,0.17972660716376,0.844162821077828
"ENSG00000259479",180.095751018549,-0.479944579875774,0.357654185402198,-1.34192356601686,0.179620779832677,0.844162821077828
"ENSG00000213598",117.489310827341,0.421099469732283,0.314131347747377,1.34052036752132,0.180076227163331,0.845214727076459
"ENSG00000101856",371.518730079791,0.335039743046282,0.250211610409001,1.33902556519507,0.180562350404554,0.846905417587888
"ENSG00000068323",195.694736297688,0.351632435144098,0.262969293241752,1.33716157810424,0.181169900496838,0.847391342657674
"ENSG00000110367",358.669787237813,-0.319298722266316,0.238765288503794,-1.33729121291951,0.181127598139412,0.847391342657674
"ENSG00000163728",219.805000830161,-0.352900775345035,0.263829790466229,-1.3376077611304,0.18102433312487,0.847391342657674
"ENSG00000177548",218.580741461472,-0.37162799084443,0.277716229667825,-1.33815726682208,0.180845176042096,0.847391342657674
"ENSG00000242951",115.828066775073,0.424261264364715,0.317454049236429,1.33644937081505,0.181402438398878,0.847889368082593
"ENSG00000101236",231.850609757288,0.341215841314555,0.255514914777697,1.3354047907983,0.181743897628662,0.848306353539474
"ENSG00000171303",189.583036132813,-0.369168335271991,0.27642038590199,-1.33553223315044,0.181702212906072,0.848306353539474
"ENSG00000145012",1107.63489456163,0.300805057863322,0.22534140336644,1.33488588146478,0.181913699330285,0.84851008439355
"ENSG00000124593",107.821196666002,-0.416152658909668,0.311884579913196,-1.33431623655614,0.182100238615965,0.848791548808717
"ENSG00000203875",148.294204717801,0.383580397394348,0.287629792872281,1.33359063247204,0.182338054626349,0.849311464970101
"ENSG00000033178",190.846901361595,-0.374072580177351,0.280946399130147,-1.33147312560523,0.183033382056644,0.849608369712205
"ENSG00000081277",241.018899162432,-0.483193882153153,0.362864318109226,-1.33161035141435,0.182988261643758,0.849608369712205
"ENSG00000107862",591.694305193283,-0.294836591626972,0.221248043122837,-1.33260655084429,0.18266095427828,0.849608369712205
"ENSG00000182551",636.223789122296,-0.322859932176893,0.242453773427417,-1.33163500659455,0.182980155792353,0.849608369712205
"ENSG00000184432",902.007234230922,-0.285496763853014,0.214340461899595,-1.3319779257859,0.182867442287371,0.849608369712205
"ENSG00000198879",117.03516668455,-0.416799287159466,0.313279732230491,-1.33043808545141,0.183373973202018,0.850602306039155
"ENSG00000122218",1050.29159030001,-0.308671190552589,0.232345294832831,-1.32850200721591,0.184012320917257,0.85194216412708
"ENSG00000176720",129.004484475696,0.419390773453862,0.315705953764711,1.32842212334844,0.184038694868864,0.85194216412708
"ENSG00000198648",340.028348912954,-0.325320392507449,0.244894632310509,-1.32840964882793,0.184042813630188,0.85194216412708
"ENSG00000133112",3628.83623846392,0.278628561999643,0.209921968065778,1.32729587363785,0.184410828301451,0.852273995535471
"ENSG00000166123",407.506760858057,-0.472431910579947,0.355969437416574,-1.32716986606657,0.184452498120257,0.852273995535471
"ENSG00000169895",277.105824177432,-0.361776893848143,0.272697629112731,-1.32665947637772,0.184621351694199,0.852273995535471
"ENSG00000178026",171.066449187716,-0.390837726802187,0.29459634229842,-1.32668900011758,0.184611581160794,0.852273995535471
"ENSG00000211677",189.835467162971,-0.418552578998333,0.315756913584502,-1.32555317394918,0.184987745336721,0.853379681162406
"ENSG00000133789",173.560189142434,0.365507233365665,0.276140552648228,1.32362751454068,0.185626782564322,0.853984773958706
"ENSG00000141425",252.991532315715,-0.332626825820845,0.251155750736105,-1.32438466905878,0.185375323565071,0.853984773958706
"ENSG00000177706",138.336615618004,0.384253202440886,0.290250854027788,1.32386588052588,0.18554759151847,0.853984773958706
"ENSG00000247556",292.82885443614,-0.330678318895555,0.249800127392414,-1.32377161832303,0.185578904754927,0.853984773958706
"ENSG00000115380",243.121337322728,0.359699684728122,0.271968600069347,1.32257799112252,0.185975757355208,0.85415670250797
"ENSG00000148484",163.792507515545,0.379378449654815,0.286836261719267,1.32263071405567,0.185958215003834,0.85415670250797
"ENSG00000161533",380.949024233734,-0.317679635033166,0.240304466199415,-1.32198805980385,0.186172126951633,0.85415670250797
"ENSG00000227418",148.642044374392,-2.55838622823595,1.934963416082,-1.32218842329137,0.186105415065229,0.85415670250797
"ENSG00000213445",103.463421227893,0.415634227474793,0.314553052483283,1.32134857440903,0.186385164593439,0.85455120453679
"ENSG00000142634",150.121537015467,0.373246542578945,0.282574306520016,1.32087926597285,0.186541624197847,0.854685943020925
"ENSG00000196535",156.374864102579,0.375932009341296,0.284746960102085,1.32023186202416,0.186757617112003,0.855093078757886
"ENSG00000157693",222.806158875466,-0.352351848337171,0.267082109613436,-1.31926413508996,0.18708082354844,0.855408306721148
"ENSG00000257093",245.841760895628,-0.339106544464123,0.257018303726277,-1.31938675007858,0.18703984912275,0.855408306721148
"ENSG00000171517",123.910506757678,-1.10048676292559,0.835019142818961,-1.31791800510158,0.187531097679506,0.856668983032408
"ENSG00000189339",313.807487598015,-0.322339113390143,0.244697120834193,-1.31729834945038,0.187738638267881,0.856668983032408
"ENSG00000197619",297.831271153943,-0.399375369976579,0.303109216370105,-1.31759560055386,0.187639059135145,0.856668983032408
"ENSG00000117020",273.893821252992,-0.336851764987409,0.255883427866216,-1.31642665488883,0.188030880884143,0.857160228630061
"ENSG00000198478",263.739026236449,-0.3765273852512,0.286067834307618,-1.31621713487126,0.188101174168595,0.857160228630061
"ENSG00000049656",408.756919725047,-0.304633558855383,0.232783005331805,-1.30865893075469,0.190649909234075,0.858373916097436
"ENSG00000050327",109.388506967217,-0.401573672422088,0.307447701666748,-1.30615278710838,0.191500604731996,0.858373916097436
"ENSG00000067225",1472.23264220985,0.270887223151788,0.206714555219838,1.31044097433634,0.190046699914274,0.858373916097436
"ENSG00000068912",413.801186230032,-0.30447358759271,0.231615328975183,-1.3145657886285,0.188655874220391,0.858373916097436
"ENSG00000077232",627.73213049727,-0.296972936739822,0.226298027125583,-1.31230899584917,0.189415898112472,0.858373916097436
"ENSG00000091592",155.112624404133,0.375320698912421,0.286656704755705,1.30930375144122,0.190431479395772,0.858373916097436
"ENSG00000100139",166.675170210086,0.38282782087239,0.291437802845382,1.31358326591384,0.188986483154088,0.858373916097436
"ENSG00000106333",150.907753780396,0.372733886254509,0.284709839447315,1.30917107388374,0.190476408201917,0.858373916097436
"ENSG00000109686",284.779928579172,0.332283632447583,0.253446716839974,1.31105913144413,0.189837786798174,0.858373916097436
"ENSG00000114573",312.097602029878,-0.314526428277449,0.240212564874224,-1.30936709510652,0.190410031984989,0.858373916097436
"ENSG00000121900",104.336752712232,-0.4182950456857,0.319568439607672,-1.30893728491848,0.190555595513387,0.858373916097436
"ENSG00000122862",154.914377156303,0.401984851810564,0.307802294529167,1.30598393499783,0.191558020824004,0.858373916097436
"ENSG00000123144",265.327020036726,0.3260467358717,0.249372860933223,1.30746679751575,0.191054224154461,0.858373916097436
"ENSG00000123933",410.895719385932,-0.326024980090849,0.249543232438916,-1.30648696381961,0.191387009359461,0.858373916097436
"ENSG00000126016",173.591441139998,0.364306068515306,0.277927706907366,1.31079435213248,0.189927251207148,0.858373916097436
"ENSG00000126561",104.920845305505,0.419076877984979,0.319242933046888,1.31272092379702,0.189277004349912,0.858373916097436
"ENSG00000133703",116.932746380881,-0.392517812210394,0.299907802640386,-1.30879493215805,0.190603824084555,0.858373916097436
"ENSG00000138166",265.381549765826,0.398338180532907,0.303360156479731,1.31308667939562,0.18915374190235,0.858373916097436
"ENSG00000164597",209.686963915219,-0.363285382279973,0.276935589976937,-1.31180460521606,0.189586070703714,0.858373916097436
"ENSG00000165209",132.923459906565,-0.383247361430308,0.293296053828274,-1.30669116214806,0.191317621433234,0.858373916097436
"ENSG00000177311",279.488025700587,-0.32767435018613,0.250689309859673,-1.307093431186,0.191180981939088,0.858373916097436
"ENSG00000185052",106.078894757428,0.425008254892981,0.325054588427646,1.30749809423959,0.19104360173409,0.858373916097436
"ENSG00000188243",141.607661218817,0.373277638438875,0.284815316563717,1.3105953813947,0.189994500459384,0.858373916097436
"ENSG00000188846",345.322673347319,0.320827520935426,0.245233685946576,1.30825224804278,0.190787765823995,0.858373916097436
"ENSG00000206053",600.706352560204,-0.30705316453881,0.23463673473191,-1.30863210694456,0.190658999662433,0.858373916097436
"ENSG00000137312",447.39528438969,0.307940417200494,0.235945724042477,1.30513243437739,0.19184775614227,0.859099872045876
"ENSG00000056097",345.393538131631,-0.308155842435397,0.236658895676959,-1.30210969485817,0.192878889473939,0.859985801941693
"ENSG00000109436",248.385614950988,-0.330902776928878,0.254163433595168,-1.3019291258708,0.192940614797802,0.859985801941693
"ENSG00000130429",158.270494823397,0.374804706597635,0.287865961368164,1.30201120277045,0.192912556003601,0.859985801941693
"ENSG00000182774",146.913870720716,0.367552014014191,0.282309353593162,1.30194770147033,0.192934264284167,0.859985801941693
"ENSG00000198853",119.901559729945,0.402515682381884,0.308746105184392,1.30371096387269,0.192332149792611,0.859985801941693
"ENSG00000204291",298.572236611835,0.354235449252544,0.271991509566848,1.30237686395679,0.192787587568623,0.859985801941693
"ENSG00000230629",410.834037050398,0.301319370979487,0.231257108973196,1.30296263028356,0.192587519955994,0.859985801941693
"ENSG00000143365",255.758503898667,-0.330800654598644,0.254190853455588,-1.30138693073172,0.193126044865306,0.860242236929832
"ENSG00000134824",477.792605880206,-0.316368144612441,0.243270230440448,-1.30048030965255,0.193436400583609,0.860484940691371
"ENSG00000166128",128.674338639791,-0.381489740591557,0.293289978229821,-1.30072545572158,0.193352445750524,0.860484940691371
"ENSG00000062194",236.469191807769,0.364333753399219,0.28032709963555,1.29967368075682,0.193712834633586,0.861145093024126
"ENSG00000107104",376.621411297863,0.339707963201183,0.261981012026093,1.29668925459128,0.19473812804758,0.861575565505832
"ENSG00000113441",183.576234028254,-0.357879574777066,0.2759193421594,-1.29704417231583,0.194615988647568,0.861575565505832
"ENSG00000118705",1427.890520378,-0.279483715894524,0.215208731333968,-1.29866346110657,0.194059448800514,0.861575565505832
"ENSG00000119912",187.77983274789,-0.361206309157667,0.278228009435986,-1.29823848393227,0.194205397713359,0.861575565505832
"ENSG00000138448",457.136257204009,-0.350645684117794,0.270571643397978,-1.29594394931488,0.194994796247088,0.861575565505832
"ENSG00000142687",681.721062153768,-0.285191317026719,0.220087187611925,-1.29581062905666,0.195040735221103,0.861575565505832
"ENSG00000152620",166.271811326058,-0.356395305246503,0.275174505001803,-1.29516106604486,0.195264672658596,0.861575565505832
"ENSG00000158526",162.050619453286,0.359910224465665,0.277511913339005,1.2969181039302,0.194659366678544,0.861575565505832
"ENSG00000168813",115.351804965268,-0.421891720836224,0.325746346092706,-1.29515411576146,0.195267069794116,0.861575565505832
"ENSG00000174748",1253.98312304327,0.27058543020666,0.208828820272038,1.29572838583378,0.195069078227987,0.861575565505832
"ENSG00000177239",364.814471647994,-0.304725012001076,0.235047014063164,-1.29644281258212,0.194822970294894,0.861575565505832
"ENSG00000196730",200.464313860853,-0.35771121303886,0.276241318975908,-1.2949229114782,0.195346823876954,0.861575565505832
"ENSG00000104872",135.756031186547,0.373204225270392,0.288490934935053,1.29364281534326,0.195788826177847,0.862394004500459
"ENSG00000129925",392.967132497474,-0.344723432386216,0.266421862267116,-1.29390069363225,0.195699724898017,0.862394004500459
"ENSG00000125398",341.031881900917,0.318254314020487,0.246197212071633,1.29268041397597,0.196121614552984,0.863153531422609
"ENSG00000152409",150.454059801385,-0.371224131551816,0.287235780415855,-1.29240212000874,0.196217922917807,0.863153531422609
"ENSG00000051382",167.739661926795,-0.362303703554465,0.280573334521163,-1.29129770714949,0.196600465397599,0.86402196190651
"ENSG00000076944",218.205513842601,-0.33584705447953,0.260423423199683,-1.28961922991856,0.197182895654218,0.86402196190651
"ENSG00000091436",288.302316320411,0.316704260567858,0.245722278793787,1.28887076142428,0.197443020435668,0.86402196190651
"ENSG00000108963",182.036053858582,-0.347003102910114,0.269212089959335,-1.28895809605924,0.197412654982163,0.86402196190651
"ENSG00000120889",185.957661076957,0.348624612638256,0.270404437210855,1.2892710498179,0.197303871891823,0.86402196190651
"ENSG00000162458",261.161580916794,0.331353010231619,0.256729187568526,1.29067136218462,0.196817659059196,0.86402196190651
"ENSG00000227827",109.145082653331,-0.412639327267244,0.319954769428782,-1.28968018824639,0.197161721084038,0.86402196190651
"ENSG00000241352",115.40398631905,0.411631257789933,0.319114275830038,1.28991802926789,0.197079120210829,0.86402196190651
"ENSG00000069188",147.632252056322,-0.382028788648479,0.296613872634983,-1.28796669304341,0.197757557607183,0.864363740938092
"ENSG00000127526",456.514964659654,-0.305199069949694,0.236972807540785,-1.28790755832678,0.197778144112953,0.864363740938092
"ENSG00000106537",365.776396244676,-0.315604449902268,0.245213854751004,-1.28705798545821,0.198074078107717,0.865094967112015
"ENSG00000100353",559.219324731367,0.285252286116003,0.221758169543956,1.28632143159651,0.198330905908474,0.865654557521348
"ENSG00000185043",380.067434854977,-0.335975412963137,0.261281873274619,-1.2858734084856,0.198487245449,0.865775105635523
"ENSG00000267809",151.954587936789,-0.359778191403308,0.280004394510819,-1.28490194602787,0.198826550838906,0.866693053105952
"ENSG00000134247",369.032630612606,0.337858141760895,0.26312420361049,1.2840253276777,0.199133093511794,0.867467090000213
"ENSG00000087086",1440.46724777566,0.271393457958263,0.211522622529664,1.2830469607108,0.199475624105326,0.867835089089538
"ENSG00000160285",433.787307907034,-0.336362931754145,0.262110577638,-1.28328637014678,0.199391766053455,0.867835089089538
"ENSG00000135333",114.303261576949,-0.452092422693789,0.352645419228291,-1.28200282222047,0.199841656207808,0.868304250422295
"ENSG00000151883",145.146796523914,-0.366408568566929,0.2857559270468,-1.28224310989329,0.199757377787855,0.868304250422295
"ENSG00000100239",371.901568086611,-0.299940713111497,0.234075258112039,-1.28138580527777,0.200058187480567,0.86834281095971
"ENSG00000150961",362.670025184285,-0.322689021288281,0.2518654287421,-1.28119616455461,0.200124772971879,0.86834281095971
"ENSG00000205808",122.833526868243,-0.400595329297802,0.312751488971484,-1.28087425135913,0.20023783820971,0.86834281095971
"ENSG00000063660",430.518383511238,-0.328781524714576,0.256860306789709,-1.28000129262381,0.20054468130011,0.869113096923028
"ENSG00000048392",188.972757072907,-0.357650402989545,0.279764105929,-1.27839989265925,0.201108461884339,0.869874929025123
"ENSG00000100023",260.040997042553,-0.329182309634262,0.257384264879094,-1.27895273547082,0.200913700369013,0.869874929025123
"ENSG00000160408",125.753342402782,0.391139342171193,0.305917063745824,1.2785796822899,0.20104510851898,0.869874929025123
"ENSG00000166747",488.192211762828,-0.293199563667976,0.229503216064519,-1.27754010900462,0.201411629487572,0.87062636242507
"ENSG00000239305",250.43695113089,-0.320528609804381,0.250980533029741,-1.27710546286233,0.201565016487123,0.87072980147231
"ENSG00000184470",202.148298840212,-0.360560472725288,0.28248594637395,-1.27638375414253,0.201819896242311,0.871271259387538
"ENSG00000136888",603.061053850953,-0.292356616846563,0.229207581219643,-1.27551023963037,0.202128702178427,0.872044676620975
"ENSG00000164181",247.468274391185,-0.373491109645923,0.293096378240706,-1.27429452348672,0.202559056660243,0.873341163523588
"ENSG00000159189",128.915874799388,0.441119478030725,0.346918788140189,1.27153527889204,0.203538285041012,0.876439503960211
"ENSG00000244398",315.913616673618,0.319137066708112,0.250939511642424,1.27176890008006,0.203455241913672,0.876439503960211
"ENSG00000147454",412.86776764312,-0.327242719118562,0.257443490698205,-1.2711244639787,0.203684373396209,0.876507418722268
"ENSG00000139329",636.462395448576,0.31816525807395,0.250675050915086,1.26923384242864,0.204357674149628,0.878842529623018
"ENSG00000125304",980.03773531797,-0.268721325739581,0.211820281420487,-1.26862887697773,0.204573460027379,0.879208365587317
"ENSG00000173848",390.051885286103,-0.307467432255829,0.242551873464384,-1.26763577565595,0.204928049806202,0.880169899742346
"ENSG00000167792",264.222409633435,0.326611943391346,0.257769241172286,1.26707105124714,0.205129885538121,0.880474543796682
"ENSG00000135916",589.524761693314,0.316231414374422,0.24967153946236,1.26658975650726,0.205302017063043,0.880651381866089
"ENSG00000000971",145.112979264686,0.44630880477262,0.35327913752693,1.26333190206738,0.206469925857434,0.881577984209305
"ENSG00000047457",168.779005293992,1.08942877203948,0.86105312709484,1.26522828587263,0.205789505520139,0.881577984209305
"ENSG00000100100",148.700115272841,0.372245342372937,0.295227224942364,1.26087742228248,0.207353013829783,0.881577984209305
"ENSG00000100934",229.615339977863,0.345644651235355,0.273478967869495,1.26388019498559,0.206273031328683,0.881577984209305
"ENSG00000117410",324.092463945934,-0.311963043091648,0.247370187225961,-1.26111819128262,0.207266267432973,0.881577984209305
"ENSG00000128654",124.83529224162,-0.388642821484967,0.307265657661517,-1.26484301709075,0.205927607483433,0.881577984209305
"ENSG00000132405",125.13835550298,-0.374761370239798,0.297000047098001,-1.26182259532147,0.207012629701898,0.881577984209305
"ENSG00000138293",979.227687634365,-0.275261011069307,0.217681368408149,-1.26451341739637,0.206045807946695,0.881577984209305
"ENSG00000162613",337.199644708367,-0.306031796951614,0.241976080939065,-1.26471920598086,0.205972002628342,0.881577984209305
"ENSG00000172403",2189.54347887636,0.388148499076167,0.307525739674697,1.26216589052595,0.206889099627086,0.881577984209305
"ENSG00000176018",126.083811068669,-0.39480204581673,0.312666761237491,-1.26269272836729,0.206699628324922,0.881577984209305
"ENSG00000184007",373.849724199343,0.29821070904262,0.236025756348435,1.26346680826809,0.20642146776214,0.881577984209305
"ENSG00000188971",304.877282358219,-0.31552262874899,0.25012657237106,-1.2614518551868,0.207146095570361,0.881577984209305
"ENSG00000197147",109.854450485643,-0.403336096935209,0.319443639000289,-1.2626205304869,0.206725586029167,0.881577984209305
"ENSG00000141736",673.499953750462,-0.277920062646759,0.220559312387045,-1.26006950075658,0.207644291475753,0.881918470340374
"ENSG00000157978",194.104938838764,-0.332895687679998,0.264245747498854,-1.25979581821441,0.207743028730088,0.881918470340374
"ENSG00000181019",104.574626707875,-0.40519139292766,0.321784410411969,-1.25920143989856,0.207957581617578,0.881918470340374
"ENSG00000196507",216.908716801137,0.323878126044053,0.257143170625826,1.25952451024,0.207840942911689,0.881918470340374
"ENSG00000085224",265.847274165134,-0.317632342862215,0.252433380990066,-1.25828185486576,0.208289840993776,0.882215031816207
"ENSG00000165424",199.639382670447,0.342823336916948,0.272384813940391,1.25859930279363,0.208175098996871,0.882215031816207
"ENSG00000065485",259.771301939316,-0.348593610908084,0.277980621813312,-1.25402126462684,0.209834276411835,0.882745619026708
"ENSG00000090530",194.626007121061,0.477285890478977,0.379768390142005,1.25678150912062,0.208832763498889,0.882745619026708
"ENSG00000104936",204.074367251468,0.359056282632142,0.285983134130884,1.2555155873906,0.209291653198105,0.882745619026708
"ENSG00000111696",164.359473578813,0.34593324076286,0.275838318170538,1.25411597292653,0.209799855432754,0.882745619026708
"ENSG00000126217",329.05765494878,-0.304955853190884,0.242695771102598,-1.25653550453488,0.208921881694069,0.882745619026708
"ENSG00000138640",177.951827551669,-0.348931160137564,0.278033390713794,-1.25499731971673,0.209479732957588,0.882745619026708
"ENSG00000139531",188.819267556896,-0.36553649716608,0.29164497490741,-1.25336120494491,0.210074283404672,0.882745619026708
"ENSG00000146122",122.46329887831,0.405717668854284,0.323459807589436,1.25430628268121,0.209730701225122,0.882745619026708
"ENSG00000149090",126.445982290144,0.372846032065677,0.296523360450972,1.25739176670138,0.208611809091168,0.882745619026708
"ENSG00000153071",210.826691208444,0.364123527863667,0.289956305299228,1.2557875831943,0.209192994654305,0.882745619026708
"ENSG00000165527",225.196324514935,-0.323576434238986,0.257968178743447,-1.25432693216316,0.209723198668814,0.882745619026708
"ENSG00000198952",601.909022086036,-0.276682363618998,0.220775051824706,-1.25323201753195,0.21012128100829,0.882745619026708
"ENSG00000239528",243.289300113733,-0.365552214717034,0.291541757602182,-1.25385885618431,0.209893311986514,0.882745619026708
"ENSG00000072062",222.219272309355,0.32667907017829,0.260961283302586,1.25182964324828,0.210631946085695,0.884338620082636
"ENSG00000085719",522.233387411831,-0.281344213703576,0.224968165721983,-1.25059566895017,0.211082031558361,0.884749766681778
"ENSG00000135040",127.376175187354,-0.366634220664364,0.293051873398686,-1.2510898374827,0.210901702826305,0.884749766681778
"ENSG00000234115",207.605247911161,-0.384151931737861,0.307203741714294,-1.25047933854637,0.211124498293823,0.884749766681778
"ENSG00000122565",209.453865058074,0.32717822204818,0.261732428475945,1.25004847107912,0.211281841473573,0.884857824253583
"ENSG00000126458",126.606842468812,0.421376232074067,0.337490703248923,1.24855656175889,0.211827308475591,0.886590215810098
"ENSG00000239344",211.638192128245,0.323519685557425,0.259218614577314,1.24805730516291,0.212010072116277,0.886803324038607
"ENSG00000163788",172.62700676824,-0.366480295069808,0.293736238494851,-1.2476509434032,0.212158913691996,0.886874365128879
"ENSG00000059588",268.240006105688,-0.324868025126522,0.260957859016798,-1.24490607928236,0.21316627599167,0.88844265921388
"ENSG00000083312",262.315326679441,-0.308146134933798,0.247640402615691,-1.24432900156444,0.213378501450486,0.88844265921388
"ENSG00000105662",137.719299118676,-0.360481341509509,0.289764904900152,-1.24404762417217,0.21348203577251,0.88844265921388
"ENSG00000109133",224.411558657414,-0.33947448929416,0.273001245361756,-1.2434906252692,0.213687093411825,0.88844265921388
"ENSG00000138294",4093.76553386026,1.1396998721652,0.915253778003211,1.24522826297604,0.213047856376243,0.88844265921388
"ENSG00000143756",151.337869522126,-0.355671282073163,0.285656074927761,-1.2451031617763,0.213093832068597,0.88844265921388
"ENSG00000166734",521.009371829788,-0.28856562450243,0.231710184580498,-1.24537307250808,0.212994646656685,0.88844265921388
"ENSG00000173369",134.209025453303,0.446529371719675,0.35912155408721,1.24339340437149,0.213722899584903,0.88844265921388
"ENSG00000175793",249.544366885306,-0.327532758150264,0.263223499520259,-1.24431427569048,0.213383919016054,0.88844265921388
"ENSG00000033627",278.167406935462,-0.319602493426048,0.257175160353983,-1.24274246776453,0.213962749163177,0.888890334077535
"ENSG00000130940",312.421510323893,-0.306421220023454,0.24676220937257,-1.24176720901703,0.214322464484661,0.8897949317739
"ENSG00000138078",219.593069641621,-0.350560036236632,0.282387406896713,-1.24141526029471,0.214452384597239,0.8897949317739
"ENSG00000163840",302.728872717704,-0.361918639143948,0.291616627313167,-1.24107682911813,0.214577368322519,0.8897949317739
"ENSG00000167642",731.867974718992,-0.284402618112129,0.229363957381479,-1.23996211679898,0.214989406510667,0.890954250271563
"ENSG00000075292",401.007403647727,-0.306595485622628,0.247333568740454,-1.23960320947927,0.215122192976391,0.89095558495025
"ENSG00000158604",437.099551789235,-0.282792126249793,0.228618658171434,-1.23695995992477,0.216101947929138,0.893912485714258
"ENSG00000180211",361.028386236156,0.303561090082647,0.245358313273772,1.23721542601221,0.216007116077612,0.893912485714258
"ENSG00000164300",270.657402860112,-0.319819684227329,0.258702864505651,-1.23624330499187,0.21636813819003,0.89446348953051
"ENSG00000173801",635.994789578156,-0.272894549325863,0.220902258595019,-1.23536332793302,0.216695314625538,0.895265777746539
"ENSG00000107819",160.916113305792,0.345347849167091,0.27970197597896,1.23469935440524,0.216942416260866,0.895736459036579
"ENSG00000198899",20516.704653903,0.258045541492502,0.209131147156853,1.23389339656308,0.217242630492839,0.896425725579654
"ENSG00000117602",392.498100539092,-0.925140895090108,0.750324012815452,-1.23298852134385,0.217580046772886,0.896789339254461
"ENSG00000162511",257.054670851863,0.374294358835018,0.303578243135657,1.23294197558078,0.217597413271377,0.896789339254461
"ENSG00000070018",195.226885101938,-0.369535701610689,0.300016931374587,-1.23171615654352,0.218055132389923,0.898125425875458
"ENSG00000021776",140.990308626021,-0.350541796636535,0.284699017673476,-1.23127153546619,0.218221324184938,0.898259869319395
"ENSG00000132326",168.640820017736,0.347830047631758,0.28263380112403,1.23067391886053,0.218444846476627,0.898629992294675
"ENSG00000116962",263.500602578225,0.344858440277978,0.280312734902177,1.23026319299523,0.218598562702736,0.898712672823106
"ENSG00000245910",108.720308820057,0.385312126182652,0.313383370397622,1.22952320569457,0.218875702771816,0.899302368260988
"ENSG00000189079",137.16807432091,-0.353147579934863,0.287412542865913,-1.22871318145506,0.219179362289762,0.899451123100025
"ENSG00000236699",212.239244820326,-0.361990197551118,0.294566096355186,-1.22889294467423,0.219111947077071,0.899451123100025
"ENSG00000153561",227.097015350313,-0.317881571594138,0.258826066442327,-1.22816676064955,0.219384373704124,0.899743474106062
"ENSG00000134852",146.017584183792,-0.357555206409667,0.291360771118766,-1.22719062362695,0.219750952740736,0.900697689295668
"ENSG00000005893",683.174989871954,-0.290300115861463,0.236796674584196,-1.22594675947716,0.220218710879732,0.900967791591896
"ENSG00000100304",228.949251970624,-0.355821256181135,0.290186783278075,-1.22618009049766,0.220130911799784,0.900967791591896
"ENSG00000173334",1331.87293893457,-0.349813576401635,0.285226588364312,-1.22644097946026,0.22003277280668,0.900967791591896
"ENSG00000071073",271.604518396169,-0.374113668320814,0.305680332406234,-1.22387222421505,0.221000433164571,0.901319230324516
"ENSG00000107854",338.720232458629,-0.296679464060054,0.242537660271034,-1.22323050254759,0.221242647824231,0.901319230324516
"ENSG00000125107",709.802339011564,-0.266077741386037,0.217507351020791,-1.2233045924071,0.221214673262844,0.901319230324516
"ENSG00000127914",313.040182751839,-0.298504759922251,0.243951743026848,-1.22362216485331,0.221094794215056,0.901319230324516
"ENSG00000157873",395.296919625714,-0.287734873322042,0.235125285554306,-1.22375129771224,0.221046061731167,0.901319230324516
"ENSG00000196914",584.545679083058,-0.273330005900527,0.223319241645086,-1.22394292532536,0.220973759011442,0.901319230324516
"ENSG00000242247",599.878027278158,-0.269456027151378,0.220191016147902,-1.22373760685306,0.221051228057188,0.901319230324516
"ENSG00000101825",199.158546430301,0.348000483785382,0.285900526812854,1.21720826353418,0.223524986915139,0.90165800439949
"ENSG00000102172",144.358333964542,-0.420051531814374,0.345392397655136,-1.21615743330223,0.223924955465711,0.90165800439949
"ENSG00000102181",154.65391641417,0.343308638041021,0.282172465467848,1.21666243186346,0.223732678344581,0.90165800439949
"ENSG00000114796",174.276232861015,-0.33634622574975,0.275615206354903,-1.22034712887592,0.222333310951948,0.90165800439949
"ENSG00000118418",137.164627613098,0.358431026434219,0.293679586396311,1.22048328531261,0.22228172205348,0.90165800439949
"ENSG00000123066",292.823894575053,-0.302958950166687,0.248886668095422,-1.2172566432949,0.223506584852027,0.90165800439949
"ENSG00000138185",136.298306152487,0.361679151701721,0.296715411572484,1.21894292509093,0.222865855957535,0.90165800439949
"ENSG00000143952",212.875522900247,-0.328948447229026,0.269384440398013,-1.22111153392159,0.222043793255669,0.90165800439949
"ENSG00000146433",359.555786622054,-0.295842148100294,0.242807876323414,-1.21842072250671,0.223064134250519,0.90165800439949
"ENSG00000153339",182.996221206388,-0.328627825341807,0.269913239231874,-1.21753133072325,0.223402123369406,0.90165800439949
"ENSG00000156802",113.349226561653,-0.385819281314951,0.316614290357474,-1.2185782293002,0.22300431624256,0.90165800439949
"ENSG00000163001",128.998506784993,0.361895940648563,0.296881906693252,1.21898954597623,0.222848160323777,0.90165800439949
"ENSG00000164022",145.787615469666,0.345223791896375,0.282466176670941,1.22217745135037,0.221640528954853,0.90165800439949
"ENSG00000168591",153.306093453827,0.343063791199532,0.281304027278814,1.21954809718919,0.222636232293825,0.90165800439949
"ENSG00000170348",1269.70508039805,-0.254594256943377,0.20886504725517,-1.21894141834244,0.22286642788257,0.90165800439949
"ENSG00000173193",336.562499191431,-0.391084000960595,0.321521736174969,-1.21635322579799,0.223850393872516,0.90165800439949
"ENSG00000181035",129.826759955956,-0.375986364263374,0.308676578004962,-1.21805926025696,0.223201453969364,0.90165800439949
"ENSG00000198399",208.535818570359,-0.334507294861374,0.275101298165529,-1.21594226233022,0.224006917239302,0.90165800439949
"ENSG00000204713",332.053583249444,-0.289905194452525,0.238042837312594,-1.21786984950035,0.22327343537221,0.90165800439949
"ENSG00000249353",317.614789245418,0.294862219706466,0.241665253985696,1.22012666216352,0.222416862712534,0.90165800439949
"ENSG00000176105",173.695467359981,-0.340730357188314,0.280448201216546,-1.21494934077049,0.224385413459443,0.902454975210123
"ENSG00000198363",254.709083300135,0.342806891034144,0.282210846039974,1.21471905082481,0.224473263979562,0.902454975210123
"ENSG00000185787",260.65122628574,0.300655008242211,0.24762822549447,1.21413868569245,0.2246947694663,0.902805865848468
"ENSG00000068878",330.868322798915,-0.297376669850011,0.245194818227611,-1.21281792168202,0.225199441877892,0.903469801178649
"ENSG00000103335",947.332052129426,-0.268317953316358,0.221393639176373,-1.21194969428459,0.225531637849978,0.903469801178649
"ENSG00000131375",150.249983584812,-0.341891120800806,0.282077654101646,-1.21204610088542,0.22549473407428,0.903469801178649
"ENSG00000173230",953.525323597691,-0.274871555825137,0.22656438677452,-1.213216073975,0.225047220162834,0.903469801178649
"ENSG00000197283",120.651144648163,0.361380617788416,0.29812695286188,1.21217023257821,0.225447223676658,0.903469801178649
"ENSG00000162733",187.227793546324,0.332732134512391,0.274683515235103,1.21132909715242,0.225769301341779,0.90388352430048
"ENSG00000136240",1098.56313563479,-0.255733669958045,0.211213743885537,-1.21078138786572,0.225979200223776,0.904185663715121
"ENSG00000138688",297.474733762052,-0.297320823108037,0.245641858569302,-1.21038338025828,0.226131816216567,0.904258380423682
"ENSG00000104870",177.723876791888,0.336030400768953,0.278107365730788,1.20827580343282,0.226941192430451,0.905879204918226
"ENSG00000130202",506.845780885318,-0.278823631992236,0.23073467203279,-1.2084167045021,0.226887017605254,0.905879204918226
"ENSG00000204842",308.88548873877,-0.291211462931653,0.240899621675242,-1.20884981431908,0.226720549657014,0.905879204918226
"ENSG00000066926",128.285175008791,-0.380103242899001,0.314764754599664,-1.2075787944633,0.2272093199687,0.906105365724477
"ENSG00000162298",424.42482946357,-0.287926078012507,0.238462278749008,-1.20742819167455,0.227267283969253,0.906105365724477
"ENSG00000154553",474.906603696621,0.381137503597231,0.315897899526178,1.2065211708242,0.227616601088418,0.906423480710894
"ENSG00000213169",198.41290971894,-0.318738358394622,0.26411073502972,-1.20683605821155,0.22749528649899,0.906423480710894
"ENSG00000174851",130.791002306347,-0.355762118192958,0.295115782725517,-1.20550014271466,0.228010282965327,0.906948926527495
"ENSG00000198856",144.498231658831,0.343543905099763,0.28498526480421,1.20547953711145,0.228018232940528,0.906948926527495
"ENSG00000138771",422.304425115515,-0.285267067821391,0.236931175582662,-1.20400815603882,0.228586426175938,0.908671573557539
"ENSG00000112159",183.859907115902,0.341037617787381,0.283531520345491,1.20282082701711,0.229045663443043,0.909959322101539
"ENSG00000167548",703.372654633931,-0.261682775702694,0.217657625848781,-1.20226789519656,0.229259751387625,0.910272188803523
"ENSG00000138735",320.755861496261,0.298045171644657,0.248251201300534,1.20057897034642,0.229914562613789,0.911855931516462
"ENSG00000197601",235.914816176283,-0.312756030818611,0.260512843308658,-1.20053977702763,0.229929773989283,0.911855931516462
"ENSG00000142541",1146.34629055671,0.261559971884581,0.217962004707439,1.20002553764204,0.230129422487466,0.91210989726028
"ENSG00000117614",119.64283312593,0.356983533033679,0.29773069433628,1.1990148809799,0.230522159362657,0.912784987092694
"ENSG00000143499",150.609994663659,-0.358087514777763,0.29877096910156,-1.1985351717892,0.230708738958837,0.912784987092694
"ENSG00000148303",857.913151538964,0.269166761196209,0.224593482156103,1.19846203287915,0.230737195262558,0.912784987092694
"ENSG00000149084",247.608586071387,-0.307790434932546,0.256879231696337,-1.19819120019945,0.230842590402122,0.912784987092694
"ENSG00000122778",137.318958778632,-0.359233844467294,0.300029067763447,-1.19733013586046,0.231177902783604,0.913573780330505
"ENSG00000162430",734.594092098877,-0.269032707341128,0.224963906363205,-1.19589276204501,0.23173841004235,0.915251054577124
"ENSG00000225630",604.031059139475,0.272059539667854,0.22759253972275,1.19537986613829,0.231938648404564,0.915504312892663
"ENSG00000172932",138.772659573144,0.354838386166204,0.297184417477373,1.19400064504802,0.23247771572899,0.917093909673422
"ENSG00000144597",121.637550028767,-0.359775018650158,0.301735607447553,-1.19235187949335,0.233123300183239,0.919101592633332
"ENSG00000196557",387.013045416932,0.379198441894086,0.318380405876803,1.1910231750908,0.233644487082875,0.920616766326549
"ENSG00000077097",610.874187429195,-0.270210032651033,0.227241292443419,-1.18908861037354,0.234404799805803,0.92115066958204
"ENSG00000117298",964.91919156991,-0.264395887985925,0.222365688574449,-1.18901387026445,0.234434208904474,0.92115066958204
"ENSG00000130363",105.979692266761,-0.372860855971711,0.313555787997392,-1.1891372133587,0.234385676671142,0.92115066958204
"ENSG00000175166",548.761467277799,-0.289991474509399,0.243753212507337,-1.18969293379331,0.234167103705771,0.92115066958204
"ENSG00000184867",187.851630777532,0.318796715031879,0.268136088955432,1.18893624604508,0.234464755623618,0.92115066958204
"ENSG00000141429",355.236886652305,-0.284163208671734,0.239088241829881,-1.18852858048086,0.234625226652001,0.921243009025894
"ENSG00000113580",212.140168574365,-0.31607028414801,0.266329041158298,-1.18676612499103,0.235319884113992,0.921612945640646
"ENSG00000119523",197.962946178112,-0.321301613905051,0.270718058088777,-1.18684958134446,0.235286957673773,0.921612945640646
"ENSG00000143344",112.65774910798,0.376663811823691,0.317537013792785,1.18620442802769,0.235541577989336,0.921612945640646
"ENSG00000167232",110.680306340359,-0.365688872608282,0.308201145964074,-1.18652664792787,0.235414384268326,0.921612945640646
"ENSG00000183401",214.633126284328,-0.318619017432955,0.268285639389448,-1.18761115264333,0.234986641905339,0.921612945640646
"ENSG00000250321",146.561780232074,0.366615584234182,0.308710011899531,1.18757270610807,0.235001796290407,0.921612945640646
"ENSG00000172809",468.904099091772,0.27026296651105,0.22800615239611,1.18533190298097,0.235886244374473,0.922108230232024
"ENSG00000173786",392.432536834682,-0.293092427029783,0.247295741139498,-1.18518994981176,0.235942352695408,0.922108230232024
"ENSG00000198763",12053.4912994936,0.243263481024436,0.205354322228465,1.18460365666809,0.236174190578038,0.922478284452895
"ENSG00000163251",145.137209902768,-0.351321876003853,0.296752912911597,-1.18388686586714,0.236457849989947,0.92252937556156
"ENSG00000178974",147.736828385184,-0.338829019292967,0.286202788097758,-1.18387742322494,0.236461588383605,0.92252937556156
"ENSG00000170889",644.150794039862,0.26677044681144,0.225452192387961,1.18326836384176,0.236702806610289,0.922935117252642
"ENSG00000134453",201.256327584366,0.312221413124098,0.263971348725325,1.1827852326844,0.236894274594939,0.923146518496847
"ENSG00000213866",144.650605490924,0.337162296704545,0.285198847649516,1.18220076793188,0.237126048020517,0.923514649094381
"ENSG00000108021",206.140461922085,-0.316437156175917,0.267810009806619,-1.18157329669795,0.237375054272098,0.923949429996606
"ENSG00000069702",134.58320692579,0.357112636514296,0.302525710098483,1.18043731356929,0.237826328703974,0.924705256422002
"ENSG00000141480",115.871081164878,0.381823536825879,0.323566491379402,1.18004659629037,0.237981682852585,0.924705256422002
"ENSG00000157106",336.130196960307,-0.286272631613302,0.242571611010968,-1.18015719325193,0.237937700827795,0.924705256422002
"ENSG00000114026",124.578071690939,-0.34972500328669,0.296471274438302,-1.17962525694701,0.238149293010385,0.924822254496449
"ENSG00000080546",180.700202664539,-0.325708496822285,0.276251203038295,-1.17903014806829,0.238386171217833,0.925207955921031
"ENSG00000025039",110.590837664379,-0.358579695843305,0.305753740345258,-1.17277288395032,0.24088689482236,0.926945271898568
"ENSG00000042493",128.444050400196,0.362036501087595,0.308548355464465,1.17335417504531,0.240653805605328,0.926945271898568
"ENSG00000047648",396.970555106242,-0.284530624134898,0.242624577049791,-1.17271971205335,0.240908223909017,0.926945271898568
"ENSG00000074842",279.809608459254,-0.300453166864547,0.255951398529994,-1.17386804131621,0.240447885100971,0.926945271898568
"ENSG00000100216",124.76167034092,0.377059146101517,0.322002135859775,1.17098336970572,0.241605461868619,0.926945271898568
"ENSG00000105699",267.30747950844,-0.289809414779671,0.247556735983103,-1.17067876835899,0.241727922526032,0.926945271898568
"ENSG00000123240",198.419220744534,0.324966222027828,0.277297000636048,1.17190673278989,0.241234503650121,0.926945271898568
"ENSG00000123636",144.039172453602,-0.343766137909327,0.293533090708809,-1.1711324848562,0.241545528157147,0.926945271898568
"ENSG00000124222",313.227235385298,0.286487051081859,0.243477881094473,1.17664508083466,0.239337196464104,0.926945271898568
"ENSG00000136603",204.836597846296,-0.334400203453593,0.285533022202914,-1.17114371176288,0.241541016160803,0.926945271898568
"ENSG00000136816",166.385372500377,-0.343451048983626,0.292900348250275,-1.17258668702625,0.240961590673734,0.926945271898568
"ENSG00000137713",115.653502140998,-0.36047929793377,0.306508180308497,-1.17608377554867,0.239561400599986,0.926945271898568
"ENSG00000163428",138.668382061255,-0.349565552023026,0.296946302150639,-1.17720122962061,0.239115198001923,0.926945271898568
"ENSG00000168300",333.980355828071,-0.307120491875251,0.26136156775664,-1.17507900840731,0.239963107995748,0.926945271898568
"ENSG00000182827",253.301371529835,-0.293347519264032,0.249496376061671,-1.17575863783898,0.239691339211731,0.926945271898568
"ENSG00000182871",291.694321131264,0.299721082558972,0.254886573459487,1.1758998463158,0.239634900302433,0.926945271898568
"ENSG00000184014",271.577839054532,0.295778233140365,0.251786073516389,1.17472038468844,0.240106601203717,0.926945271898568
"ENSG00000197442",289.338034774309,-0.298961856899481,0.254953568643288,-1.17261295258732,0.240951052838939,0.926945271898568
"ENSG00000198938",18354.3263621141,0.232647951546976,0.198201310878544,1.17379623028599,0.240476654313168,0.926945271898568
"ENSG00000217027",527.593888625837,-0.286279059359018,0.243328224737998,-1.17651398503921,0.239389547266669,0.926945271898568
"ENSG00000242294",115.770165179751,-0.362984189015338,0.309851561763382,-1.17147768095657,0.24140682397033,0.926945271898568
"ENSG00000224578",125.544405846778,0.349525735507085,0.298770636399655,1.16987981054315,0.242049339735663,0.92764892254249
"ENSG00000064601",247.247535330027,0.311032815583778,0.267055991032067,1.16467267550058,0.244151513534884,0.92825414882044
"ENSG00000069535",501.897494229325,0.809570952178238,0.695879022256064,1.16337887231258,0.244675817728801,0.92825414882044
"ENSG00000089157",936.5325696354,0.252250780666523,0.216294210748916,1.16623916929217,0.243517760034858,0.92825414882044
"ENSG00000115183",370.07452806935,-0.32549032994105,0.279313062639615,-1.16532441005459,0.243887701936839,0.92825414882044
"ENSG00000116574",221.78709885407,-0.329943893905198,0.283650117551992,-1.16320732299615,0.244745396117842,0.92825414882044
"ENSG00000130147",435.985947231712,-0.302663792175497,0.259700758494392,-1.16543283866471,0.243843831224014,0.92825414882044
"ENSG00000134982",107.935439406141,-0.378357874332558,0.324477965602076,-1.16605105567186,0.243593803689598,0.92825414882044
"ENSG00000143183",211.964524401667,-0.320681224963141,0.275298875696828,-1.16484756485635,0.244080701490813,0.92825414882044
"ENSG00000144218",224.423516045306,-0.850211123377786,0.727356314642113,-1.16890594920609,0.242441526331849,0.92825414882044
"ENSG00000144228",132.416579008372,-0.352323524022975,0.301931373666374,-1.16689935114952,0.243251017988484,0.92825414882044
"ENSG00000147676",327.043354014908,-0.28683737346501,0.245486498752113,-1.16844459847322,0.242627474183201,0.92825414882044
"ENSG00000162817",212.890702300641,-0.37499537549032,0.3221095135101,-1.16418596707657,0.244348655884336,0.92825414882044
"ENSG00000165125",876.119314380171,-0.353926377584009,0.304165622835944,-1.16359756334102,0.244587139347068,0.92825414882044
"ENSG00000166840",188.426631558101,-0.392244157786831,0.337264777622479,-1.16301548164005,0.244823221166456,0.92825414882044
"ENSG00000168243",221.842615356333,-0.902639168862448,0.773894611269779,-1.16635928938881,0.24346921102749,0.92825414882044
"ENSG00000169439",460.712561901774,0.295043786309656,0.253204303132861,1.16524001629957,0.243921851873645,0.92825414882044
"ENSG00000198836",174.842291277484,-0.319886034961137,0.273905340610293,-1.16787074778606,0.242858905169398,0.92825414882044
"ENSG00000224781",145.136380811724,-0.333824845879666,0.287037666909785,-1.16300013678897,0.2448294469235,0.92825414882044
"ENSG00000241431",168.788600936218,0.376356665337146,0.322434149940179,1.16723574536683,0.243115179165744,0.92825414882044
"ENSG00000013392",178.295643817822,-0.354713833520297,0.305259380021236,-1.16200797333606,0.245232226190588,0.928734207971789
"ENSG00000163472",272.406742463615,-0.362124590192247,0.311619424502309,-1.16207322688757,0.245205721547107,0.928734207971789
"ENSG00000001167",136.025798243295,-0.333477043822853,0.287903560993422,-1.15829426587215,0.246743970612055,0.929097231706905
"ENSG00000050748",221.502615770933,-0.298573081641547,0.257383345711773,-1.16003263853715,0.246035517809606,0.929097231706905
"ENSG00000079616",194.936785649798,-0.330051494951123,0.285393654096388,-1.15647804432138,0.247485675092173,0.929097231706905
"ENSG00000090861",582.834914463632,-0.256879213516665,0.222279346310372,-1.15565938887538,0.247820505618574,0.929097231706905
"ENSG00000092094",162.411698819405,0.320700731417964,0.277262523314034,1.15666815545327,0.247407964871724,0.929097231706905
"ENSG00000095380",329.005845388719,-0.323597047751224,0.279632510341861,-1.15722255382829,0.247181445403946,0.929097231706905
"ENSG00000100600",335.682560386582,-0.28066802340279,0.242736126632071,-1.15626803186249,0.247571540084266,0.929097231706905
"ENSG00000104093",116.221092264595,-0.350112565817853,0.301826348396868,-1.1599801265776,0.246056897516329,0.929097231706905
"ENSG00000119471",148.994286532792,-0.330891194695217,0.286209561254566,-1.15611509708059,0.247634081610085,0.929097231706905
"ENSG00000126773",210.672802635571,-0.306003628625407,0.264288385921595,-1.15783986329308,0.246929392282372,0.929097231706905
"ENSG00000138385",163.177658492948,0.319152572723053,0.276082799900821,1.15600310065569,0.247679888718187,0.929097231706905
"ENSG00000146676",228.989539104784,-0.304349034572415,0.263197498095868,-1.15635230871974,0.247537080425068,0.929097231706905
"ENSG00000153094",113.36177137083,-0.356982056347228,0.308745291608247,-1.1562348189594,0.247585121310511,0.929097231706905
"ENSG00000160111",303.21431473973,0.345478178369509,0.297608001496368,1.16084976422828,0.245703001239483,0.929097231706905
"ENSG00000160294",363.207715770665,-0.273122737442126,0.23574341291314,-1.15855935937756,0.246635842697253,0.929097231706905
"ENSG00000163558",239.080458628772,-0.296300602178731,0.255364446543179,-1.16030483565625,0.245924716410056,0.929097231706905
"ENSG00000163814",165.146028439909,-0.319035227046888,0.275623090448201,-1.15750544168158,0.247065917340059,0.929097231706905
"ENSG00000175826",152.627054024212,0.327466505248431,0.283243163710156,1.15613207026429,0.24762714000904,0.929097231706905
"ENSG00000196531",849.521812320815,0.249113993949373,0.215620290826078,1.15533650842866,0.247952651042803,0.929097231706905
"ENSG00000214176",115.011230931794,-0.357026266911686,0.309182817352808,-1.15474161846544,0.248196251030643,0.929492196231683
"ENSG00000175582",309.357567377332,-0.284014059638256,0.246050098596103,-1.15429362255397,0.248379810241112,0.929661994258052
"ENSG00000185442",329.355259041668,-0.298553439984004,0.258964895925464,-1.15287224130152,0.248962827200384,0.93132590419899
"ENSG00000002586",553.777504550551,0.261017027249154,0.226489169337444,1.15244816347163,0.249136959069067,0.93145924774794
"ENSG00000003989",233.720359277096,-0.302791144139071,0.263441797327396,-1.14936637697917,0.25040493828204,0.931943280084009
"ENSG00000006114",266.346634700114,-0.284479950087285,0.24731347037069,-1.15028085474232,0.250028213599186,0.931943280084009
"ENSG00000130811",306.210847074693,0.28281168206885,0.246028237361136,1.14950903645146,0.25034614276539,0.931943280084009
"ENSG00000136205",261.949865963819,0.330698025205403,0.287264824552568,1.15119568057274,0.249651741824713,0.931943280084009
"ENSG00000167930",111.795179875239,-0.352176953852975,0.306184197868741,-1.15021270302117,0.250056275455685,0.931943280084009
"ENSG00000174606",130.585736568845,-0.338712906482805,0.294637901495066,-1.14959041170227,0.25031260917797,0.931943280084009
"ENSG00000177674",226.417628795827,-0.313567429604325,0.272784790004193,-1.14950481513102,0.250347882397291,0.931943280084009
"ENSG00000198947",159.229258261363,0.362794561263205,0.315719750564634,1.14910315434617,0.250513447872716,0.931943280084009
"ENSG00000251322",108.318926733969,0.353295258967281,0.307317157825219,1.14961124028165,0.250304026519848,0.931943280084009
"ENSG00000083444",308.29623202532,-0.28286418004482,0.246613461721852,-1.14699407757333,0.251384068634315,0.933117685228699
"ENSG00000121691",305.459344026147,-0.293334038870431,0.25572433811136,-1.1470712605489,0.251352170561821,0.933117685228699
"ENSG00000174238",618.11304482972,-0.256817093868946,0.22384755901677,-1.14728565724367,0.251263579811624,0.933117685228699
"ENSG00000183878",117.913699127789,-0.346350414069592,0.301725439593273,-1.14789927735783,0.251010146568679,0.933117685228699
"ENSG00000089289",141.69745586913,0.331160383885552,0.288904669538238,1.1462617908352,0.251686847584114,0.933211541814087
"ENSG00000196104",196.028767717454,0.311812905056305,0.272007329915712,1.14634008264751,0.251654464093047,0.933211541814087
"ENSG00000004468",215.101656415748,-1.25955293270638,1.10053803265078,-1.14448832783416,0.25242117579821,0.934170581309275
"ENSG00000159346",346.788095354118,-0.273923934319612,0.239304115591887,-1.1446687142931,0.252346416006546,0.934170581309275
"ENSG00000183323",167.540760732667,-0.313724629327318,0.273930751265185,-1.1452698460408,0.252097392959543,0.934170581309275
"ENSG00000229117",155.855455502608,0.320484775691335,0.280071661019391,1.14429562250194,0.252501058105897,0.934170581309275
"ENSG00000145555",356.301366166636,-0.290389029805832,0.254127417407816,-1.14269067370966,0.253167043354079,0.936119589664396
"ENSG00000184897",225.230632158869,-0.313276098367577,0.274350578498239,-1.14188240492297,0.253502903233246,0.93684644348726
"ENSG00000162736",373.782193534697,-0.304442650860176,0.266696525725034,-1.14153212169722,0.253648552719339,0.936869942663522
"ENSG00000101608",478.866820902314,0.273740407060289,0.240028509838325,1.14044955428283,0.254099057798022,0.937504258227919
"ENSG00000135966",180.420119562386,-0.327594834723247,0.287190656989931,-1.14068764686427,0.253999929011624,0.937504258227919
"ENSG00000133477",205.634583179952,0.322932354269883,0.283321666791795,1.13980818313905,0.254366223755975,0.937715422143007
"ENSG00000138356",182.006466550138,0.860843635461335,0.755362640852879,1.1396428535165,0.254435124206213,0.937715422143007
"ENSG00000104177",155.268962320775,-0.318978929500998,0.28036596805432,-1.13772342525965,0.255235988638538,0.937969879904282
"ENSG00000151376",131.009301261516,-0.334037560099913,0.293364449670071,-1.13864362391416,0.254851825475721,0.937969879904282
"ENSG00000172201",113.956925457577,0.383112077236374,0.336577150807689,1.13825931533681,0.255012217118478,0.937969879904282
"ENSG00000186716",187.543064125422,-0.301770489106379,0.265189885895409,-1.1379411702956,0.25514504842491,0.937969879904282
"ENSG00000214182",181.257430051279,0.313519195369085,0.275461732204693,1.13815880289358,0.255054177683511,0.937969879904282
"ENSG00000224094",305.29345511601,0.289463412272176,0.254479524129281,1.1374723104446,0.255340893563,0.937969879904282
"ENSG00000064961",352.827193323659,-0.295242168701253,0.260502654307807,-1.13335570221253,0.257064908693022,0.93879017060781
"ENSG00000066455",238.635425783012,-0.291098930927219,0.257138671884644,-1.13206982362346,0.257605080395095,0.93879017060781
"ENSG00000069956",181.131854216466,-0.332774921328334,0.294242409823941,-1.13095498887278,0.258074036872939,0.93879017060781
"ENSG00000104695",213.331335173967,0.301451028166708,0.26575874251561,1.13430333584981,0.256667330376286,0.93879017060781
"ENSG00000110911",379.97192299614,0.276562552327399,0.244487713066692,1.13119202948231,0.257974275957165,0.93879017060781
"ENSG00000114446",257.867766938836,-0.311637067028366,0.274623958722201,-1.13477741883258,0.256468589848861,0.93879017060781
"ENSG00000120837",121.048457868281,0.343352906047153,0.303921118358281,1.12974349364689,0.258584324509667,0.93879017060781
"ENSG00000136044",343.844283694793,-0.284966278498551,0.250877371782189,-1.13587876209879,0.256007307839311,0.93879017060781
"ENSG00000140326",104.160002125589,-0.356807796353864,0.315722784649358,-1.13013001817444,0.258421442602945,0.93879017060781
"ENSG00000140743",122.618895172346,0.354187763536809,0.313108701823928,1.13119744508404,0.257971997059424,0.93879017060781
"ENSG00000145725",140.813021351926,-0.323383053873499,0.285180840330257,-1.13395785459851,0.256812227054096,0.93879017060781
"ENSG00000146963",241.011921088181,-0.288971683109633,0.2548558919223,-1.13386306641768,0.25685199164768,0.93879017060781
"ENSG00000156398",139.991852095419,-0.337745378861783,0.298989317905755,-1.12962356390353,0.258634877510596,0.93879017060781
"ENSG00000160325",112.237696554279,-0.351458204575169,0.310270801325334,-1.13274662995648,0.257320669609214,0.93879017060781
"ENSG00000163406",265.463997829073,0.411154524809675,0.363075725050377,1.13242086000827,0.257457539001594,0.93879017060781
"ENSG00000171130",265.437447995788,-0.30903779878009,0.27242814849653,-1.13438277390057,0.256634021662218,0.93879017060781
"ENSG00000172534",391.952254047797,-0.269734779234029,0.238155074777737,-1.1326014341108,0.257381666134936,0.93879017060781
"ENSG00000178573",166.511093102426,0.31563233105304,0.279270159262308,1.13020428636838,0.258390154042952,0.93879017060781
"ENSG00000182372",145.642649638838,-0.342371091013066,0.302713142041821,-1.13100834903879,0.25805157737956,0.93879017060781
"ENSG00000182541",283.536745256706,0.292645605598166,0.258613458659471,1.13159464752957,0.25780489141204,0.93879017060781
"ENSG00000211459",2453.1319355196,0.234766423671654,0.207798329122492,1.12978013183766,0.258568882079436,0.93879017060781
"ENSG00000219391",131.542874856006,-0.331008310206095,0.292381001531076,-1.13211292277113,0.25758696256702,0.93879017060781
"ENSG00000068650",332.291899791854,-0.361169712284668,0.320423796972502,-1.12716257561751,0.259673750298868,0.938798722223565
"ENSG00000084754",402.484421393525,0.263849996067702,0.233644825285802,1.12927815005084,0.258780515249899,0.938798722223565
"ENSG00000101745",158.683173716085,-0.334086198608564,0.296423654118906,-1.12705647463124,0.259718604266448,0.938798722223565
"ENSG00000102763",113.22295119725,-0.350352782285755,0.310833855632456,-1.1271384243936,0.259683959706179,0.938798722223565
"ENSG00000168653",176.084938218612,0.308976714296301,0.273876897631456,1.1281590998306,0.259252733551181,0.938798722223565
"ENSG00000172725",437.22859129566,-0.270980576182102,0.240150777640123,-1.12837684243596,0.259160803498,0.938798722223565
"ENSG00000204385",1757.28478037086,-0.236859639940375,0.21017328604045,-1.12697310111424,0.259753854008037,0.938798722223565
"ENSG00000214223",110.618343531759,0.344512277655795,0.305444518839531,1.12790459938418,0.25936021124335,0.938798722223565
"ENSG00000115935",151.221184513068,0.353581132139266,0.31422650317078,1.12524286962229,0.260486131531379,0.939505377603992
"ENSG00000139514",348.63470090227,-0.289787150020565,0.257345823378722,-1.12606121294652,0.260139610207987,0.939505377603992
"ENSG00000148943",138.782303681692,-0.32163689529175,0.28581420866307,-1.12533556955144,0.260446862412065,0.939505377603992
"ENSG00000163625",258.843159799193,-0.279894816438523,0.248753160225971,-1.12519099730939,0.260508107230366,0.939505377603992
"ENSG00000105329",108.719937907311,0.356625126020676,0.317899834673346,1.12181601600115,0.261940675022877,0.941339818820575
"ENSG00000122705",255.677243034017,0.30259754570586,0.269752552838313,1.12175971097198,0.261964620716512,0.941339818820575
"ENSG00000137491",111.969368507704,0.38452309762082,0.342732106129388,1.12193486032982,0.261890137258187,0.941339818820575
"ENSG00000143742",300.876276193043,-0.275295615730236,0.245068446851617,-1.12334174091747,0.261292382554593,0.941339818820575
"ENSG00000167306",231.513175920225,-0.287311295004163,0.255998733923532,-1.12231529664512,0.261728404538337,0.941339818820575
"ENSG00000167702",132.318767950299,-0.341857332581843,0.30484657133414,-1.12140783176838,0.262114303984621,0.941339818820575
"ENSG00000196208",951.967007799258,-0.918826528680522,0.819388870646051,-1.12135588070176,0.262136408065854,0.941339818820575
"ENSG00000225151",161.814053263215,0.319438671343097,0.284863922751279,1.12137285851394,0.262129184223823,0.941339818820575
"ENSG00000067560",1030.13009669146,0.237600214508436,0.211968449924532,1.12092254575164,0.262320833101022,0.941499425526935
"ENSG00000089022",114.675292272128,-0.337686057146945,0.301765546897859,-1.1190344975374,0.263125422130158,0.943427993134502
"ENSG00000111300",125.801229218264,-0.328432743771979,0.293504696758541,-1.11900336655319,0.263138702813013,0.943427993134502
"ENSG00000100320",463.506443236479,0.271664611870672,0.243710417678925,1.11470250003254,0.264977929343775,0.94462763694747
"ENSG00000106853",222.854223123863,-0.305109438519744,0.273215966372563,-1.11673355906181,0.264108264453367,0.94462763694747
"ENSG00000110651",1464.4404404594,0.241615296764128,0.216869466911518,1.11410472024956,0.265234263881162,0.94462763694747
"ENSG00000122126",333.145488859189,-0.27322050775482,0.24465928655298,-1.11673875782211,0.264106040961178,0.94462763694747
"ENSG00000129292",166.784815486168,-0.30560184709749,0.274213505536056,-1.11446679659368,0.26507898117631,0.94462763694747
"ENSG00000143190",122.09329734716,-0.33070422932763,0.296848802907024,-1.11404939514346,0.265257996528046,0.94462763694747
"ENSG00000149418",593.261799675684,-0.247249735549019,0.222020337577066,-1.11363552657961,0.265435578902032,0.94462763694747
"ENSG00000158715",3754.74480418202,-0.85917384791178,0.770508107270828,-1.11507437728983,0.264818550444808,0.94462763694747
"ENSG00000159388",1046.91351045231,0.253703758729532,0.227750901379651,1.11395281947367,0.265299427812469,0.94462763694747
"ENSG00000162378",124.495712618822,-0.344894735165727,0.308532070735625,-1.1178570005491,0.263628072321371,0.94462763694747
"ENSG00000163191",451.497567538882,0.27856560011753,0.250017426388457,1.11418473560606,0.265199942518361,0.94462763694747
"ENSG00000164949",145.925847498615,0.382040233580756,0.343059625325324,1.11362633600053,0.265439523317086,0.94462763694747
"ENSG00000197122",333.356967488849,0.27441024290308,0.24631234935293,1.11407423795017,0.265247339601891,0.94462763694747
"ENSG00000264281",103.961945024887,0.346860663759822,0.310700166360952,1.11638390098852,0.26425784166022,0.94462763694747
"ENSG00000096401",142.681619449263,-0.316338105370192,0.284483282167816,-1.11197432397305,0.266149190158069,0.945019926588145
"ENSG00000120256",296.743226075898,-0.273136901303202,0.245757545310546,-1.11140799749631,0.266392771455713,0.945019926588145
"ENSG00000166145",667.881679472708,-0.244109602348748,0.21937768867116,-1.11273668633942,0.265821534492376,0.945019926588145
"ENSG00000168615",548.841277422245,-0.268995497534767,0.241813012148142,-1.11241117731899,0.265961400999239,0.945019926588145
"ENSG00000180155",104.030088836115,0.352148608746993,0.316820269837306,1.11150908661188,0.266349281019257,0.945019926588145
"ENSG00000253352",617.476422166259,-0.252946073273623,0.227486196650138,-1.11191833613818,0.266173264118101,0.945019926588145
"ENSG00000145016",132.700823773641,0.327542740489184,0.294867981271777,1.11081148613179,0.266649501344296,0.945328748590854
"ENSG00000260260",109.457783830399,0.370701464536467,0.333799068801586,1.11055272223308,0.266760922513446,0.945328748590854
"ENSG00000173757",361.992057729338,0.268383758113821,0.241740017984346,1.11021650594566,0.266905741749713,0.945343875201985
"ENSG00000145734",103.754614312106,-0.349419910246204,0.314885836502967,-1.1096717277816,0.267140510115915,0.945643530000059
"ENSG00000168010",149.264123875162,0.313828280618266,0.282896716115573,1.10933871883496,0.267284087921086,0.945643530000059
"ENSG00000174106",103.621554083487,-0.344535473948914,0.310751788945466,-1.10871597913593,0.26755272637379,0.945643530000059
"ENSG00000197226",693.160213278206,-0.240780251328925,0.217166848952067,-1.10873391814084,0.267544985221672,0.945643530000059
"ENSG00000109320",218.581352245779,0.295113217152718,0.266398774950478,1.10778744086784,0.267953625293144,0.946033403563518
"ENSG00000170871",238.599750298374,-0.296907531771035,0.268092087758489,-1.10748338100341,0.268084993635454,0.946033403563518
"ENSG00000176393",266.178071786547,-0.282454948319331,0.254936936615716,-1.10794046586154,0.267887527943918,0.946033403563518
"ENSG00000111057",503.377366509503,-0.259819825177791,0.23488771484475,-1.10614480348417,0.268663849045648,0.94708231062947
"ENSG00000139636",179.643392261645,0.301406681748819,0.272472499370879,1.10619120257915,0.268643769839166,0.94708231062947
"ENSG00000102054",403.653377337796,0.263860649220913,0.238694364271861,1.10543309233891,0.268971971162484,0.947175642952287
"ENSG00000144655",280.318857754913,0.29889219994871,0.270336425483157,1.10563050988973,0.268886478598683,0.947175642952287
"ENSG00000101849",272.386705203368,0.301516744038361,0.272932123946396,1.10473160754642,0.269275903278095,0.947289932224599
"ENSG00000112658",433.108647088094,0.264978045032427,0.240224772143687,1.10304213286519,0.270008868666976,0.947289932224599
"ENSG00000153250",153.88219673223,0.324130969291153,0.29365427161421,1.10378428179986,0.269686724798298,0.947289932224599
"ENSG00000156482",887.66495898294,0.251654968072143,0.228270444850722,1.10244218535042,0.27026948014071,0.947289932224599
"ENSG00000168824",166.783692620385,-0.358550219442014,0.325104087718045,-1.10287822573605,0.270080051241653,0.947289932224599
"ENSG00000213741",303.36886250517,0.273774158180345,0.247864290293308,1.1045324756397,0.269362224038239,0.947289932224599
"ENSG00000226976",149.499740596252,-0.322582419285475,0.292608638515919,-1.10243641787741,0.270271986312668,0.947289932224599
"ENSG00000231767",142.9235776862,0.331483367816646,0.300392006068773,1.10350262696656,0.269808951378467,0.947289932224599
"ENSG00000243547",389.51937881203,-0.271554468914523,0.245948878132774,-1.10410940263743,0.269545683004805,0.947289932224599
"ENSG00000130304",152.42494160951,0.319866013105303,0.29048790017863,1.10113368890273,0.2708384766735,0.947367816561653
"ENSG00000136485",539.259943120238,-0.251295068985091,0.228133605718516,-1.10152587205917,0.27066785068275,0.947367816561653
"ENSG00000163069",125.136037940269,0.333488761183768,0.303055490316985,1.10042144702593,0.271148538151237,0.947367816561653
"ENSG00000165672",390.770330806821,-0.256773192916044,0.233215634402721,-1.10101191789159,0.270891470228982,0.947367816561653
"ENSG00000166821",151.817608687283,-0.364029310677003,0.330792723485267,-1.10047556923729,0.271124968501631,0.947367816561653
"ENSG00000168172",208.320672947914,-0.288871761730453,0.262582226810176,-1.10011924736735,0.271280168703203,0.947367816561653
"ENSG00000182934",1056.92265595732,-0.231851681849557,0.210494230515343,-1.10146335736579,0.270695043832047,0.947367816561653
"ENSG00000004478",451.910849262013,-0.263045012093346,0.239502115963251,-1.09829932414337,0.272073806945909,0.949646302811721
"ENSG00000011485",157.581163172159,-0.307646386639784,0.280305035740733,-1.09754141885749,0.272404785143985,0.950032446033171
"ENSG00000091317",392.596436354004,-0.266009351729918,0.242511792614435,-1.09689243917652,0.272688414290946,0.950032446033171
"ENSG00000114841",165.07882002853,-0.307202621913799,0.279977215156031,-1.09724150853703,0.272535832418728,0.950032446033171
"ENSG00000198876",179.292185583807,-0.295187423001372,0.269146701230679,-1.09675289220199,0.272749428083564,0.950032446033171
"ENSG00000007047",107.062122485668,-0.354302579453013,0.323639649277126,-1.09474404710416,0.273628785633926,0.950340174810471
"ENSG00000008710",416.733311313445,0.27244778410033,0.251134510775792,1.08486795884285,0.277980140919181,0.950340174810471
"ENSG00000063046",676.752489067526,0.236390110275518,0.217449961082552,1.08710118456069,0.276992094411541,0.950340174810471
"ENSG00000074800",905.51623350678,0.230612157130874,0.213110015082625,1.08212726202222,0.279195983560138,0.950340174810471
"ENSG00000077809",533.157860025322,-0.24702664952094,0.226803613926958,-1.08916540280745,0.27608095263882,0.950340174810471
"ENSG00000078369",1348.43864383764,-0.230434881748348,0.211539968098171,-1.08932077384737,0.276012454987519,0.950340174810471
"ENSG00000086232",510.876244951507,-0.251433567590924,0.23093671235812,-1.08875529154073,0.27626181202093,0.950340174810471
"ENSG00000087088",108.691163388131,0.334588607917013,0.308100464950553,1.08597242127081,0.277491193886021,0.950340174810471
"ENSG00000096746",519.972651502123,0.248492986040046,0.229573597896718,1.08241099288708,0.279069945799995,0.950340174810471
"ENSG00000100883",245.45468107627,-0.274045809821974,0.251780128248096,-1.0884330377016,0.276403982881224,0.950340174810471
"ENSG00000102178",103.579017994197,-0.342905577286235,0.314458996661761,-1.0904619709611,0.275509696381743,0.950340174810471
"ENSG00000105202",260.509018912085,0.270003374971582,0.248634520613879,1.08594484106609,0.27750339654489,0.950340174810471
"ENSG00000107290",368.595151484849,-0.261060542612401,0.238444518810527,-1.09484815970899,0.273583163524924,0.950340174810471
"ENSG00000107929",387.621329311795,-0.255794051480948,0.235350721870847,-1.08686325432781,0.27709724788833,0.950340174810471
"ENSG00000108389",288.227269217895,-0.269561210228022,0.247175567551765,-1.09056575816932,0.275464003563695,0.950340174810471
"ENSG00000114439",248.780528526146,-0.278955341865608,0.256739799566178,-1.08652940579127,0.277244838395868,0.950340174810471
"ENSG00000115947",106.574418902027,-0.337220134836832,0.311127810946913,-1.08386368229348,0.278425244378605,0.950340174810471
"ENSG00000119522",109.248749977174,-0.334645195818902,0.307820405193965,-1.08714428989213,0.276973046881942,0.950340174810471
"ENSG00000119699",220.10103544715,0.391499003868769,0.359150995066045,1.09006799158882,0.275683194774761,0.950340174810471
"ENSG00000122779",162.042170159359,-0.33463120761536,0.305805577689506,-1.09426129550561,0.273840395184327,0.950340174810471
"ENSG00000128567",213.612848650545,0.293297058506267,0.270445700913273,1.08449517783358,0.278145303897987,0.950340174810471
"ENSG00000130338",166.232489126704,-0.304848859706609,0.281016778533122,-1.08480661296413,0.278007316007178,0.950340174810471
"ENSG00000137817",185.917672831437,0.313657620202073,0.286629998531229,1.09429446258012,0.273825853137108,0.950340174810471
"ENSG00000138772",279.820106286117,-0.270323259654732,0.24840886027739,-1.0882190729947,0.276498406659196,0.950340174810471
"ENSG00000139624",132.531488215761,0.320879350170614,0.2953895195771,1.08629226463419,0.277349708235606,0.950340174810471
"ENSG00000143653",276.483698826197,-0.28116515509082,0.25965184717876,-1.0828544381479,0.278873037877868,0.950340174810471
"ENSG00000145780",128.891635231719,-0.340680927528957,0.313272891972004,-1.08748933041868,0.276820611374617,0.950340174810471
"ENSG00000149527",152.657455377535,-0.311126879706536,0.285164014897191,-1.09104537547876,0.275252916901432,0.950340174810471
"ENSG00000154358",223.707367221618,0.287630838476288,0.265489923398486,1.0833964422995,0.2786324941362,0.950340174810471
"ENSG00000160710",1251.32875366825,-0.248397806269698,0.229304513973688,-1.08326609871361,0.278690328276214,0.950340174810471
"ENSG00000162885",105.651906955915,-0.337792160585765,0.310153765495245,-1.08911191210717,0.276104537498142,0.950340174810471
"ENSG00000163297",607.579639464351,0.291965326292115,0.268638340003521,1.0868341662932,0.277110105236573,0.950340174810471
"ENSG00000163848",167.978138983637,-0.301069899632033,0.275472333717202,-1.09292245638398,0.274427847605056,0.950340174810471
"ENSG00000166743",279.46865812865,-0.38064480033876,0.349821597019304,-1.08811120749001,0.276546016624067,0.950340174810471
"ENSG00000167074",131.676851488021,0.315895318489454,0.290900274026787,1.08592306949963,0.277513029472579,0.950340174810471
"ENSG00000167863",167.508770198314,0.301978903278404,0.278925902925913,1.08264919145431,0.278964164094403,0.950340174810471
"ENSG00000172660",771.657186486101,0.238659307855452,0.220164588369163,1.08400406088593,0.278362998312825,0.950340174810471
"ENSG00000175550",105.96804361129,0.35242817736728,0.325037966826096,1.08426772665557,0.278246110383498,0.950340174810471
"ENSG00000181704",332.655594176896,-0.26289076469524,0.241143761590134,-1.090182731503,0.275632658572963,0.950340174810471
"ENSG00000186812",104.871517955363,-0.358169001176154,0.326901942204246,-1.09564659898035,0.273233460549325,0.950340174810471
"ENSG00000196091",478.336341521411,-1.27198551175553,1.17241277799926,-1.0849297582087,0.277952766773383,0.950340174810471
"ENSG00000198162",211.146854426057,-0.284837176028847,0.262799414065811,-1.08385772868396,0.278427884511647,0.950340174810471
"ENSG00000198752",547.071958500327,-0.24976878069996,0.229756191470434,-1.08710359055591,0.276991031218718,0.950340174810471
"ENSG00000230202",570.36026749431,0.241804759657664,0.222614713993325,1.08620295271639,0.277389211236884,0.950340174810471
"ENSG00000255717",154.891481796206,0.301387241421957,0.278443611633245,1.0823995553503,0.279075025787006,0.950340174810471
"ENSG00000135679",257.981339154422,-0.270470234974378,0.250288197607092,-1.08063519398932,0.279859420867215,0.952116572965547
"ENSG00000157500",176.089943433066,-0.29676437899227,0.274719464846367,-1.08024518451298,0.280033012253756,0.952225500717271
"ENSG00000107874",103.123533914703,0.337372312945043,0.312530036284065,1.07948764527195,0.280370398448838,0.952409747458024
"ENSG00000218208",166.860445307778,0.295894215171677,0.274049319155264,1.07971155003686,0.280270648972416,0.952409747458024
"ENSG00000065054",300.464093473013,-0.296422657936524,0.275945650678089,-1.07420666790042,0.282730064540214,0.953056250331568
"ENSG00000075568",427.506556737562,-0.252317035424359,0.234927262587483,-1.07402194468767,0.282812846191461,0.953056250331568
"ENSG00000083845",808.807413445637,0.237581898308447,0.22107482704184,1.07466734900344,0.282523686990016,0.953056250331568
"ENSG00000104979",112.968593946514,0.325497855456948,0.302872589202767,1.07470225784953,0.282508052565217,0.953056250331568
"ENSG00000105792",116.230836719477,-0.430698262496981,0.4014993498182,-1.07272468234881,0.28339466260231,0.953056250331568
"ENSG00000109610",186.332505057546,0.293223832452429,0.273068088748357,1.07381215357847,0.282906881661413,0.953056250331568
"ENSG00000130881",129.625006796558,-0.316247971981494,0.293796616174147,-1.07641802039694,0.281740346636127,0.953056250331568
"ENSG00000133872",1191.4608592029,-0.231015407554247,0.214636641145665,-1.076309274694,0.281788962089573,0.953056250331568
"ENSG00000134240",162.081925681362,-1.08551062802526,1.01092239974323,-1.07378234798337,0.28292024325592,0.953056250331568
"ENSG00000158615",277.232185888093,-0.278233727045993,0.258909381222331,-1.07463748795981,0.282537061149913,0.953056250331568
"ENSG00000168118",210.474684010506,-0.279647675852026,0.260590789852825,-1.07312954540705,0.283212996348267,0.953056250331568
"ENSG00000169221",160.365106750662,0.297528229216826,0.277323330304391,1.07285683065416,0.2833353576117,0.953056250331568
"ENSG00000170185",115.57920212231,-0.328835670598848,0.305456316963143,-1.07653910669828,0.281686220935862,0.953056250331568
"ENSG00000171298",544.264741185984,-0.247953707003388,0.230931817130091,-1.07370959136267,0.282952861225538,0.953056250331568
"ENSG00000180628",165.589774270477,-0.30386067322831,0.282079173856097,-1.07721767996713,0.281383028540144,0.953056250331568
"ENSG00000186184",208.77197957017,0.278156189805832,0.259291333772243,1.07275544369007,0.283380856899227,0.953056250331568
"ENSG00000196411",265.27416578861,0.269142738876145,0.24985220888428,1.07720776245288,0.281387458175794,0.953056250331568
"ENSG00000198001",107.574514322995,0.332038510080057,0.309241834991008,1.07371795310202,0.282949112392969,0.953056250331568
"ENSG00000210151",116.979724245769,0.335564538533013,0.312780849572092,1.07284233990697,0.283341860301144,0.953056250331568
"ENSG00000213995",181.414599655932,-0.297712000275557,0.27627868662854,-1.07757859974133,0.281221856724502,0.953056250331568
"ENSG00000131711",366.652843090601,0.278479379992336,0.259761992587914,1.07205591248337,0.283694919423253,0.953112901119279
"ENSG00000177030",117.380143934937,-0.321813123913711,0.300096996959702,-1.07236369298599,0.283556708825514,0.953112901119279
"ENSG00000087111",224.056668964255,-0.276142274212966,0.258204073167874,-1.06947295921792,0.284856607133502,0.954103404885398
"ENSG00000100201",4002.40376352855,-0.221904301531644,0.207442175514513,-1.06971642088336,0.284746972672981,0.954103404885398
"ENSG00000131323",155.055874461144,0.298121243048314,0.278910403703369,1.0688781741013,0.285124567918473,0.954103404885398
"ENSG00000132465",292.816109321446,-0.331781275007266,0.310000372548667,-1.07026089123548,0.284501892773369,0.954103404885398
"ENSG00000143761",1400.04915580897,-0.228090313990287,0.213165887199895,-1.07001320420653,0.284613365278131,0.954103404885398
"ENSG00000163435",408.468858744153,0.299044230465781,0.279702255858707,1.06915201505148,0.285001176758018,0.954103404885398
"ENSG00000164144",187.85243380682,-0.286908353340653,0.268297591120853,-1.06936611745954,0.284904728602532,0.954103404885398
"ENSG00000242071",519.621310568742,0.249530305338124,0.233038806538566,1.07076717841339,0.284274128193037,0.954103404885398
"ENSG00000061987",249.218815420144,-0.274078895391678,0.256562982773874,-1.06827139452632,0.285398108010913,0.954182459595819
"ENSG00000205060",142.281490251361,-0.308479655312719,0.28878551863947,-1.06819641360838,0.285431922198452,0.954182459595819
"ENSG00000015133",287.24488944948,-0.260179543985731,0.244670145667913,-1.06338901003014,0.287605574558008,0.955792119379343
"ENSG00000047188",161.521355456156,-0.299390128599975,0.280821715965005,-1.06612171203058,0.286368625930045,0.955792119379343
"ENSG00000073008",163.153402415385,-0.294178566044277,0.277013616482675,-1.06196428096045,0.288251901048883,0.955792119379343
"ENSG00000116747",144.928271126038,-0.302160128194129,0.283967948287551,-1.06406420166883,0.287299616488866,0.955792119379343
"ENSG00000118482",276.991024660664,-0.271574259768704,0.255030579437059,-1.06486939867432,0.286935034726007,0.955792119379343
"ENSG00000119711",270.932801396499,-0.280307326129344,0.263757022449808,-1.06274829585887,0.287896112627523,0.955792119379343
"ENSG00000128000",111.977237404873,-0.324291486123619,0.305418449942285,-1.06179402778352,0.28832920163852,0.955792119379343
"ENSG00000141232",377.572665139847,-0.248602372904719,0.233938670892678,-1.06268182150512,0.287926267400392,0.955792119379343
"ENSG00000146223",289.757767576419,-0.25945523424874,0.24402235485284,-1.06324371144278,0.287671444264991,0.955792119379343
"ENSG00000148248",945.301889392238,-0.225320383800383,0.212028079420446,-1.06269124550045,0.287921992262128,0.955792119379343
"ENSG00000158850",113.498790943205,-0.353320244196737,0.331697173419886,-1.06518919215956,0.286790323476147,0.955792119379343
"ENSG00000167244",155.81026712172,0.342017857998866,0.321479825215141,1.06388591498698,0.287380384421391,0.955792119379343
"ENSG00000185024",135.081324455505,-0.306374551897987,0.28846925621928,-1.06207003100911,0.288203894055022,0.955792119379343
"ENSG00000196189",135.964353745337,-0.340421654690443,0.319315740490375,-1.06609731849628,0.286379651664181,0.955792119379343
"ENSG00000204253",235.641007725263,-0.276091493117833,0.259988778846029,-1.0619361894897,0.288264654545702,0.955792119379343
"ENSG00000211893",464.228577904073,-0.319186554143077,0.29998103702199,-1.06402243725719,0.287318535345595,0.955792119379343
"ENSG00000213862",191.344840830082,-0.292466206225141,0.274930589193184,-1.0637819788748,0.287427476919782,0.955792119379343
"ENSG00000100359",515.456702699054,-0.248985664584621,0.234896702017034,-1.05997939709926,0.289153972498684,0.956619172753729
"ENSG00000104388",651.545385433914,-0.234030075304921,0.220940092356415,-1.05924675240648,0.289487418044197,0.956619172753729
"ENSG00000111912",180.118902698388,0.37289180439027,0.352258993846431,1.05857284243773,0.289794360470825,0.956619172753729
"ENSG00000124795",249.263100314571,0.268996366421485,0.254205709835515,1.05818380946495,0.289971651109202,0.956619172753729
"ENSG00000125945",116.230954324098,0.319600566439213,0.301502885274733,1.06002490207677,0.289133270544838,0.956619172753729
"ENSG00000139644",2595.72230054771,-0.230664990744878,0.217905756112013,-1.05855391275807,0.289802985440763,0.956619172753729
"ENSG00000169689",142.706875732275,-0.315190092683524,0.297877595792268,-1.05811949987447,0.290000965394715,0.956619172753729
"ENSG00000169967",204.347033236234,-0.28050293004496,0.264893270464486,-1.05892810924605,0.289632521563241,0.956619172753729
"ENSG00000197858",267.731673708217,-0.262279020422492,0.247339082552497,-1.06040265742,0.288961453749693,0.956619172753729
"ENSG00000198712",18533.0778143702,0.215077303058432,0.202791051277441,1.06058576896562,0.288878192756917,0.956619172753729
"ENSG00000021300",123.446896443741,-0.318764145748377,0.302450171735977,-1.05393937757999,0.291910673004882,0.956657586990965
"ENSG00000056558",103.889626969346,0.343192262707069,0.324770417738753,1.05672266919068,0.290638175944261,0.956657586990965
"ENSG00000115884",389.147078029004,0.27526068823848,0.261300617737042,1.05342532529137,0.292146102241963,0.956657586990965
"ENSG00000127603",904.953162003846,0.23361600371965,0.221324925566276,1.05553408917648,0.291181127275062,0.956657586990965
"ENSG00000135837",135.439445060547,-0.310544372403234,0.29360757658179,-1.05768514565811,0.290199009617665,0.956657586990965
"ENSG00000135940",206.1901804269,0.282826710231539,0.268428632099308,1.05363838432446,0.292048508512801,0.956657586990965
"ENSG00000137992",151.104460498058,-0.30894369145849,0.292622223240319,-1.05577658469489,0.291070298351648,0.956657586990965
"ENSG00000138496",345.271607289699,-0.312599236372228,0.296555101532016,-1.05410169900072,0.291836358403773,0.956657586990965
"ENSG00000144224",694.797583301912,-0.232667232667088,0.22036746280874,-1.05581481812958,0.291052826925546,0.956657586990965
"ENSG00000153291",205.045696544587,-0.276184153858962,0.262044481375215,-1.05395905462134,0.29190166371085,0.956657586990965
"ENSG00000171295",107.303931856352,-0.327517631925457,0.309851543570285,-1.05701468565111,0.290504885156046,0.956657586990965
"ENSG00000171385",241.309640968757,0.27157090763596,0.2574628393336,1.05479652263168,0.291518395337921,0.956657586990965
"ENSG00000197969",176.440045157784,-0.293544699975739,0.278235939122339,-1.05502078883731,0.29141581705162,0.956657586990965
"ENSG00000234825",177.504606121264,-0.2853327609516,0.269984843932638,-1.05684732815147,0.290581270382893,0.956657586990965
"ENSG00000256683",223.128265937215,-0.283284726434909,0.268777318694939,-1.05397556538778,0.2918941042658,0.956657586990965
"ENSG00000104343",106.688710034836,-0.336653373294949,0.319989246650721,-1.05207714577489,0.292764156672366,0.958000055715495
"ENSG00000161010",155.989339846648,0.296196877278103,0.281580108695912,1.05190980517014,0.292840932880026,0.958000055715495
"ENSG00000140497",288.259506629084,-0.256177689630286,0.243608237388102,-1.05159699186263,0.292984488505361,0.958003728579028
"ENSG00000107679",116.892156980649,0.343355013703767,0.32669023886524,1.05101093591413,0.293253567204022,0.95841763508953
"ENSG00000071859",242.78981827714,0.263857166640558,0.251446967125677,1.04935513701654,0.294014698095958,0.958513052181056
"ENSG00000088367",179.046951624955,0.295374527777594,0.282219304625146,1.0466134773095,0.295277883455122,0.958513052181056
"ENSG00000102878",191.280652124443,-0.307705098478578,0.293656586774725,-1.04783993391107,0.294712360297142,0.958513052181056
"ENSG00000105664",218.237909754276,0.845994444046793,0.808134532646586,1.04684852567334,0.295169445621217,0.958513052181056
"ENSG00000105669",271.438602265309,-0.261373574762175,0.248805283645495,-1.05051456678303,0.29348159723486,0.958513052181056
"ENSG00000110047",130.698046945552,0.324414882903054,0.309709248961345,1.04748206258298,0.294877300890253,0.958513052181056
"ENSG00000116251",441.122755260557,0.239204600992446,0.228122009523125,1.04858185973589,0.294370608450484,0.958513052181056
"ENSG00000118260",149.778761466718,-0.301535490577502,0.287642325519156,-1.04830014161953,0.294500344417914,0.958513052181056
"ENSG00000127124",114.587461548844,0.345893900206444,0.329588054337604,1.04947341280803,0.293960285667031,0.958513052181056
"ENSG00000137266",367.750387512823,-0.272768359845569,0.260043956461637,-1.04893174045293,0.294209535797668,0.958513052181056
"ENSG00000145741",328.604243118954,0.253124044853262,0.241640375832875,1.04752380052715,0.294858060954638,0.958513052181056
"ENSG00000179163",299.192438888694,-0.261615658192939,0.249938923409665,-1.04671835272386,0.295229496657782,0.958513052181056
"ENSG00000186908",179.369834973542,-0.29205974476683,0.279035372598618,-1.04667641972026,0.295248842821268,0.958513052181056
"ENSG00000211890",132.916736754797,-0.414894810083776,0.396120762824049,-1.04739475690666,0.294917548898488,0.958513052181056
"ENSG00000183354",133.53722410917,-0.305863879222105,0.292558935276948,-1.04547782460502,0.2958021843441,0.959751805064359
"ENSG00000153066",302.985478455702,-0.259977620806277,0.248829641164978,-1.0448016546144,0.296114650018525,0.959839583626312
"ENSG00000204642",218.536456738746,0.365086330941871,0.349376200183244,1.04496623052855,0.296038577325625,0.959839583626312
"ENSG00000138459",106.826159094377,-0.324567907477821,0.310980588161718,-1.04369185676965,0.296627978607522,0.960577652438226
"ENSG00000147471",103.651095322316,0.331127578323917,0.317265056943344,1.04369381713237,0.296627071332094,0.960577652438226
"ENSG00000018408",280.895341686528,0.257843636457418,0.247262766330849,1.04279200739998,0.297044633868746,0.96066595054623
"ENSG00000070087",433.972890378814,-0.240257477779474,0.230596232793272,-1.04189680320954,0.297459526413583,0.96066595054623
"ENSG00000100350",141.405161380185,-0.319991953078017,0.307865292135662,-1.03938950330592,0.298623623811956,0.96066595054623
"ENSG00000112118",137.11633013293,0.30052959864149,0.288855313685447,1.04041568357214,0.298146818308876,0.96066595054623
"ENSG00000117153",152.601123552012,-0.296946634322712,0.285215269595368,-1.04113161523219,0.297814468362202,0.96066595054623
"ENSG00000124067",267.059089055443,0.277913473068526,0.266489201318736,1.04286954853426,0.297008714768578,0.96066595054623
"ENSG00000127995",164.063074112077,-0.29951674540813,0.287810541639868,-1.04067329744617,0.29802720021929,0.96066595054623
"ENSG00000134954",220.149784594767,0.341034145091549,0.328131255497023,1.03932234244184,0.298654847248315,0.96066595054623
"ENSG00000135775",106.050448227138,-0.327035560335158,0.314031192878001,-1.0414110691934,0.297684807381393,0.96066595054623
"ENSG00000160200",212.33308181647,-0.37676185156792,0.362368863976111,-1.03971916194422,0.298470395394574,0.96066595054623
"ENSG00000178982",259.460199712311,0.258169347096969,0.248278546572908,1.0398375158087,0.298415396222117,0.96066595054623
"ENSG00000189060",960.155439501841,-0.253242591783225,0.243119167007693,-1.04163976415406,0.29757872562147,0.96066595054623
"ENSG00000198556",125.159792742109,-0.347355305844951,0.333218131821776,-1.04242618475136,0.297214131751152,0.96066595054623
"ENSG00000198586",253.648834078552,-0.290314912228966,0.278926836549411,-1.04082818211555,0.297955297911046,0.96066595054623
"ENSG00000106554",375.425543967695,-0.260566424015227,0.250894912836557,-1.03854805611372,0.299014974416254,0.960905264177604
"ENSG00000159921",270.093590937411,-0.295140932573861,0.284152288189587,-1.03867167304647,0.298957459694012,0.960905264177604
"ENSG00000026950",153.783171439177,0.298730456877629,0.287764154342454,1.03810864685434,0.299219476261314,0.961103246100093
"ENSG00000178607",221.318397079369,-0.27026826663452,0.260429350897419,-1.03777959628282,0.299372678075585,0.961136340208298
"ENSG00000165934",169.239820066879,-0.290921605563855,0.280429129595891,-1.03741578481196,0.299542125036065,0.961221532916304
"ENSG00000116473",214.912671798478,0.271594248167515,0.262040383073357,1.03645951430121,0.299987817708725,0.962192685698087
"ENSG00000006607",148.829691250261,-0.30093962433959,0.290656994726834,-1.03537719648694,0.300492790917638,0.962435481767634
"ENSG00000119844",317.615031010339,-0.259105092544035,0.250219450272326,-1.03551139714374,0.300430146641152,0.962435481767634
"ENSG00000120903",200.661982345717,-1.1841744740673,1.14369262507811,-1.03539574191661,0.300484133474265,0.962435481767634
"ENSG00000213918",164.667461555886,-0.293381255731805,0.28372449417447,-1.03403569926323,0.301119474359882,0.963983619488133
"ENSG00000115339",236.174642549317,-0.288847956139144,0.279426005822006,-1.03371894569878,0.301267573447552,0.963998905332177
"ENSG00000110492",288.315164689356,-0.265682880810844,0.25710902878232,-1.03334714486352,0.301441471929471,0.964096690536196
"ENSG00000017427",203.472124844231,-0.38588337126588,0.375156485485244,-1.02859309700261,0.303670923110121,0.964958390643797
"ENSG00000018236",153.539216788798,0.322105561063241,0.312288642787163,1.03143539959847,0.302336687583124,0.964958390643797
"ENSG00000112378",384.910076874258,0.244380400336951,0.237378720605467,1.02949581880644,0.303246743562393,0.964958390643797
"ENSG00000120129",1458.48678034357,-0.214439644466558,0.208060731855607,-1.03065889730397,0.302700805999803,0.964958390643797
"ENSG00000128512",123.582851967408,-0.341110141347195,0.331037890345885,-1.03042627836586,0.302809942706999,0.964958390643797
"ENSG00000133318",244.465261103001,0.266477869995201,0.25902484674651,1.02877339121056,0.303586173254365,0.964958390643797
"ENSG00000145191",344.104053542641,-0.257063775856867,0.249942924065752,-1.02848991151772,0.303719433986458,0.964958390643797
"ENSG00000152784",135.047504109453,1.01083109275438,0.980509811986298,1.03092399524963,0.302576463169819,0.964958390643797
"ENSG00000153956",115.750391864772,-0.351024580319612,0.340658175600793,-1.03043051792471,0.302807953419515,0.964958390643797
"ENSG00000164442",154.890708212757,0.307565312044218,0.298846569134437,1.02917464615717,0.303397614079139,0.964958390643797
"ENSG00000178685",271.495846390409,-0.295458842817255,0.286675671554774,-1.03063800710694,0.302710605883706,0.964958390643797
"ENSG00000197119",403.814873076137,-0.238457238480476,0.23140256152398,-1.03048659837659,0.302781640145486,0.964958390643797
"ENSG00000198753",148.493327449579,-0.30418882363392,0.295653056703511,-1.02887089017642,0.303540349027589,0.964958390643797
"ENSG00000269893",249.174768332577,0.287355859328222,0.279036888173302,1.02981315914674,0.303097722256111,0.964958390643797
"ENSG00000144802",513.467667808992,-0.247278153896631,0.240536064584525,-1.02802943219243,0.303935983155405,0.965021766722644
"ENSG00000152683",107.110923095595,-0.315907882982831,0.307443216024907,-1.02753245645609,0.304169810504312,0.965021766722644
"ENSG00000198886",45806.667076671,0.207887673641377,0.202276503723499,1.02774009741412,0.304072100796899,0.965021766722644
"ENSG00000101347",234.956575472652,0.321015267973135,0.312733608584132,1.02648151385615,0.304664672897702,0.96572965345978
"ENSG00000137497",2010.39536438885,-0.211837620004547,0.206384847289039,-1.02642041209484,0.304693460607415,0.96572965345978
"ENSG00000198887",143.631673739184,-0.317633826400223,0.309541158979701,-1.02614407546705,0.304823677415271,0.96572965345978
"ENSG00000130702",679.129281991914,0.241884561205484,0.235862783121494,1.02553085316936,0.305112775176698,0.965735776865164
"ENSG00000233476",2235.50139769688,0.215474796396562,0.210103163968199,1.02556664224807,0.305095897762106,0.965735776865164
"ENSG00000100226",232.568101804936,-0.268391730862912,0.261848879829581,-1.02498712630579,0.305369262099917,0.966092971253076
"ENSG00000237350",105.985066266495,-0.339323885184362,0.331478529197612,-1.02366776516639,0.305992225772108,0.967608702653127
"ENSG00000090316",279.104184731222,-0.254209649639513,0.248610233362986,-1.02252287124622,0.306533493428556,0.968409711977672
"ENSG00000125148",203.399130566727,0.367339516956311,0.359187024866197,1.02269706733741,0.306451098433264,0.968409711977672
"ENSG00000108799",227.313282236061,0.263074666264063,0.257418044254636,1.02197445802918,0.306792989491356,0.968774482309324
"ENSG00000133313",1157.81886661806,-0.237506841054753,0.23317615680873,-1.0185725860881,0.308405924471141,0.96968518581335
"ENSG00000138041",336.429625675049,-0.242536096496361,0.238171384162906,-1.01832593092069,0.308523089152627,0.96968518581335
"ENSG00000138074",120.020686830609,0.305421692903578,0.299845332448257,1.01859745626117,0.3083941124218,0.96968518581335
"ENSG00000162980",163.096114355441,-0.292293335469946,0.286834757411352,-1.01903039264787,0.308188537912148,0.96968518581335
"ENSG00000165757",154.427293572071,0.307262077589487,0.301341861930411,1.01964617733875,0.307896296342666,0.96968518581335
"ENSG00000166959",149.327043542003,-0.366623480159222,0.359311686348608,-1.02034944614498,0.3075627605883,0.96968518581335
"ENSG00000174718",112.256915838044,-0.359699145047377,0.3529113568035,-1.01923369172746,0.308092035135548,0.96968518581335
"ENSG00000178950",404.338427525229,-0.239314448695404,0.23450474953452,-1.02051002877524,0.307486635425605,0.96968518581335
"ENSG00000183431",159.82039225303,0.289728767326277,0.284150301572816,1.01963209513621,0.307902977481333,0.96968518581335
"ENSG00000204590",243.091145716479,0.255989871186256,0.250806321814299,1.0206675387385,0.30741197899754,0.96968518581335
"ENSG00000197930",108.010870375115,0.313748810286299,0.3081970251163,1.01801375327327,0.30867142013473,0.96969825867641
"ENSG00000100075",241.947149944051,-0.272995718223665,0.268661153206069,-1.01613394778467,0.309565605082672,0.96985522984797
"ENSG00000103994",341.661350265042,-0.244159121271707,0.240292822785995,-1.01608994576236,0.309586556420397,0.96985522984797
"ENSG00000132912",328.961132021496,-0.255957166298598,0.251883769949855,-1.01617173011804,0.309547615965499,0.96985522984797
"ENSG00000133812",199.013868767505,-0.279619053993971,0.275161954042378,-1.01619809674308,0.309535062562732,0.96985522984797
"ENSG00000159459",160.73406868177,-0.284203741572773,0.279602589219644,-1.0164560434364,0.309412269411886,0.96985522984797
"ENSG00000164896",209.289267026422,-0.266790609779611,0.262424063259035,-1.01663927639237,0.30932506260385,0.96985522984797
"ENSG00000185565",158.657804110259,-0.384017854395996,0.378476561881669,-1.01464104537089,0.310276966198266,0.971113482852273
"ENSG00000185920",179.682484321119,-0.27242456384243,0.268451748593897,-1.01479899188343,0.310201654405214,0.971113482852273
"ENSG00000054523",285.473973514092,-0.252132593689108,0.249082268856327,-1.01224625440737,0.311420325385227,0.971290861290319
"ENSG00000070367",111.440636235508,-0.320071691226501,0.316003881315851,-1.01287265806266,0.31112098980031,0.971290861290319
"ENSG00000103855",455.248059149415,-0.233835547695874,0.230670760519378,-1.01371993212044,0.310716410338165,0.971290861290319
"ENSG00000131143",517.391066171939,0.231992607879477,0.229158500807819,1.01236745336379,0.31136239398665,0.971290861290319
"ENSG00000172765",170.626845212755,-0.278956337201684,0.275381410168867,-1.01298172970581,0.311068887826125,0.971290861290319
"ENSG00000177663",202.560310319789,-0.264984493263944,0.261491841171647,-1.01335663887886,0.310889842938915,0.971290861290319
"ENSG00000179950",337.784864153237,-0.24112473835867,0.238241352481178,-1.01210279343809,0.311488906899081,0.971290861290319
"ENSG00000228589",146.711546492928,-0.288666442985201,0.285129948722541,-1.0124030964776,0.311345358431454,0.971290861290319
"ENSG00000024048",232.726296910764,-0.273374136040752,0.271115254450115,-1.00833181295984,0.31329519542366,0.972864027894523
"ENSG00000047849",761.041194563644,0.22619078131343,0.223976284138516,1.00988719490294,0.31254933829094,0.972864027894523
"ENSG00000083168",234.445230283928,-0.258715464985027,0.256099109734602,-1.01021618252846,0.312391727825836,0.972864027894523
"ENSG00000102144",518.859940768335,0.229764557856736,0.22753207660938,1.00981172096974,0.312585503516041,0.972864027894523
"ENSG00000102316",969.977575151149,-0.229149824943075,0.226946059317539,-1.00971052607022,0.312633997911787,0.972864027894523
"ENSG00000130300",126.108346691383,0.320381275055552,0.317607232747944,1.00873419123238,0.313102129469492,0.972864027894523
"ENSG00000140391",419.62868422023,0.233369452312291,0.231192341163874,1.00941688265908,0.312774745109166,0.972864027894523
"ENSG00000179218",3951.41551318958,-0.205297996278637,0.203550197727494,-1.008586572603,0.313172949571272,0.972864027894523
"ENSG00000185033",333.613688349059,0.248578212402039,0.246379831126303,1.00892273229382,0.31301169214801,0.972864027894523
"ENSG00000114554",206.171494862783,0.292119795914281,0.290257775047203,1.006415059396,0.314215952473032,0.973476046215389
"ENSG00000143570",265.028189103635,0.248574887463066,0.246989942927632,1.00641704077764,0.314214999752419,0.973476046215389
"ENSG00000151500",120.475403185292,0.314936996965059,0.312913852509309,1.00646549981577,0.314191699469605,0.973476046215389
"ENSG00000169507",261.415532401786,0.298562217021343,0.296491289004562,1.00698478536666,0.313942085696068,0.973476046215389
"ENSG00000189143",765.646812486991,0.220904537914716,0.219336245264006,1.00715017551624,0.31386261221314,0.973476046215389
"ENSG00000129315",144.280496362309,-0.296019869463723,0.294313552034939,-1.0057976175986,0.314512933565245,0.973940239151728
"ENSG00000131016",244.621518771903,0.26092658754208,0.259498932836502,1.00550158218368,0.314655387998321,0.973940239151728
"ENSG00000197217",250.128725460933,-0.25625203248182,0.255091860227498,-1.00454805674037,0.31511451979734,0.974912723163253
"ENSG00000084444",153.80208762197,-0.281810097255772,0.280769853888202,-1.00370496815511,0.315520841678784,0.975040504924644
"ENSG00000169223",350.848506367525,-0.238175473902335,0.237282542036203,-1.00376315871564,0.315492786008417,0.975040504924644
"ENSG00000198624",113.568957081256,0.327446407956706,0.326284818131531,1.00356004864654,0.315590719479772,0.975040504924644
"ENSG00000142765",326.833272633563,-0.286745452407407,0.28588850458023,-1.00299748962777,0.315862072479148,0.975040741591731
"ENSG00000162434",452.052932493604,0.256249024206757,0.255575198185718,1.00263650786861,0.316036274403175,0.975040741591731
"ENSG00000166986",363.970089365447,-0.239988057203661,0.239369161015422,-1.00258553017278,0.316060880208897,0.975040741591731
"ENSG00000196782",137.87016900788,-0.290053339160876,0.289370966710512,-1.00235812340858,0.316170659740048,0.975040741591731
"ENSG00000085998",340.763076085625,-0.242966945778359,0.243205352398357,-0.999019731195689,0.317785133084667,0.977627620753784
"ENSG00000107957",376.244218684833,0.245412152063964,0.245511539324207,0.999595182937157,0.317506455272302,0.977627620753784
"ENSG00000162290",120.898589534278,-0.319340361515005,0.319381374892882,-0.999871584941697,0.317372657222508,0.977627620753784
"ENSG00000188706",228.591778189003,-0.265706969371433,0.266020708599957,-0.998820621032945,0.317881594794607,0.977627620753784
"ENSG00000203727",161.59877863729,-0.324515297999632,0.324803733894592,-0.999111968660269,0.317740453854261,0.977627620753784
"ENSG00000244313",364.746447319637,0.241657626998985,0.241723206793053,0.999728698808285,0.317441819564853,0.977627620753784
"ENSG00000164941",134.257719383807,-0.290671126688179,0.291199758229572,-0.998184642924818,0.31818983181564,0.977681502417541
"ENSG00000234851",413.933539803775,-0.248961286101585,0.249348027950065,-0.998448987739509,0.318061689077719,0.977681502417541
"ENSG00000038274",195.04411777972,0.265110553319464,0.266061003865787,0.996427696909684,0.319042381263226,0.978706509831476
"ENSG00000070081",476.896509978245,-0.240328143304014,0.241157908432216,-0.996559245626252,0.318978496155428,0.978706509831476
"ENSG00000072840",163.46312056207,-0.275200963498661,0.276467262561675,-0.99541971425014,0.319532174276022,0.978706509831476
"ENSG00000168395",179.469592640023,-0.267458700425082,0.268729095429056,-0.995272581102744,0.319603709474281,0.978706509831476
"ENSG00000171863",114.120200286802,0.304849355417825,0.306114825652045,0.995866027620437,0.319315243648554,0.978706509831476
"ENSG00000189184",106.777402503949,0.306313448228601,0.307821699107863,0.995100245097624,0.319687511462943,0.978706509831476
"ENSG00000228818",111.41938681704,-0.350426382957341,0.351502325990345,-0.996939015894213,0.318794112117644,0.978706509831476
"ENSG00000234009",254.34031661535,0.249897117541895,0.250897442434447,0.9960130127958,0.319243822600454,0.978706509831476
"ENSG00000146247",216.176498678306,-0.286927814361361,0.288438907036238,-0.994761134375371,0.319852453113272,0.978765968898938
"ENSG00000147162",1672.24766252248,-0.233510413566176,0.23493617544558,-0.993931279945713,0.320256324612698,0.979556179783996
"ENSG00000174695",285.080609704364,-0.242869445054924,0.244468079751621,-0.99346076306436,0.320485462647414,0.979811464439321
"ENSG00000132953",108.160182605053,-0.304294646401472,0.306498600427744,-0.992809252560384,0.320802920034186,0.98033641079052
"ENSG00000006025",118.359429979581,0.297229513613276,0.299613295346662,0.992043805230247,0.32117615712412,0.980621861210778
"ENSG00000055609",370.516325924035,-0.237511486698897,0.24015104190361,-0.989008770547944,0.322658850568331,0.980621861210778
"ENSG00000074657",649.988581946787,-0.242672580386717,0.244772564239266,-0.991420673068178,0.321480209770242,0.980621861210778
"ENSG00000111711",131.551369985517,-0.295558751284224,0.298402451668669,-0.990470251271248,0.321944322778571,0.980621861210778
"ENSG00000111846",201.627082772651,-0.807970149688885,0.816926844417848,-0.989036111629622,0.322645473842115,0.980621861210778
"ENSG00000112531",230.618726632831,0.277843310546912,0.281211039277135,0.988024194431061,0.323140799153562,0.980621861210778
"ENSG00000119541",160.371635525169,-0.278802558241387,0.281223549205932,-0.991391222494059,0.321494584606205,0.980621861210778
"ENSG00000137693",468.269657014385,0.239241395802328,0.241889544325333,0.989052240639872,0.322637582833308,0.980621861210778
"ENSG00000151846",361.419746161357,-0.238561014928139,0.240724292059204,-0.991013465601831,0.321679005101406,0.980621861210778
"ENSG00000158106",128.35683575583,-0.295262109397352,0.29883053027586,-0.988058713829495,0.32312389402351,0.980621861210778
"ENSG00000165678",429.270646547548,0.232629410247563,0.234544025304042,0.991836862806473,0.321277112282594,0.980621861210778
"ENSG00000165732",231.714154182422,-0.25640825424274,0.25954047922073,-0.987931651404072,0.323186122947735,0.980621861210778
"ENSG00000181222",1035.63821726349,-0.208876765481013,0.211136947416251,-0.989295185125596,0.322518739120331,0.980621861210778
"ENSG00000188042",106.54984032814,0.323937924476495,0.327924175069452,0.987843986823743,0.323229061300074,0.980621861210778
"ENSG00000205730",223.682203589593,-0.264986885291828,0.268168041943946,-0.988137450573683,0.323085336560545,0.980621861210778
"ENSG00000211448",205.50729587353,0.297567003784533,0.300347606657878,0.990742050838072,0.321811552118155,0.980621861210778
"ENSG00000104361",344.667374797845,-0.234672395950905,0.238101442112004,-0.985598381384496,0.324330232634216,0.980872145736242
"ENSG00000147852",103.176528782346,-0.31524309857004,0.319631163030536,-0.986271474849666,0.323999913584736,0.980872145736242
"ENSG00000159182",228.806799701138,0.270957514559661,0.274681990042477,0.986440772901639,0.323916865462275,0.980872145736242
"ENSG00000198093",107.040481684417,-0.309033810519237,0.313088513681516,-0.987049339132245,0.323618451549125,0.980872145736242
"ENSG00000226950",157.573784624318,0.279838544259341,0.283928826428577,0.985593987688091,0.32433238955061,0.980872145736242
"ENSG00000257151",109.378662874939,-0.302238413491471,0.306622653764978,-0.985701512201812,0.324279607205597,0.980872145736242
"ENSG00000270906",121.348391759605,0.315812992200264,0.319994638626655,0.98693213597472,0.323675908851666,0.980872145736242
"ENSG00000034677",291.467606293899,-0.272283354591312,0.278167204547283,-0.97884779420512,0.327655190406574,0.981178871662365
"ENSG00000065978",233.728508177712,0.249666140622916,0.254082744118227,0.982617459872616,0.325795747933646,0.981178871662365
"ENSG00000068697",794.573834078479,0.215493292113022,0.219863068319882,0.980125010351887,0.327024414952758,0.981178871662365
"ENSG00000092199",556.2517336854,0.221723717951703,0.225721022338736,0.982290952142537,0.325956530693759,0.981178871662365
"ENSG00000100321",132.022961706337,0.319863018186942,0.326447006767522,0.979831370960407,0.327169364027932,0.981178871662365
"ENSG00000103275",261.545382375798,0.248529565825484,0.252815262378664,0.983048109861496,0.325583761098368,0.981178871662365
"ENSG00000108592",229.891785586503,0.249517336691695,0.255133602865474,0.977986960123243,0.328080773471403,0.981178871662365
"ENSG00000115128",119.412609887953,0.290622726630418,0.296747749375033,0.979359497224445,0.327402382209028,0.981178871662365
"ENSG00000120071",234.696670162111,0.254333069427567,0.258219049526454,0.984950838809088,0.324648219526638,0.981178871662365
"ENSG00000126562",180.706489180534,-0.291815306545234,0.296348810335584,-0.984702136022694,0.324770403220132,0.981178871662365
"ENSG00000127870",152.883131757985,-0.273367756550299,0.278437321373391,-0.98179279703566,0.326201937437716,0.981178871662365
"ENSG00000132199",457.052365736247,-0.234006333703227,0.238660311923074,-0.980499572038827,0.326839580779836,0.981178871662365
"ENSG00000132300",213.471776532991,0.257296675215742,0.261826153029199,0.982700437824666,0.325754895177986,0.981178871662365
"ENSG00000135046",472.409272958722,-0.252509936401177,0.257464556623497,-0.980756107608375,0.326713027868161,0.981178871662365
"ENSG00000135821",856.136008489765,0.214446337566735,0.219229309882742,0.978182788065314,0.327983927667427,0.981178871662365
"ENSG00000138674",843.921201227881,-0.214424634699121,0.218441663682726,-0.981610518268896,0.326291763645219,0.981178871662365
"ENSG00000145740",186.193686959742,-0.267345433271548,0.271849456627811,-0.983431920695617,0.325394906387275,0.981178871662365
"ENSG00000146376",126.76379464819,0.305772961894252,0.312447126760309,0.978639058277604,0.32775835330205,0.981178871662365
"ENSG00000159788",156.484205472478,0.281506176860517,0.28627556079513,0.983339884405899,0.325440186489132,0.981178871662365
"ENSG00000167371",109.349825864078,0.382367842376163,0.389685140880355,0.981222536513296,0.326483012935907,0.981178871662365
"ENSG00000177106",317.529561373693,0.234568599141731,0.239463858856453,0.979557417398607,0.327304633205855,0.981178871662365
"ENSG00000186470",115.428778369407,0.335739808765892,0.343228405288472,0.978181885860274,0.327984373806227,0.981178871662365
"ENSG00000197535",153.450295012687,-0.280190886483409,0.286165980064447,-0.979120182001746,0.327520600746238,0.981178871662365
"ENSG00000198793",488.060241779214,-0.23023381486333,0.234391173861855,-0.982263158932017,0.325970219333946,0.981178871662365
"ENSG00000232472",184.366770783307,0.270555819048791,0.27644764768615,0.978687362013485,0.327734478425563,0.981178871662365
"ENSG00000074964",137.65523758284,0.28826983991418,0.295137203712152,0.976731622744959,0.328702035348254,0.981726688900076
"ENSG00000129353",534.647303233894,-0.224462250087521,0.22970135956584,-0.977191647937035,0.328474282080994,0.981726688900076
"ENSG00000151502",356.068463732477,-0.244493218546515,0.250259182922389,-0.97696002876481,0.328588941318133,0.981726688900076
"ENSG00000176340",175.115517446168,-0.277167998875739,0.283901706222385,-0.976281553794637,0.328924958451269,0.981726688900076
"ENSG00000197355",133.311268875872,-0.315732818105136,0.323449445572455,-0.976142709245762,0.328993749149684,0.981726688900076
"ENSG00000029363",556.732413371048,-0.219480490536031,0.226082300419707,-0.970799085680655,0.331648337999971,0.981935812911477
"ENSG00000049239",458.368367598653,0.236546345734448,0.243104280256158,0.973024191450682,0.330541278976266,0.981935812911477
"ENSG00000100632",192.816053570527,0.260464982580018,0.267518208008349,0.973634596759447,0.330238001918754,0.981935812911477
"ENSG00000104823",211.261246372606,-0.270355482752314,0.278098525852957,-0.972157194731996,0.330972352002262,0.981935812911477
"ENSG00000106366",248.759699429495,0.340954437172112,0.350589230026968,0.972518286274468,0.330792772177962,0.981935812911477
"ENSG00000111252",104.867127654674,0.341452875737903,0.350980747465833,0.972853577306666,0.330626080045366,0.981935812911477
"ENSG00000119655",443.477352335254,0.235980059697956,0.242291797429565,0.973949849732557,0.330081440496747,0.981935812911477
"ENSG00000120915",279.531507419438,-0.34142348137518,0.351724764268921,-0.970712090986391,0.33169166918449,0.981935812911477
"ENSG00000141027",495.744769781598,-0.223352599264145,0.229374336028702,-0.97374712067263,0.330182114601938,0.981935812911477
"ENSG00000147649",392.747505262909,-0.22586149732584,0.232567800815978,-0.97116409293716,0.331466571434257,0.981935812911477
"ENSG00000148090",137.471788754395,-0.2850411048882,0.293264314808233,-0.971959732211503,0.33107058170247,0.981935812911477
"ENSG00000155463",288.045767583978,0.238960815220418,0.245822963452292,0.97208499915751,0.331008264224239,0.981935812911477
"ENSG00000164151",164.346702779836,-0.275687026831668,0.283773256086714,-0.971504611228853,0.331297057983434,0.981935812911477
"ENSG00000164163",114.315378448076,-0.293844205851148,0.301940661750873,-0.973185274706704,0.330461228003928,0.981935812911477
"ENSG00000168807",215.25938001021,-0.251138977523445,0.258283347405196,-0.972339022420433,0.330881916679758,0.981935812911477
"ENSG00000169020",134.036125879717,0.287220898497402,0.295179615953199,0.973037713223873,0.330534558794213,0.981935812911477
"ENSG00000172380",321.344586620553,0.258301653314061,0.265790481798465,0.971824316530331,0.33113795648229,0.981935812911477
"ENSG00000198732",137.165361578952,0.925945250138891,0.951562222695015,0.973079035773855,0.330514022460314,0.981935812911477
"ENSG00000113141",187.740727951646,0.267481160277452,0.275641493831024,0.970395119253798,0.331849580581162,0.981971086224767
"ENSG00000185745",138.042330635802,-0.838810949930515,0.864664184499761,-0.970100259693071,0.331996519581259,0.98197387453982
"ENSG00000100030",532.427169575014,-0.216686590642946,0.223600284789576,-0.969080119226429,0.332505216139596,0.982282673558159
"ENSG00000102890",106.524462208244,-0.33043608969334,0.342371869887954,-0.965137964755923,0.334475713641083,0.982282673558159
"ENSG00000105254",123.56056642068,0.288189250175718,0.29763607090414,0.9682604977961,0.33291428770843,0.982282673558159
"ENSG00000106991",266.06418793193,0.270094176351623,0.279590507303505,0.966034859182207,0.334026738175327,0.982282673558159
"ENSG00000111885",140.394063004201,0.308472159823607,0.319208303666595,0.966366339096863,0.333860901392833,0.982282673558159
"ENSG00000124207",230.257038712895,-0.254447747429147,0.26369760843231,-0.964922469118498,0.334583646316049,0.982282673558159
"ENSG00000125534",418.181279954889,-0.244141096583097,0.25223259470778,-0.967920489681132,0.333084080450657,0.982282673558159
"ENSG00000126456",280.054111452134,0.238095589791591,0.246660957223488,0.965274733673654,0.33440722350276,0.982282673558159
"ENSG00000127540",109.241953512155,0.316881967860338,0.328237664836178,0.96540404044884,0.334342478516547,0.982282673558159
"ENSG00000134986",151.458097189183,0.276841729156546,0.285692972525152,0.969018337096733,0.332536040170293,0.982282673558159
"ENSG00000135387",758.265914543295,-0.211743716631757,0.219199011751164,-0.965988463817209,0.334049953647125,0.982282673558159
"ENSG00000142534",1430.64157014686,0.208278631675056,0.21524981824364,0.967613507758257,0.333237428631531,0.982282673558159
"ENSG00000142556",166.540651161848,-0.272074295150288,0.281760840514133,-0.965621392432782,0.334233666766029,0.982282673558159
"ENSG00000143314",127.55523145898,0.294458744200794,0.30459432632542,0.966724323965914,0.33368186404551,0.982282673558159
"ENSG00000166311",196.017830984256,-0.259191414545676,0.267861636274937,-0.96763171520254,0.33322833210696,0.982282673558159
"ENSG00000197448",242.967501716142,0.247817301219149,0.256385740094287,0.966579892969138,0.333754090209359,0.982282673558159
"ENSG00000213930",104.518468549942,-0.300895100390211,0.31158339928388,-0.965696828142212,0.334195907131914,0.982282673558159
"ENSG00000065618",113.789991257271,0.34758732595219,0.360596940873801,0.963922004190922,0.335085030989464,0.983325444343427
"ENSG00000183199",329.935916227099,-0.230289063035463,0.239066796667945,-0.963283342752637,0.335405350213419,0.983423385766084
"ENSG00000184602",122.510342505138,-0.28464067405788,0.295493433017105,-0.963272419124804,0.335410830649331,0.983423385766084
"ENSG00000116044",374.81785346974,0.236118814567346,0.245284008171966,0.962634361396301,0.335731047297746,0.983504801448014
"ENSG00000127980",111.504829572766,-0.294717504797825,0.306067700642464,-0.962916061313186,0.335589648680676,0.983504801448014
"ENSG00000070614",479.756806226895,-0.217768599351086,0.227792380804106,-0.955995975731778,0.339074267636601,0.984147129111941
"ENSG00000073060",174.295812446919,-0.264784947348147,0.276190877831375,-0.95870272554696,0.337708525026763,0.984147129111941
"ENSG00000077684",232.610449968082,-0.267079875344872,0.278691240250293,-0.958336096624375,0.337893307468528,0.984147129111941
"ENSG00000101596",230.782979229904,-0.257880857996855,0.270035895727537,-0.954987326044437,0.339584106268857,0.984147129111941
"ENSG00000111669",435.012237837771,0.226169095778264,0.23518737383927,0.961654922567529,0.33622297279284,0.984147129111941
"ENSG00000111679",132.15386031817,0.281315892418759,0.294682541279831,0.954640513133151,0.339759522095991,0.984147129111941
"ENSG00000112763",110.956045560838,0.292413812443652,0.305432124597708,0.957377397118255,0.338376802749817,0.984147129111941
"ENSG00000118985",359.933594454973,-0.225480597197438,0.235802448610422,-0.956226699621607,0.338957713493158,0.984147129111941
"ENSG00000119280",234.781687094398,0.271288452129869,0.284093963335732,0.954925085153147,0.33961558305008,0.984147129111941
"ENSG00000124151",248.545942516692,-0.244138671674706,0.255262821839097,-0.956420797653785,0.33885968144541,0.984147129111941
"ENSG00000132466",514.264550234718,-0.217066176142066,0.226243763318688,-0.959434960584107,0.337339670004177,0.984147129111941
"ENSG00000132670",331.093969672631,-0.236094932475176,0.247027308122007,-0.955744262729726,0.339201454117429,0.984147129111941
"ENSG00000136631",145.81453169396,0.28252614794362,0.293810046989452,0.961594577307844,0.33625329650436,0.984147129111941
"ENSG00000139278",106.527572767627,0.314824545181812,0.328016338714305,0.959783120608565,0.337164379239771,0.984147129111941
"ENSG00000142327",231.443778994382,-0.24972138584895,0.260837035750403,-0.957384694740629,0.338373120705912,0.984147129111941
"ENSG00000143416",269.861548653738,0.264471047569727,0.276465055362089,0.956616550411213,0.338760832084773,0.984147129111941
"ENSG00000153936",234.379163114382,-0.283760311935958,0.297330168374362,-0.954360983573928,0.339900948695664,0.984147129111941
"ENSG00000157741",153.409200552642,-0.271551855896268,0.282600373199439,-0.960904095142953,0.336600391548859,0.984147129111941
"ENSG00000165633",119.386841073071,0.305756472925404,0.320176517173731,0.9549622052997,0.339596810234933,0.984147129111941
"ENSG00000166105",120.337343587067,0.348461886814669,0.363185271704062,0.959460402068865,0.337326858803763,0.984147129111941
"ENSG00000173517",115.151848541917,0.313742284575551,0.326621744861461,0.960567658190139,0.336769596837689,0.984147129111941
"ENSG00000175115",565.102528382058,-0.219893028478372,0.229619137886058,-0.957642426945649,0.338243097412,0.984147129111941
"ENSG00000175224",266.99637334814,-0.240557809040138,0.251756599347129,-0.955517391257937,0.33931611479788,0.984147129111941
"ENSG00000181982",131.947775622458,-0.281268701326255,0.29381639874586,-0.957294087487409,0.338418838772956,0.984147129111941
"ENSG00000186166",130.890259957684,0.283493127875592,0.296045907206121,0.957598537845049,0.338265236753062,0.984147129111941
"ENSG00000196367",319.748667359803,-0.237552323079875,0.248554989951117,-0.955733470193435,0.339206908094432,0.984147129111941
"ENSG00000214047",133.056084242643,-0.292459381377051,0.306012351378632,-0.955711036039812,0.339218245309097,0.984147129111941
"ENSG00000058262",1367.18552843137,-0.201105195474908,0.211020171316691,-0.953014084957296,0.340582934328595,0.984186712377887
"ENSG00000116209",1088.57573783685,-0.202915003825549,0.213173949779399,-0.951875236329456,0.341160259857318,0.984186712377887
"ENSG00000139684",228.156002227739,0.24610306673335,0.258576402841903,0.951761506574213,0.34121794817043,0.984186712377887
"ENSG00000141522",373.315785222244,-0.222626052354615,0.233435398771405,-0.953694484753894,0.340238312726028,0.984186712377887
"ENSG00000159579",167.406466307126,-0.263137797741979,0.275954114266332,-0.953556349183533,0.34030826012569,0.984186712377887
"ENSG00000164880",420.408264900534,-0.219025801651867,0.229814968846922,-0.953052809183019,0.340563314559924,0.984186712377887
"ENSG00000165487",157.35135812452,-0.263722009674876,0.276835992108246,-0.95262905544362,0.340778050311273,0.984186712377887
"ENSG00000175662",611.552806744352,-0.222444508614048,0.23359214971303,-0.952277329898813,0.340956351871246,0.984186712377887
"ENSG00000241973",508.924920582117,-0.216277942294116,0.227246042844784,-0.951734690675519,0.341231551184245,0.984186712377887
"ENSG00000074416",235.334838562056,-0.241409417720715,0.254366984059363,-0.949059559020347,0.342590321168369,0.986476001156569
"ENSG00000128928",487.649111435897,-0.234329834501345,0.246872429423812,-0.949194023197564,0.342521940809137,0.986476001156569
"ENSG00000144791",178.330625787713,-0.261370091288196,0.275333920664112,-0.949284020863704,0.342476178307004,0.986476001156569
"ENSG00000162738",127.735161956033,0.286442408381323,0.301830626491068,0.949017042144989,0.342611944499219,0.986476001156569
"ENSG00000061676",617.750767855011,-0.219282096550291,0.231350590170992,-0.947834610615079,0.343213657797578,0.986549773912027
"ENSG00000119048",148.809051804891,0.27321393404403,0.288489396028297,0.947050178638909,0.343613210212452,0.986549773912027
"ENSG00000131669",125.388343005522,0.279168570905527,0.294827036421113,0.946889316171055,0.34369518260866,0.986549773912027
"ENSG00000146205",1118.37665461941,-0.748418256489324,0.790334309947026,-0.946964148044501,0.343657048182834,0.986549773912027
"ENSG00000159423",117.484324692991,-0.330251447021225,0.348561008715418,-0.947470998659114,0.34339882754753,0.986549773912027
"ENSG00000163875",245.72332051143,-0.250580606383003,0.264269252174444,-0.948201897576773,0.343026681324555,0.986549773912027
"ENSG00000168769",113.22874226844,-0.291760794009425,0.308386933117024,-0.946086758801515,0.344104336841751,0.986549773912027
"ENSG00000170445",188.418402526841,0.253663821993088,0.267456918553955,0.948428716537072,0.342911246064489,0.986549773912027
"ENSG00000177697",712.08448217211,0.208810523489159,0.220662725758547,0.946288154337598,0.344001633555876,0.986549773912027
"ENSG00000197702",499.675447929134,0.233793188898849,0.247106395558615,0.946123585228666,0.344085555444619,0.986549773912027
"ENSG00000074603",155.29673505535,-0.262812313484089,0.278163967491798,-0.944810774213013,0.344755490299726,0.986734224577002
"ENSG00000080603",718.97306112768,-0.205931406344608,0.217832563035105,-0.945365575629853,0.34447227056079,0.986734224577002
"ENSG00000100412",187.028094790225,-0.257633147746286,0.272470394111391,-0.945545473248595,0.344380466780431,0.986734224577002
"ENSG00000109062",237.773574531615,-0.245590664070142,0.259876772605772,-0.945027374349837,0.344644900751392,0.986734224577002
"ENSG00000134077",133.169613888662,-0.273485193711407,0.289658767916453,-0.944163353585378,0.345086178831845,0.987260586483619
"ENSG00000008513",104.862960787194,0.329376340987127,0.350937121066118,0.938562270034327,0.347955531913013,0.987665454120253
"ENSG00000077254",298.539355490301,-0.231801505562457,0.246877334146934,-0.938933929935,0.347764667396322,0.987665454120253
"ENSG00000089060",104.903691846718,0.295116327446174,0.31362335261096,0.940989645666649,0.346710165392913,0.987665454120253
"ENSG00000107281",711.132811248045,-0.2354683117146,0.250594681097406,-0.939638106776393,0.34740322269763,0.987665454120253
"ENSG00000112144",155.639894228437,-0.261983479131812,0.278466492380789,-0.94080791154421,0.346803305803392,0.987665454120253
"ENSG00000114544",109.727428559917,0.292440370380078,0.311623535169255,0.93844121953511,0.348017711309099,0.987665454120253
"ENSG00000117625",280.258976302824,-0.231073922014771,0.245675418617623,-0.940565903235202,0.34692736201453,0.987665454120253
"ENSG00000120805",512.03582890765,-0.211802449844419,0.224724949462919,-0.942496373235883,0.345938567080326,0.987665454120253
"ENSG00000122042",197.112421307424,-0.263155701255537,0.279155374710403,-0.942685418572132,0.345841833876855,0.987665454120253
"ENSG00000132274",335.940863236993,0.257351988842233,0.273993488163029,0.939263157557621,0.347595649436063,0.987665454120253
"ENSG00000142669",179.049912526362,0.254276427161743,0.269961191189607,0.941899930287208,0.346243875830612,0.987665454120253
"ENSG00000164615",110.496892249116,0.285864576156235,0.303625905534932,0.94150258902512,0.346447363117181,0.987665454120253
"ENSG00000169718",281.162077261684,-0.248837971838292,0.264573116094336,-0.94052629198186,0.346947669882987,0.987665454120253
"ENSG00000179094",398.506338113095,-0.221629312981967,0.236134238522053,-0.938573391004747,0.347949819814828,0.987665454120253
"ENSG00000182054",459.694867690908,0.214359493444073,0.228022608637391,0.94007999787843,0.347176527901239,0.987665454120253
"ENSG00000185088",186.026443057757,0.251369559263147,0.2666309524048,0.942762109935074,0.345802596346602,0.987665454120253
"ENSG00000185641",399.753291020142,0.222550263457976,0.236275067282697,0.94191175572368,0.346237820928663,0.987665454120253
"ENSG00000198888",12725.3456965867,0.190481599854338,0.202263978239948,0.941747519809819,0.346321919620101,0.987665454120253
"ENSG00000253797",154.04322899678,-0.26327906034947,0.280423093040477,-0.938863691627094,0.34780073290671,0.987665454120253
"ENSG00000100941",637.761236290459,0.212900222853956,0.226976526996028,0.937983436752831,0.348252922138204,0.987694075233842
"ENSG00000103342",521.14533647114,-0.213253293710044,0.227724771415953,-0.936451894908367,0.349040569443327,0.987694075233842
"ENSG00000118515",180.740575660483,0.278770730693445,0.297846717873457,0.935953676722679,0.349297038731428,0.987694075233842
"ENSG00000136193",399.848680607394,0.226654236543242,0.241930751446609,0.936855836589515,0.348832718973033,0.987694075233842
"ENSG00000144381",307.221663344484,0.238444165857116,0.254692567103891,0.936203865579842,0.349168233300876,0.987694075233842
"ENSG00000156976",1373.85625818448,0.20621748221052,0.220340577701779,0.935903338193232,0.349322958302901,0.987694075233842
"ENSG00000161395",177.802073457936,-0.255767837505982,0.273022970847522,-0.936799701182737,0.348861599058211,0.987694075233842
"ENSG00000171858",587.933606206549,0.209814538541969,0.223848274555758,0.937306927910702,0.34860070033777,0.987694075233842
"ENSG00000230989",314.056196284846,-0.23079526513029,0.246615146496209,-0.935851947495194,0.349349420901176,0.987694075233842
"ENSG00000085117",156.101493113597,0.259584546537391,0.277652731278641,0.934925240396365,0.349826828332933,0.988190745526868
"ENSG00000099875",491.8638493082,-0.217809581962382,0.23296625029802,-0.934940497534519,0.349818965032806,0.988190745526868
"ENSG00000174652",222.985995804058,0.24150598330637,0.25839036780309,0.934655518933325,0.349965857247249,0.988190745526868
"ENSG00000227500",179.770881307627,-0.270456964641616,0.289493187994295,-0.934242931640055,0.350178594696459,0.98837651192966
"ENSG00000108262",145.225339591948,0.26686752495642,0.285814119704128,0.933710081337754,0.350453463282498,0.988737413606577
"ENSG00000108784",161.146882481688,-0.268472069124722,0.287834111010106,-0.932731941264931,0.350958388734089,0.989331987688802
"ENSG00000111605",308.67389955823,-0.227397805603367,0.243794126164232,-0.932745219013933,0.35095153154472,0.989331987688802
"ENSG00000127616",524.575352618216,-0.208566906627224,0.224007627270303,-0.931070558483944,0.351817066906196,0.989339187864423
"ENSG00000136153",316.610769813187,-0.22447384464633,0.240918435515193,-0.931742081780928,0.35146983305088,0.989339187864423
"ENSG00000139112",374.143526747715,0.219941049754668,0.235902475941058,0.932338878077828,0.351161421602999,0.989339187864423
"ENSG00000175390",188.230092416588,0.249392994325663,0.267905066920599,0.930900625330752,0.351904971028761,0.989339187864423
"ENSG00000180543",168.587549228417,-0.256753398239197,0.275445228578958,-0.93213957476703,0.351264398174243,0.989339187864423
"ENSG00000185189",468.061237885208,-0.22806111585276,0.244837230696743,-0.931480539964277,0.351605046280513,0.989339187864423
"ENSG00000187720",498.615464922627,0.222033975609214,0.238630514049764,0.930450895994427,0.35213767703649,0.989339187864423
"ENSG00000198894",223.877114301105,-0.239771737196393,0.257662022852626,-0.930566850876328,0.352077668523709,0.989339187864423
"ENSG00000178567",286.314120391464,-0.228890804884674,0.246152131911643,-0.92987537059738,0.352435616485856,0.989762821078859
"ENSG00000146463",308.011844815764,-0.224054657997313,0.241074488045512,-0.929400119497567,0.352681765911567,0.990040716828546
"ENSG00000029725",440.033483425749,-0.212368530081944,0.230359015875123,-0.921902402105542,0.356579486080664,0.990645858479365
"ENSG00000075426",708.582237047843,0.253137662405698,0.2741370665151,0.923398158533059,0.355799751022429,0.990645858479365
"ENSG00000076513",198.857855467433,0.264808737741241,0.286344365507419,0.924791159316108,0.355074550135327,0.990645858479365
"ENSG00000078808",542.575974537009,-0.209695399006897,0.227255742198276,-0.922728715140415,0.356148597593202,0.990645858479365
"ENSG00000109814",332.677827173421,-0.228425576930983,0.247024161503539,-0.92470945166111,0.3551170616417,0.990645858479365
"ENSG00000111639",144.275954535095,0.264084591559693,0.285185292995429,0.926010555403803,0.354440494774756,0.990645858479365
"ENSG00000114054",138.282224762571,-0.269067126745746,0.290515005045922,-0.926172906983632,0.354356130002055,0.990645858479365
"ENSG00000114423",121.836231924353,-0.282379276759464,0.304565450563569,-0.927154659981783,0.353846239752703,0.990645858479365
"ENSG00000115840",125.743800069061,0.28352140066538,0.307180409878998,0.922980084495174,0.356017583890865,0.990645858479365
"ENSG00000124733",120.831078482814,0.278217729823624,0.300724935499584,0.925156835968491,0.354884332345514,0.990645858479365
"ENSG00000130717",121.904229355612,-0.274611668570487,0.29783173296504,-0.922036298270209,0.356509642406746,0.990645858479365
"ENSG00000136848",223.154023240832,0.24231429576382,0.262379761873817,0.923525099776382,0.35573362632692,0.990645858479365
"ENSG00000139154",111.949901528865,0.285310484212755,0.308675789025194,0.924304705314831,0.355327693643324,0.990645858479365
"ENSG00000144481",1642.61942712243,-0.233427265552421,0.252467807544647,-0.924582297531702,0.355183224788863,0.990645858479365
"ENSG00000146007",214.367017124802,0.246035771153411,0.266071708664232,0.924697226881399,0.355123422323228,0.990645858479365
"ENSG00000147400",128.363037712539,0.271858487767294,0.292764698494065,0.928590397563952,0.353101400139231,0.990645858479365
"ENSG00000164237",127.285109566556,-0.319951542787603,0.346576974163523,-0.923175994480933,0.355915496684637,0.990645858479365
"ENSG00000172775",179.592208853112,0.247538594249829,0.268154479845939,0.923119369074295,0.355945001857261,0.990645858479365
"ENSG00000175216",300.20772304011,-0.229057331442319,0.2475889430565,-0.925151699484609,0.354887003797698,0.990645858479365
"ENSG00000183741",336.895018929963,0.222476708584914,0.239893890091568,0.927396310510429,0.353720805552465,0.990645858479365
"ENSG00000196693",150.887272054606,-0.267271718771435,0.289792210741521,-0.922287448953648,0.356378659022437,0.990645858479365
"ENSG00000211456",224.887562902673,-0.237534812436457,0.255875890324701,-0.928320413990669,0.353241387906779,0.990645858479365
"ENSG00000219451",233.69104178835,0.240817484240748,0.260719305121405,0.923665718304254,0.355660386075303,0.990645858479365
"ENSG00000223380",326.209474105745,-0.224557299536214,0.242448534009903,-0.926206052155557,0.354338907922871,0.990645858479365
"ENSG00000232561",233.002786774378,-0.234291348874474,0.253815192190433,-0.923078507840813,0.355966293925052,0.990645858479365
"ENSG00000053900",117.354583841672,0.279294318778481,0.303057584542367,0.921588282306908,0.356743372864384,0.990691959490439
"ENSG00000100393",530.892957850415,-0.213429929021425,0.23179476774363,-0.920771124814532,0.357169933473697,0.991064219667004
"ENSG00000125648",187.762457367299,0.249471955316249,0.270939305357473,0.920766940725341,0.357172118417011,0.991064219667004
"ENSG00000134684",212.44720433294,-0.241081888087812,0.26193342813573,-0.920393742042297,0.357367037693113,0.99119616310263
"ENSG00000014824",318.747211307664,-0.224490189232566,0.244273014307862,-0.919013464785089,0.358088529444128,0.991277641427129
"ENSG00000088808",285.151833822092,-0.253230933150688,0.275337241840424,-0.9197118829913,0.357723341238048,0.991277641427129
"ENSG00000100938",200.912739222184,0.241100265092098,0.262211452633366,0.919487927284451,0.357840417431543,0.991277641427129
"ENSG00000106809",135.130464792727,0.332540986996384,0.361990297638267,0.918646132689138,0.358280693771833,0.991277641427129
"ENSG00000135446",120.266926198581,0.277750122691626,0.302266400031258,0.918891820800799,0.358152158504142,0.991277641427129
"ENSG00000226608",188.887324727885,0.246995299774664,0.268721006685821,0.919151438218013,0.358016367449113,0.991277641427129
"ENSG00000072135",383.873017281863,-0.232527245681225,0.253412832661973,-0.917582757110777,0.358837348521192,0.991594086340812
"ENSG00000136997",123.542832647422,0.280934579068138,0.30611880254389,0.917730556677772,0.35875994603851,0.991594086340812
"ENSG00000171055",107.873842958631,0.28969852479807,0.315651690103984,0.917779102347389,0.358734525011152,0.991594086340812
"ENSG00000142599",1523.56049947878,-0.197102371775836,0.215051256582856,-0.916536712725022,0.359385460956009,0.992700866689986
"ENSG00000170248",490.35670047439,-0.206872462830839,0.225872738234114,-0.915880616882672,0.359729514179605,0.992974893163374
"ENSG00000170525",191.294809839893,0.259665490986599,0.283544315135969,0.915784507483709,0.359779930811648,0.992974893163374
"ENSG00000166598",3472.34550912842,-0.185908360945934,0.203114411666512,-0.915288873008046,0.36003999894315,0.993048116660795
"ENSG00000170540",308.565736151214,-0.225224513772637,0.246100956264209,-0.915171225628398,0.36010174792383,0.993048116660795
"ENSG00000198231",637.206311802112,0.200641716021684,0.219397011278411,0.914514353921952,0.360446639021084,0.993591841826151
"ENSG00000100345",3248.70392190458,0.200290663022295,0.219102857201861,0.914139895664465,0.360643341422844,0.993726798201577
"ENSG00000061273",305.53605199967,0.234838710021431,0.257039060809395,0.91363043921007,0.360911066327355,0.994039637202364
"ENSG00000143870",684.363637791026,-0.200914835079742,0.220084911588586,-0.912896907059768,0.361296764374973,0.994039637202364
"ENSG00000159337",167.081060183563,0.760962195466343,0.833657616770736,0.912799427676332,0.361348039393366,0.994039637202364
"ENSG00000166454",340.214440783718,-0.219655996419344,0.240514958197937,-0.913273744240778,0.361098587596298,0.994039637202364
"ENSG00000116649",115.03035230255,0.275580425678681,0.302042961107005,0.912388173750722,0.361564412826324,0.994228225948427
"ENSG00000131149",507.845675946,-0.205632575476874,0.225540276714756,-0.911733276522226,0.361909142164273,0.994717977890381
"ENSG00000181061",166.119022314539,0.255336927562483,0.280131965478613,0.911488009325292,0.362038300605955,0.994717977890381
"ENSG00000166471",147.857376508657,-0.255861917814984,0.28116792103916,-0.909996833455792,0.362824179745685,0.996451606992198
"ENSG00000178035",373.006639051654,0.214138077011381,0.235386728444987,0.909728761795625,0.36296557197902,0.996451606992198
"ENSG00000138668",581.366591659082,0.204256235821248,0.224642483072469,0.909250258578008,0.363218040354788,0.996728219571275
"ENSG00000158161",175.497704304269,-0.247488852562877,0.272291443849991,-0.908911602449111,0.363396788856756,0.996728219571275
"ENSG00000203832",204.513947150757,-0.23729430709965,0.261137331013877,-0.908695459888267,0.363510901369066,0.996728219571275
"ENSG00000115825",128.908359228055,-0.276758072087158,0.304745442026912,-0.908161481420015,0.363792911506504,0.996841842112726
"ENSG00000228929",173.431618128685,0.2609290895564,0.287349187927021,0.908055775061624,0.363848754443464,0.996841842112726
"ENSG00000065243",195.680910584043,-0.239345199352139,0.264874167931639,-0.903618503915077,0.366197726052861,0.99718457709779
"ENSG00000100354",285.735705105279,-0.221979612719896,0.245311166490774,-0.904889964429092,0.365523684132879,0.99718457709779
"ENSG00000104960",437.168973362331,-0.208664460491379,0.230645863228734,-0.904696306148112,0.365626298556699,0.99718457709779
"ENSG00000107262",188.262999813055,0.245333263925484,0.270636181315604,0.906505784750882,0.364668204441915,0.99718457709779
"ENSG00000108587",202.688504375855,-0.2358898903627,0.260644936847432,-0.905023873534047,0.365452739739158,0.99718457709779
"ENSG00000113851",151.112965443517,-0.256799379923004,0.28398705816197,-0.904264375936949,0.36585523177302,0.99718457709779
"ENSG00000129219",152.945586780631,0.258631927302712,0.285898585804238,0.904628214844702,0.365662382617772,0.99718457709779
"ENSG00000130513",591.916553519002,-0.222611346013701,0.245793394615872,-0.905684818591648,0.36510270020096,0.99718457709779
"ENSG00000131089",119.868630686131,0.289917096846901,0.320734671209993,0.903915675075504,0.366040116712614,0.99718457709779
"ENSG00000149483",117.673842035387,0.27025605426994,0.298849636038977,0.904321175866153,0.365825121361357,0.99718457709779
"ENSG00000161048",122.237726530895,-0.268535836416986,0.296167068224384,-0.906703902047395,0.364563399414951,0.99718457709779
"ENSG00000162086",107.001437810459,-0.284070617929197,0.313394462676936,-0.906431516060423,0.364707497796482,0.99718457709779
"ENSG00000181904",194.668417393642,-0.248621766968415,0.274113542793573,-0.90700285886876,0.364405285417981,0.99718457709779
"ENSG00000185164",381.344452019102,-0.212406679185494,0.234919420090678,-0.904168242470144,0.365906196949506,0.99718457709779
"ENSG00000187954",216.777476303414,-0.232511724704662,0.257245887022431,-0.9038501155293,0.366074883596982,0.99718457709779
"ENSG00000112282",213.814430864176,-0.238079121688661,0.263563782304518,-0.90330742565224,0.366362756586933,0.997230231001097
"ENSG00000143801",132.466452493721,-0.264921718367949,0.293538212191658,-0.902511861709422,0.366785023223775,0.997307415572069
"ENSG00000145022",207.189817767075,-0.243105192755119,0.269393718060973,-0.9024159676214,0.366835942034686,0.997307415572069
"ENSG00000172009",178.608350958186,-0.273085468938139,0.30247611845861,-0.90283315697701,0.366614450736095,0.997307415572069
"ENSG00000000003",165.674852327219,-0.0282998198942165,0.287580499688047,-0.0984066024118976,0.921609432162335,0.997528070347704
"ENSG00000001036",145.013011573921,-0.155747606337048,0.286717658868807,-0.543208977610667,0.586985926043944,0.997528070347704
"ENSG00000001084",219.833757879502,0.0482033029397324,0.27268566297927,0.176772414116238,0.85968715812925,0.997528070347704
"ENSG00000001461",498.207373285847,-0.590340442574877,0.833736017519281,-0.70806637852997,0.47890403734647,0.997528070347704
"ENSG00000001497",164.389882658338,0.0380719367749669,0.276682368258823,0.137601600761753,0.890555290340059,0.997528070347704
"ENSG00000001617",178.623913153849,0.222769562107735,0.284265576517856,0.783667037129773,0.433235509016564,0.997528070347704
"ENSG00000001629",180.427010525272,-0.180586976118172,0.276007177757545,-0.654283622568708,0.512929095237059,0.997528070347704
"ENSG00000001631",114.184742407352,0.0394315538461353,0.317449357330507,0.12421368301931,0.901146088659334,0.997528070347704
"ENSG00000002549",179.137659531463,-0.161064836555732,0.282900134162996,-0.569334606476126,0.569129085897419,0.997528070347704
"ENSG00000002834",327.227478276575,0.124375050612637,0.241834794813659,0.514297583639575,0.607043950851414,0.997528070347704
"ENSG00000003056",203.604712423116,0.157023872986482,0.269658929161086,0.582305482985437,0.560360932936702,0.997528070347704
"ENSG00000003147",171.126878928802,-0.0897607474273148,0.279842692471867,-0.320754301763082,0.748396592824123,0.997528070347704
"ENSG00000003402",548.679052937628,0.0842539162114725,0.228531653666086,0.368675038489758,0.712369956503526,0.997528070347704
"ENSG00000003756",681.06680517377,-0.19387491549162,0.223737538163823,-0.866528330841212,0.386200496950555,0.997528070347704
"ENSG00000004059",216.213976901043,-0.0911473210528568,0.261319299989351,-0.348796744276336,0.727241907796578,0.997528070347704
"ENSG00000004142",267.124594681136,-0.204701858535874,0.256911974898181,-0.79677819072856,0.425579863471805,0.997528070347704
"ENSG00000004455",275.6285884009,0.0496977899448906,0.245474517357368,0.202456004313227,0.839560249639323,0.997528070347704
"ENSG00000004487",328.744051895622,-0.152462155286671,0.244352302423818,-0.623944009425507,0.53266435650925,0.997528070347704
"ENSG00000004534",716.68412830329,0.075770750796049,0.221989476119781,0.341325868777512,0.732858275508254,0.997528070347704
"ENSG00000004799",112.622455900782,-0.257658997475971,0.308343675829482,-0.83562277313727,0.403367153108788,0.997528070347704
"ENSG00000004897",128.965778426604,0.0412494061000435,0.295987861438762,0.139361816729696,0.889164243703856,0.997528070347704
"ENSG00000004975",134.597686475726,-0.00927277849162286,0.292355372032849,-0.0317174896672703,0.97469734716605,0.997528070347704
"ENSG00000005007",461.921225733092,-0.0793572009498247,0.232154586390065,-0.341829132836898,0.732479483961649,0.997528070347704
"ENSG00000005022",367.876551305819,-0.0337140750829314,0.236740929378233,-0.142409152365316,0.886756833525308,0.997528070347704
"ENSG00000005187",183.008873979713,0.247932296292659,0.302425594063047,0.819812546159608,0.41232297770454,0.997528070347704
"ENSG00000005206",246.375998214066,-0.0515026244961279,0.253148232818854,-0.203448485192396,0.838784506431059,0.997528070347704
"ENSG00000005238",108.446417584531,-0.203289654838271,0.307463596078387,-0.661182843859156,0.508495062174363,0.997528070347704
"ENSG00000005339",453.997624629881,-0.119756569827194,0.236362310264727,-0.50666525341145,0.612389714551254,0.997528070347704
"ENSG00000005379",260.199621827882,0.0223457419470446,0.24854709525445,0.0899054640898868,0.928362339023617,0.997528070347704
"ENSG00000005469",183.637840781432,-0.147645085963556,0.282149997282981,-0.523285796155708,0.600775383870104,0.997528070347704
"ENSG00000005483",403.595047390914,-0.0898464613960464,0.231600703455995,-0.387936910619606,0.698062722264766,0.997528070347704
"ENSG00000005486",274.069634342394,-0.144012384349543,0.246119443558526,-0.5851320897989,0.558458903190345,0.997528070347704
"ENSG00000005812",223.305487199435,-0.221626857869156,0.257161403031428,-0.86182006808413,0.388786539899795,0.997528070347704
"ENSG00000005955",236.786062764352,0.127595952799534,0.253974151612981,0.502397397487801,0.615388009353894,0.997528070347704
"ENSG00000006007",307.75679524362,-0.178063279014353,0.243448201866642,-0.73142162336403,0.46452166150894,0.997528070347704
"ENSG00000006042",271.045200378769,-0.218415243444349,0.246896815835696,-0.884641799470183,0.376349854871497,0.997528070347704
"ENSG00000006118",111.872320849514,0.104568221794,0.32455432731712,0.322190194345573,0.747308612534908,0.997528070347704
"ENSG00000006125",591.64096757001,0.0107495278051791,0.222913571458182,0.0482228503848439,0.961538639396299,0.997528070347704
"ENSG00000006194",126.748683062134,0.0954958105763529,0.292979757631838,0.325946786727683,0.7444646162861,0.997528070347704
"ENSG00000006282",359.453404135492,-0.151473309689583,0.248947765041198,-0.608454185818924,0.542886282794177,0.997528070347704
"ENSG00000006453",212.177963621956,-0.2425392118938,0.27354747174028,-0.886643953792703,0.375270621744878,0.997528070347704
"ENSG00000006459",128.797315716026,-0.154355904910945,0.314238624532522,-0.49120602262237,0.623280739708325,0.997528070347704
"ENSG00000006625",112.459557866643,0.129082040251938,0.310052515550642,0.4163231510078,0.677173554072449,0.997528070347704
"ENSG00000006652",207.142154955783,-0.144833311089555,0.273923053273141,-0.528737210537497,0.596987760302207,0.997528070347704
"ENSG00000006712",265.088713114537,0.0262676495146658,0.248875424647458,0.10554537295868,0.915943068604378,0.997528070347704
"ENSG00000006715",235.371197546402,-0.0636515803999499,0.256956998085337,-0.247712967049883,0.804356498254625,0.997528070347704
"ENSG00000006744",202.004180590801,0.148319601797932,0.263529496479805,0.562819736610769,0.57355763936299,0.997528070347704
"ENSG00000006831",260.422392925516,-0.0987942229837478,0.251974138080004,-0.392080805341934,0.694998509511746,0.997528070347704
"ENSG00000007168",449.156681271375,0.0191036001566753,0.228744675848093,0.0835149499582749,0.933442090571371,0.997528070347704
"ENSG00000007202",786.111828804392,-0.180065282167988,0.214790880207468,-0.838328340542495,0.401846323218103,0.997528070347704
"ENSG00000007384",240.088839049165,-0.0616242735523737,0.258197345123666,-0.238671212993527,0.811360540419181,0.997528070347704
"ENSG00000007392",278.695917064719,0.218160861442428,0.24876071907709,0.87699079762999,0.380491636430251,0.997528070347704
"ENSG00000007516",126.12322474001,-0.220404302421838,0.301471126840704,-0.731095892106107,0.464720583280382,0.997528070347704
"ENSG00000007541",133.115506597414,-0.236183535179595,0.294527957007926,-0.801905318527161,0.42260772936095,0.997528070347704
"ENSG00000007545",119.708637773001,-0.0407064867604095,0.306296492596607,-0.132898964710053,0.894273285683372,0.997528070347704
"ENSG00000007866",243.895258251574,0.19619127253192,0.256131010468518,0.765980160594552,0.443688107010434,0.997528070347704
"ENSG00000007923",122.682615954274,-0.0247877192562395,0.314111323817973,-0.0789138034087684,0.937101183949769,0.997528070347704
"ENSG00000008018",320.640838181583,0.104589975528508,0.245248640591766,0.426465057160525,0.669769004701593,0.997528070347704
"ENSG00000008130",217.849613805494,-0.217573552354033,0.267141921065331,-0.814449306519825,0.415387601980704,0.997528070347704
"ENSG00000008256",161.812623203626,-0.027016707751387,0.327054086367678,-0.0826062381651898,0.934164640892827,0.997528070347704
"ENSG00000008277",110.96440145259,-0.0404275678519805,0.312595665870441,-0.12932862565259,0.897097621639148,0.997528070347704
"ENSG00000008282",362.281248719773,0.0354208140344309,0.244449300174472,0.144900451787548,0.884789469725955,0.997528070347704
"ENSG00000008294",237.368981211636,-0.058049111059074,0.266210632541824,-0.218057071968957,0.827384644151381,0.997528070347704
"ENSG00000008441",1084.6841430654,-0.0156677111751807,0.210763612217636,-0.0743378375912539,0.940741570262607,0.997528070347704
"ENSG00000008838",239.746192760743,0.00776204567830552,0.255511504335471,0.0303784586862063,0.975765224404088,0.997528070347704
"ENSG00000009307",2074.53598823167,0.0683048915445168,0.20633755264722,0.331034708264178,0.740618268757402,0.997528070347704
"ENSG00000009335",315.130976070226,-0.0868591282688814,0.242966104792345,-0.357494837986216,0.720721389924117,0.997528070347704
"ENSG00000009413",117.361170939711,0.068877137520268,0.302128605574904,0.227972910374393,0.819667300417988,0.997528070347704
"ENSG00000009954",409.379495614111,0.0453007879082345,0.230625387440494,0.196425850644578,0.844276864468907,0.997528070347704
"ENSG00000010017",195.447388860238,-0.115644449940676,0.269965715059653,-0.428367172161555,0.668383821118098,0.997528070347704
"ENSG00000010165",105.792315374005,-0.0449998073808127,0.311201375689106,-0.144600284240928,0.885026472801172,0.997528070347704
"ENSG00000010244",521.577068992991,-0.160039896050399,0.223817125616038,-0.71504758900778,0.474579637802988,0.997528070347704
"ENSG00000010256",336.263344049846,-0.0125117697572568,0.239899169408763,-0.0521542854362201,0.958405758262957,0.997528070347704
"ENSG00000010292",128.995223777812,0.120218288527851,0.304230823348517,0.395154860394053,0.692728603628861,0.997528070347704
"ENSG00000010404",373.885351285645,0.171261873552899,0.250018266223668,0.684997444945431,0.493345533286989,0.997528070347704
"ENSG00000010803",282.881070803362,-0.0828456421520788,0.248649731440409,-0.333182109918882,0.738996821600369,0.997528070347704
"ENSG00000011007",199.910611092339,-0.142998192506299,0.262380532069217,-0.545003058643753,0.585751413976373,0.997528070347704
"ENSG00000011021",176.974237115504,-0.0766190881803529,0.271122105407536,-0.282599930629719,0.777483533512066,0.997528070347704
"ENSG00000011105",331.816616059624,-0.195927597316705,0.243047181583054,-0.806129888199313,0.420167959698874,0.997528070347704
"ENSG00000011114",141.445294165691,-0.151767882873618,0.287382745867092,-0.528103670301094,0.59742738353306,0.997528070347704
"ENSG00000011243",253.128588425048,-0.102290133979527,0.251065324088292,-0.407424379893876,0.683696323850821,0.997528070347704
"ENSG00000011275",188.658484144303,0.138981473333604,0.283072329403958,0.490975128604925,0.62344403864284,0.997528070347704
"ENSG00000011295",257.966116260404,-0.145953851782383,0.250096406687375,-0.583590359076322,0.559495948055864,0.997528070347704
"ENSG00000011304",541.556661229652,-0.0840453196085093,0.224460933446254,-0.37443183683736,0.708083060381733,0.997528070347704
"ENSG00000011451",139.869226879286,-0.041910818816582,0.291726851301578,-0.14366459113925,0.885765333254773,0.997528070347704
"ENSG00000011454",383.754870502841,-0.0418679606308283,0.234183366757867,-0.178782811138408,0.858108242547821,0.997528070347704
"ENSG00000011566",180.064945430275,-0.097778408500282,0.279624006239536,-0.349678161811763,0.726580244595477,0.997528070347704
"ENSG00000012061",145.168075688174,0.0185570387563573,0.283001856240778,0.0655721450129605,0.947718466429633,0.997528070347704
"ENSG00000012232",144.688033392156,0.0116840831569913,0.292876797391266,0.0398941918959255,0.968177481614225,0.997528070347704
"ENSG00000012779",148.343860983564,0.0269951643904951,0.348513697200383,0.0774579725484185,0.938259223831489,0.997528070347704
"ENSG00000012817",378.545638861426,0.0305279842870858,0.234478704976137,0.130195124926985,0.89641205149711,0.997528070347704
"ENSG00000012983",184.203300022261,0.108588183564804,0.276555489844932,0.392645192564033,0.694581555949291,0.997528070347704
"ENSG00000013275",229.424278087665,-0.0771771369770842,0.254945851786228,-0.302719720428309,0.762103467806162,0.997528070347704
"ENSG00000013288",376.211741854435,-0.200908186832533,0.238877360803744,-0.841051601359552,0.400319027106517,0.997528070347704
"ENSG00000013306",280.474768810015,-0.0291534016324703,0.253566718242497,-0.114973297105141,0.908466287484402,0.997528070347704
"ENSG00000013374",245.421521468276,0.206421898075007,0.255032121540289,0.809395682505809,0.41828758484649,0.997528070347704
"ENSG00000013441",548.606748110886,0.0279651119194348,0.226486281243962,0.123473756405192,0.901731954605505,0.997528070347704
"ENSG00000013523",119.579983854693,0.0873906915752129,0.297854121424057,0.293400981518716,0.769215675303999,0.997528070347704
"ENSG00000013561",165.187181476622,-0.117728288482366,0.287269640670659,-0.40981806572918,0.68193941283025,0.997528070347704
"ENSG00000013583",127.153576058818,0.0796164700272372,0.298354051964741,0.266852316913216,0.789582871225003,0.997528070347704
"ENSG00000014216",540.052617325994,-0.0371850687229433,0.223052165375836,-0.166710189341975,0.867598087804379,0.997528070347704
"ENSG00000014257",22143.496745612,-0.531185310401706,0.778688936688324,-0.682153406032423,0.495141953620119,0.997528070347704
"ENSG00000014641",302.444194058301,0.0967785859816372,0.250821519996273,0.385846421722806,0.69961041284618,0.997528070347704
"ENSG00000015171",488.456029954427,-0.0934335177406874,0.227792527681543,-0.410169370749987,0.681681707688524,0.997528070347704
"ENSG00000015479",896.146483551519,-0.0390248856121844,0.222958397374371,-0.175032140846695,0.861054378663376,0.997528070347704
"ENSG00000015532",147.025779917497,-0.16376597183831,0.281955724668783,-0.580821588320961,0.561360703638047,0.997528070347704
"ENSG00000015676",371.906828299362,-0.127218872430802,0.233709088337392,-0.54434713401964,0.58620261773685,0.997528070347704
"ENSG00000016391",135.595946499934,-0.164650645940525,0.30748299966246,-0.535478859388229,0.592318772324898,0.997528070347704
"ENSG00000016402",118.415530031452,-0.212707351709629,0.327054969629684,-0.65037186852862,0.51545204413328,0.997528070347704
"ENSG00000016864",221.970315577913,-0.107255912018207,0.258378580215204,-0.415111469104264,0.678060303840575,0.997528070347704
"ENSG00000017797",257.399669430706,-0.0414288413972517,0.252780141090642,-0.163892785321281,0.869815546782185,0.997528070347704
"ENSG00000018189",119.342235457873,0.0853906968697022,0.29905721270489,0.285532979115825,0.775235841845708,0.997528070347704
"ENSG00000019102",111.211337776184,0.189266105610874,0.363131958568996,0.521204760816757,0.602224138019308,0.997528070347704
"ENSG00000020129",131.340698649899,-0.130919168257907,0.2988828074288,-0.438028434569942,0.661365671168241,0.997528070347704
"ENSG00000020577",160.402388666648,0.181783628482152,0.317737335591171,0.572119194440691,0.567241226210863,0.997528070347704
"ENSG00000021762",162.557226931136,-0.0906849644860049,0.279756804328722,-0.324156421158742,0.745819613072617,0.997528070347704
"ENSG00000022277",192.184341017436,0.121194672821613,0.264279359466552,0.458585464510907,0.646531876669715,0.997528070347704
"ENSG00000022567",136.718272356873,0.0324642234195432,0.286313893665207,0.113386825221637,0.909723884299556,0.997528070347704
"ENSG00000022840",627.373238352932,-0.0552625202846929,0.220047935954441,-0.25113855326566,0.801706989628039,0.997528070347704
"ENSG00000023041",148.941255138794,-0.0396458063506753,0.280841121199893,-0.141168095972871,0.887737149362706,0.997528070347704
"ENSG00000023191",384.553396678432,0.118765577807503,0.23285298792684,0.510045324584017,0.610019708494685,0.997528070347704
"ENSG00000023228",342.881805596839,-0.159394324842999,0.240098764457751,-0.66386982541531,0.506773630399088,0.997528070347704
"ENSG00000023318",311.688808857241,-0.125008995483487,0.24866547037896,-0.502719558501533,0.615161456652424,0.997528070347704
"ENSG00000023445",111.886346389633,0.258752129041459,0.401814471455581,0.643959208597251,0.51960188581757,0.997528070347704
"ENSG00000023734",221.038001028564,0.0141005420238839,0.265161307831929,0.0531772230993124,0.957590703266124,0.997528070347704
"ENSG00000025293",153.967677472314,-0.122727620758631,0.284186668974627,-0.431855657415052,0.665846324689943,0.997528070347704
"ENSG00000025796",449.857890295202,-0.205878356576907,0.238028864625996,-0.864930212982337,0.387077093553022,0.997528070347704
"ENSG00000025800",320.17234948547,-0.142772457344223,0.242201405656552,-0.589478235921877,0.555540507750626,0.997528070347704
"ENSG00000026103",114.379243554903,0.0315732600791372,0.315780651240364,0.0999847835993741,0.920356405833116,0.997528070347704
"ENSG00000027697",297.826572139831,0.0954584580389297,0.259049058981452,0.368495675739028,0.712503668921479,0.997528070347704
"ENSG00000028203",193.925188801131,-0.164421838073529,0.266132656624327,-0.617819098787364,0.536694592373424,0.997528070347704
"ENSG00000028310",163.400613419927,-0.0772916812564038,0.278109228757136,-0.277918433709728,0.781074973075731,0.997528070347704
"ENSG00000028528",591.370865444882,0.0930736742284586,0.221549153094797,0.420103949522362,0.674409517593576,0.997528070347704
"ENSG00000030066",146.394364191633,-0.160869354270122,0.291328065187826,-0.552193123468576,0.580816045201556,0.997528070347704
"ENSG00000030582",746.875062360909,-0.0547638251468537,0.227236115630215,-0.24099965357607,0.809555385018659,0.997528070347704
"ENSG00000031003",227.460880998738,0.0697652768680623,0.270885853940341,0.25754492474689,0.796758139625373,0.997528070347704
"ENSG00000031698",361.858037908846,0.151514271368531,0.240462582502592,0.630095001857089,0.528632429610817,0.997528070347704
"ENSG00000031823",223.410775177738,0.0453093899615866,0.263001886399445,0.172277813600056,0.863219125747622,0.997528070347704
"ENSG00000032444",160.120389862724,-0.022634218832188,0.289991925131781,-0.0780512037426642,0.937787322490664,0.997528070347704
"ENSG00000033050",117.973371110579,0.0559834085076256,0.300944297080241,0.186025816241664,0.852424516243262,0.997528070347704
"ENSG00000033100",210.808914543947,-0.0208860692626625,0.279257724222776,-0.0747913753175214,0.940380704098235,0.997528070347704
"ENSG00000033800",113.777269889413,-0.248367470614436,0.303945783730118,-0.817143990505121,0.413846146021028,0.997528070347704
"ENSG00000033867",114.461977062911,-0.17000972032831,0.362516699957161,-0.468970726999337,0.639090560098133,0.997528070347704
"ENSG00000034152",116.709025053902,0.0374329879655908,0.305831588632335,0.122397389141486,0.902584306128928,0.997528070347704
"ENSG00000034713",297.976879613836,-0.126019850596123,0.243067639701656,-0.518455894625882,0.604140225171826,0.997528070347704
"ENSG00000035115",319.694162575011,-0.139593139200055,0.245744127985458,-0.568042623619944,0.570006025958735,0.997528070347704
"ENSG00000035141",131.539238943925,0.061938249330496,0.292781969479489,0.211550764005757,0.832457524465101,0.997528070347704
"ENSG00000035681",221.001274603315,-0.13641808517268,0.260392389159101,-0.523894287437592,0.600352068289077,0.997528070347704
"ENSG00000035687",153.325303304079,-0.113980366756774,0.280689991717551,-0.406072072820709,0.684689644856018,0.997528070347704
"ENSG00000035928",207.772219769841,0.0504471043102339,0.261419842468916,0.19297350894943,0.846979714923166,0.997528070347704
"ENSG00000036054",119.798840406949,-0.0586911945632355,0.307026237919283,-0.191160191913843,0.848400090691678,0.997528070347704
"ENSG00000036257",285.292119194672,-0.103580444661985,0.244932552910807,-0.42289374536387,0.6723727864144,0.997528070347704
"ENSG00000036549",153.528941514874,-0.187129247014589,0.289085723316494,-0.647314038437373,0.517428717623819,0.997528070347704
"ENSG00000037474",270.989291428232,-0.205561723775992,0.252518774464874,-0.814045308954191,0.415618995118294,0.997528070347704
"ENSG00000037637",189.010047854023,-0.186228312567684,0.264905605274061,-0.70299876204967,0.482056520960024,0.997528070347704
"ENSG00000038210",116.45137183262,-0.153755826118892,0.299994222505392,-0.51252929084702,0.608280625979187,0.997528070347704
"ENSG00000038219",175.295074088666,0.164099994048344,0.270151587349549,0.607436719725859,0.543561126000109,0.997528070347704
"ENSG00000038358",183.550793913682,-0.162822720402093,0.272624615740738,-0.597241448501242,0.550346189885657,0.997528070347704
"ENSG00000038382",397.102693102499,-0.159400296996688,0.239149833114057,-0.666528991139486,0.505073039475488,0.997528070347704
"ENSG00000038427",221.645509896193,0.0236189133577759,0.285100696613576,0.0828441096016994,0.933975495259923,0.997528070347704
"ENSG00000038532",157.236688727498,-0.137053307792847,0.278619836362075,-0.491900754742895,0.622789504723089,0.997528070347704
"ENSG00000039123",162.627770932876,0.0349115145863762,0.279387031705929,0.124957534260655,0.900557169509067,0.997528070347704
"ENSG00000039523",202.674875943204,0.111037886019752,0.263058715182573,0.422103050046024,0.672949801773735,0.997528070347704
"ENSG00000039560",295.084616946921,-0.191050350067023,0.326025648737392,-0.585997913989001,0.557876916653252,0.997528070347704
"ENSG00000039650",149.695162876297,-0.149632074609157,0.289331032782176,-0.517165660283002,0.605040521297714,0.997528070347704
"ENSG00000040341",130.168370214465,-0.191387955314297,0.294484266174133,-0.649908933338823,0.515751047381572,0.997528070347704
"ENSG00000040633",110.740190450799,-0.0237155239479976,0.322330623776567,-0.0735751498574232,0.941348445073993,0.997528070347704
"ENSG00000040933",128.02355658839,0.0188173312441834,0.30223948474441,0.0622596721937122,0.95035604306942,0.997528070347704
"ENSG00000041802",132.299250677457,0.101333720137573,0.293309354157456,0.345484106460424,0.729730456779934,0.997528070347704
"ENSG00000042753",135.708198147321,0.0862831929425045,0.295834710462556,0.291660139567785,0.770546488716322,0.997528070347704
"ENSG00000043143",212.61697590193,0.0269880439866422,0.292322961488774,0.0923226962712561,0.926441656359599,0.997528070347704
"ENSG00000044090",288.413389980396,-0.205272387181416,0.243348556975641,-0.843532378957002,0.398930764929069,0.997528070347704
"ENSG00000044115",1010.83314199885,-0.0213527296717181,0.213294158939341,-0.100109303404744,0.92025754939044,0.997528070347704
"ENSG00000044446",254.786505341186,-0.217847965584249,0.249517064588633,-0.873078424288956,0.382620333089074,0.997528070347704
"ENSG00000044524",194.476928157593,-0.0128150645984413,0.278723552094128,-0.0459776882942188,0.963328033260966,0.997528070347704
"ENSG00000044574",2531.81879247346,-0.140965265979737,0.205252085535865,-0.686790906955758,0.492214500708234,0.997528070347704
"ENSG00000046651",115.996940922813,-0.0409678061876891,0.303619010099312,-0.134931624255967,0.89266593564834,0.997528070347704
"ENSG00000047056",154.428309447548,-0.129656746531793,0.280874573013954,-0.461617956871274,0.644355315043896,0.997528070347704
"ENSG00000047230",122.361743171926,-0.025512487608804,0.301139656170501,-0.0847197872682674,0.932484164556931,0.997528070347704
"ENSG00000047249",190.367821805689,-0.170049607913709,0.26732172152369,-0.63612342066501,0.52469598135509,0.997528070347704
"ENSG00000047315",361.04666494795,0.0114186332605007,0.236454377200635,0.0482910631458168,0.961484276822329,0.997528070347704
"ENSG00000047410",449.518642681611,-0.17108256795409,0.243009346181712,-0.70401641188797,0.481422553054596,0.997528070347704
"ENSG00000047578",225.879579880924,-0.222498843943995,0.261899300927425,-0.849558754666751,0.395570451315117,0.997528070347704
"ENSG00000047644",217.122188295109,0.165280828547215,0.260589735816567,0.634256863683836,0.525913202912648,0.997528070347704
"ENSG00000047932",168.473573583832,-0.0689749104297161,0.2803767414199,-0.246007960861551,0.805676069974784,0.997528070347704
"ENSG00000048028",121.495659156442,0.0453938211657551,0.296486325987096,0.153105951900564,0.87831472228188,0.997528070347704
"ENSG00000048052",119.706897663441,-0.0194963411211756,0.359804756321151,-0.0541858904827087,0.956787061932999,0.997528070347704
"ENSG00000048140",104.19287567084,-0.228003581037205,0.31140351938033,-0.732180488810514,0.464058411572627,0.997528070347704
"ENSG00000048649",171.618890313874,-0.150082206954568,0.275288422681965,-0.545181687963517,0.585628564649697,0.997528070347704
"ENSG00000048707",437.013558174049,0.156688402856381,0.229031306932623,0.684135304272951,0.493889730399694,0.997528070347704
"ENSG00000048740",139.490874821421,0.133425927695343,0.300529603250861,0.443969333643211,0.65706475554389,0.997528070347704
"ENSG00000048828",688.982292939194,-0.133352727330012,0.217705932728091,-0.612536028113509,0.540183168627716,0.997528070347704
"ENSG00000048991",110.820534499578,-0.188996647445993,0.305522013341272,-0.618602389330557,0.536178327445055,0.997528070347704
"ENSG00000049245",260.826323464133,0.0800464099227459,0.250397490073103,0.319677365373656,0.749212919919336,0.997528070347704
"ENSG00000049246",197.669808433925,-0.0919455714155757,0.270191044539803,-0.340298367668625,0.733631846297632,0.997528070347704
"ENSG00000049283",120.415734562383,0.0351574594874238,0.318255721083764,0.110469214403126,0.912037263758846,0.997528070347704
"ENSG00000049449",332.911144073438,0.124529978374324,0.251510809760289,0.495127738219332,0.620509954948807,0.997528070347704
"ENSG00000049618",397.226861236466,-0.0760999480272219,0.238118515333039,-0.319588537333127,0.749280264902236,0.997528070347704
"ENSG00000049860",497.331643022465,0.121363533296619,0.239961627199837,0.505762253377076,0.613023559922976,0.997528070347704
"ENSG00000050405",521.895258488582,0.177330938599875,0.24115673924262,0.735334783331382,0.462135629398824,0.997528070347704
"ENSG00000050426",225.156098109838,0.0976852234542933,0.257798810331008,0.378920381086582,0.704746988905516,0.997528070347704
"ENSG00000050820",163.446279457563,0.0107906834456648,0.275210183183723,0.0392088814477523,0.968723852711599,0.997528070347704
"ENSG00000051009",216.069214917976,-0.204280957831135,0.260453200581347,-0.78432884439572,0.432847178575555,0.997528070347704
"ENSG00000051108",1288.31994284915,-0.201991284964238,0.237883838466635,-0.849117309802319,0.395816019397097,0.997528070347704
"ENSG00000051620",472.546534176088,-0.179718556810867,0.239016392488663,-0.751908916955944,0.452105835358447,0.997528070347704
"ENSG00000052841",409.208286319162,-0.0962735259923745,0.239984776161484,-0.401165138606929,0.688298545403648,0.997528070347704
"ENSG00000053254",268.717075954135,-0.161060876033681,0.249605677259971,-0.645261268901074,0.518757887446895,0.997528070347704
"ENSG00000054116",185.125670749369,0.103562828314538,0.267748429382331,0.386791543664504,0.698910538092655,0.997528070347704
"ENSG00000054118",708.31961974052,-0.149225353483667,0.228627193706712,-0.652701680251985,0.513948619053152,0.997528070347704
"ENSG00000054148",195.340915469595,-0.189311779325438,0.278652638986846,-0.679382689551255,0.496895415152077,0.997528070347704
"ENSG00000054654",305.04603205474,0.113267232098575,0.275756628411248,0.410750714320653,0.681255335844803,0.997528070347704
"ENSG00000054793",660.70486022712,-0.136228283095507,0.238961167765023,-0.570085442624987,0.568619748160843,0.997528070347704
"ENSG00000054965",312.296776860576,-0.1341191694886,0.24172661608919,-0.554838236924286,0.579005310636793,0.997528070347704
"ENSG00000055044",189.695379077059,0.0500127420332665,0.265728476460734,0.188209945352457,0.850712076545259,0.997528070347704
"ENSG00000055130",207.673035489602,0.182668624923631,0.260641928274993,0.700841288784915,0.483402067715438,0.997528070347704
"ENSG00000055163",271.388972185261,-0.123059834037877,0.271112527750783,-0.453906852106068,0.649895871542407,0.997528070347704
"ENSG00000055208",412.567420859678,-0.159424267879727,0.230520758133962,-0.691583131906417,0.489199157751832,0.997528070347704
"ENSG00000055211",150.523441633336,0.226591264511902,0.286835259869868,0.789970049758535,0.429545259701611,0.997528070347704
"ENSG00000055483",283.302993645357,0.117111885182674,0.245267381067995,0.477486589014489,0.633015668380009,0.997528070347704
"ENSG00000055950",130.663832163262,0.0841342791314013,0.297044432231763,0.283238027722928,0.776994379441375,0.997528070347704
"ENSG00000056586",182.384777512312,-0.150584679652873,0.300453375623707,-0.501191505471612,0.616236351985351,0.997528070347704
"ENSG00000056661",143.528258263839,-0.136556065469388,0.283484915435335,-0.481704873995445,0.630015613186115,0.997528070347704
"ENSG00000057019",153.856128133535,0.237793625630262,0.280851569070179,0.846687901433237,0.39716910406093,0.997528070347704
"ENSG00000057608",533.294575161576,-0.0642355137643207,0.228055193080902,-0.281666525092167,0.778199224720628,0.997528070347704
"ENSG00000057663",124.434514377717,-0.268915433457917,0.30490756110221,-0.881957247914138,0.377799926933107,0.997528070347704
"ENSG00000057757",192.520064065655,0.0375962411935011,0.272473106847892,0.137981475046964,0.890255058265612,0.997528070347704
"ENSG00000057935",179.430981858887,0.129172741570342,0.268264634452697,0.481512376142592,0.63015238585713,0.997528070347704
"ENSG00000058085",201.871525079106,0.169471141025506,0.335904513214564,0.504521774368817,0.613894764873043,0.997528070347704
"ENSG00000058091",143.245161609552,0.0199751911703023,0.32367340142512,0.0617140335979181,0.950790564077762,0.997528070347704
"ENSG00000058272",386.513889701389,0.070654179248313,0.235717709478622,0.299740649120471,0.764374989846812,0.997528070347704
"ENSG00000058453",110.48249157618,0.223261046286987,0.310613588658652,0.718774240531822,0.472280031692456,0.997528070347704
"ENSG00000058600",267.916488152716,-0.21814613294967,0.254237444578342,-0.858040928280528,0.390869863868447,0.997528070347704
"ENSG00000058673",405.111013502063,-0.11043115341743,0.234791100820928,-0.470337900505242,0.638113623502741,0.997528070347704
"ENSG00000059122",143.187788342792,-0.203529734852576,0.28575509384192,-0.712252342088323,0.476308529899844,0.997528070347704
"ENSG00000059145",151.972559721039,-0.0562887332192273,0.284575470969299,-0.197798963584251,0.843202357092201,0.997528070347704
"ENSG00000059378",147.322767179308,0.0128575094711757,0.351107333013247,0.0366198830449678,0.97078808978491,0.997528070347704
"ENSG00000059573",333.614098399432,-0.0897079427056055,0.239568000556719,-0.374457116547862,0.708064255689382,0.997528070347704
"ENSG00000059804",171.491516065638,0.13439105648095,0.332262596870901,0.404472419545819,0.685865355377593,0.997528070347704
"ENSG00000060138",518.141885080669,0.236071003039919,0.265309918667589,0.889793356484707,0.373576854505664,0.997528070347704
"ENSG00000060237",690.718094535036,-0.196830350239555,0.222050976116436,-0.886419657693121,0.375391430212312,0.997528070347704
"ENSG00000060491",148.654130688804,-0.109762603433551,0.28146147382445,-0.389973810419293,0.69655591305298,0.997528070347704
"ENSG00000060971",264.155274412591,-0.211086697272035,0.279503588265156,-0.755219990491798,0.450116996013429,0.997528070347704
"ENSG00000061794",136.334561987834,0.143122707239958,0.288964437720284,0.49529522860699,0.620391738482713,0.997528070347704
"ENSG00000061918",164.506946370561,-0.162636316565713,0.329082673705166,-0.494211119456942,0.621157087627117,0.997528070347704
"ENSG00000061936",170.024684559868,0.216007776346601,0.278246446123705,0.776318186111053,0.437561137768842,0.997528070347704
"ENSG00000061938",340.278405330161,-0.151930412977567,0.240255085397804,-0.632371267921372,0.527144304085037,0.997528070347704
"ENSG00000062485",375.807464520368,0.014584891640424,0.233180974015726,0.0625475200195381,0.950126820489216,0.997528070347704
"ENSG00000062598",323.040620356007,-0.154993881847181,0.239304548940328,-0.647684645083072,0.517188937538715,0.997528070347704
"ENSG00000062650",199.831811300988,-0.198296146637473,0.263185634949587,-0.753445934370455,0.451181988772986,0.997528070347704
"ENSG00000062716",1068.6462394491,0.130639235702838,0.233593608617516,0.559258605044909,0.575985241898939,0.997528070347704
"ENSG00000062725",225.022679142273,-0.165769262754325,0.259589942348426,-0.638581222579983,0.523095399973129,0.997528070347704
"ENSG00000063177",1007.52587230363,0.0827148610088205,0.217435579977562,0.380410883156088,0.703640437215141,0.997528070347704
"ENSG00000063244",425.442642009581,0.047997179601735,0.230527230582794,0.208206117257357,0.835068032375269,0.997528070347704
"ENSG00000063245",299.650558965616,-0.128334916445747,0.248113730511288,-0.517242299252393,0.604987027572838,0.997528070347704
"ENSG00000063322",225.592437894105,-0.161189954864209,0.256707929827033,-0.627911864556801,0.530061678192293,0.997528070347704
"ENSG00000063601",134.734398704757,0.112428483374005,0.289229261365888,0.388717527552575,0.697485115004038,0.997528070347704
"ENSG00000063854",111.279581109891,-0.137718988972163,0.305135906828024,-0.451336554926595,0.651747002445869,0.997528070347704
"ENSG00000063978",194.073358186651,0.188833012762707,0.267338365792029,0.706344606406422,0.479973859952677,0.997528070347704
"ENSG00000064115",178.530887450675,-0.240312598385017,0.281435751750516,-0.853880848080902,0.393171012230957,0.997528070347704
"ENSG00000064270",225.225170218087,-0.0957073348556225,0.279327496973477,-0.342634849388674,0.731873181323968,0.997528070347704
"ENSG00000064313",123.478437835346,-0.246027426283751,0.309118802146903,-0.795899261303525,0.426090590653539,0.997528070347704
"ENSG00000064419",152.769375756024,0.0373749847028281,0.280047775286909,0.13345931659174,0.893830137045561,0.997528070347704
"ENSG00000064607",494.738845698018,-0.203059490061373,0.228327837741498,-0.889333040026713,0.373824119721472,0.997528070347704
"ENSG00000064655",163.692828589911,0.155034103011719,0.285052677513232,0.543878781859619,0.586524890951038,0.997528070347704
"ENSG00000064726",196.126156810613,-0.074388905860057,0.272730747981487,-0.272755845868565,0.785040902854514,0.997528070347704
"ENSG00000064999",156.813534541988,-0.0619943781461276,0.309674804228203,-0.200191869986436,0.841330525289076,0.997528070347704
"ENSG00000065000",754.606642099911,-0.152118017915554,0.216710302272311,-0.701941791970776,0.482715464632514,0.997528070347704
"ENSG00000065029",214.240627120174,-0.163788700107004,0.262297859255467,-0.624437807353514,0.532340102276533,0.997528070347704
"ENSG00000065060",150.425689320963,-0.192745872415309,0.287431197511903,-0.670580904521773,0.502487550575869,0.997528070347704
"ENSG00000065135",226.842256160182,0.0286229301883827,0.260173629489232,0.11001472456903,0.912397697282414,0.997528070347704
"ENSG00000065150",472.124018408014,0.0455803965746694,0.22940949489111,0.198685745750429,0.842508574969129,0.997528070347704
"ENSG00000065308",146.529392172931,0.213928887717965,0.309711648115517,0.690735685982896,0.489731658870094,0.997528070347704
"ENSG00000065361",757.305394327791,-0.133243168170645,0.21674983851281,-0.6147324910822,0.538731398855413,0.997528070347704
"ENSG00000065427",287.518970016419,0.110430820870649,0.247844638658632,0.445564695158691,0.655911717680506,0.997528070347704
"ENSG00000065518",154.160014591643,0.0701321640052412,0.28084202856731,0.249721041978703,0.802803084499448,0.997528070347704
"ENSG00000065526",402.344884980334,-0.133008224392582,0.243238344017968,-0.546822602865432,0.584500612929948,0.997528070347704
"ENSG00000065548",189.280712479307,-0.11112920704672,0.264699548929427,-0.419831493843417,0.674608556070216,0.997528070347704
"ENSG00000065559",168.62478449334,-0.237279146908755,0.280624656863953,-0.845539196592365,0.397809857622831,0.997528070347704
"ENSG00000065717",190.92137743524,0.219623523194825,0.291168756426676,0.754282588180549,0.450679555244548,0.997528070347704
"ENSG00000065802",137.911305411236,0.253094217578638,0.296148571160058,0.854619073754875,0.392762064760993,0.997528070347704
"ENSG00000065809",249.756278017135,0.184884493765788,0.264952206998499,0.697803184431805,0.485300287342344,0.997528070347704
"ENSG00000065883",233.054393747741,0.10917405123902,0.255082287366711,0.427995422050098,0.66865445337567,0.997528070347704
"ENSG00000065970",151.500574752162,0.0437658883542612,0.281817455393067,0.155298713818909,0.876585829537894,0.997528070347704
"ENSG00000066027",139.14238074232,-0.128286715979923,0.287795597473368,-0.445756353141554,0.655773253116264,0.997528070347704
"ENSG00000066044",241.909948783368,-0.0437374082662381,0.261679352687459,-0.167141227678274,0.867258927260098,0.997528070347704
"ENSG00000066117",175.389969655458,0.0972592819703,0.269405236445557,0.361014816391494,0.718088371080961,0.997528070347704
"ENSG00000066135",192.598520958334,-0.132905560434092,0.263921782490652,-0.50357935286679,0.614557004697741,0.997528070347704
"ENSG00000066136",133.674409690129,0.0869177533077447,0.301719898794111,0.288074315466532,0.77328985290756,0.997528070347704
"ENSG00000066322",242.466076847155,-0.0880277570814862,0.261035097376779,-0.337225752268962,0.735946725609604,0.997528070347704
"ENSG00000066422",112.531428642376,-0.253688249279503,0.307392240227387,-0.825291650471862,0.409206030986885,0.997528070347704
"ENSG00000066654",360.290501398737,-0.203087551031492,0.238288912097496,-0.852274448038094,0.394061784529321,0.997528070347704
"ENSG00000066739",219.483209829331,-0.119923593008834,0.258447334744035,-0.464015591910073,0.64263657476443,0.997528070347704
"ENSG00000066933",151.180495468054,-0.133308955777161,0.27977389660544,-0.476488183474688,0.633726623765042,0.997528070347704
"ENSG00000067048",351.984634224642,-0.203430536677413,0.246985634146923,-0.823653316437019,0.41013657218063,0.997528070347704
"ENSG00000067066",225.428037279063,-0.110212160864085,0.298412879821596,-0.369327761355257,0.711883435412797,0.997528070347704
"ENSG00000067082",385.240551474847,-0.0857923052551662,0.28313112006176,-0.3030126297542,0.76188023665715,0.997528070347704
"ENSG00000067141",587.200364466471,0.0898102730336181,0.236820377843018,0.379233720727998,0.704514312968512,0.997528070347704
"ENSG00000067167",432.350922685732,-0.150254527177601,0.248300579011995,-0.605131602090798,0.545091557888147,0.997528070347704
"ENSG00000067177",113.433910348668,-0.126278494523954,0.31162054312874,-0.405231610394134,0.685307271514647,0.997528070347704
"ENSG00000067182",237.941638027688,0.236554548332995,0.268059143475702,0.882471477248589,0.377521897524052,0.997528070347704
"ENSG00000067248",141.565576079383,-0.10473812661668,0.319739873320285,-0.327572928359057,0.743234593544663,0.997528070347704
"ENSG00000067334",132.269775715179,0.205017804908807,0.289761851525723,0.707538980129021,0.479231597779734,0.997528070347704
"ENSG00000067369",294.031591517376,-0.18312747872852,0.250566376528415,-0.730854160345622,0.464868237780409,0.997528070347704
"ENSG00000067596",163.795524770575,0.0836105703161904,0.27534150627219,0.303661338416362,0.76138591537144,0.997528070347704
"ENSG00000067704",310.918449065213,-0.0336084577582153,0.247795739853855,-0.13562968345637,0.892114038273821,0.997528070347704
"ENSG00000067829",178.36481750228,0.144134558008947,0.274133953218412,0.525781488636362,0.59904003768071,0.997528070347704
"ENSG00000067836",147.684989101383,-0.162935797636119,0.303890680187804,-0.536165826261682,0.591843949414776,0.997528070347704
"ENSG00000067955",129.608442217897,0.148129816954917,0.309329950508781,0.478873179629954,0.632028852178111,0.997528070347704
"ENSG00000068024",122.366960472963,-0.0873271664794729,0.307249771608218,-0.28422207125617,0.776240202223819,0.997528070347704
"ENSG00000068120",201.377851338704,-0.0386644477745781,0.266450902898856,-0.145109088968841,0.88462474228705,0.997528070347704
"ENSG00000068137",163.296480692809,0.0361022110210685,0.277971112080701,0.129877564437657,0.896663294908451,0.997528070347704
"ENSG00000068305",236.521046236085,0.113358271377641,0.257902943233166,0.439538494429496,0.660271395779905,0.997528070347704
"ENSG00000068308",257.253396869428,-0.128431344495052,0.255984656620483,-0.501715009761156,0.615868004709238,0.997528070347704
"ENSG00000068383",166.602692022358,0.0130442423891319,0.273741686163563,0.0476516476973034,0.961993869839795,0.997528070347704
"ENSG00000068400",233.203479471243,0.0386257124268802,0.25576562513011,0.151019951986241,0.879959976998349,0.997528070347704
"ENSG00000068654",237.885557132837,-0.190201216415629,0.252964114768815,-0.751890111328455,0.452117145370629,0.997528070347704
"ENSG00000068745",487.743879251504,0.0318126252782979,0.232391347020346,0.136892469044954,0.891115791627835,0.997528070347704
"ENSG00000068793",536.565471984035,-0.184428447656819,0.22283169350907,-0.827658062246483,0.407864175942604,0.997528070347704
"ENSG00000068903",155.811646985797,0.0418773416828763,0.289505590261753,0.144651236768912,0.884986241524599,0.997528070347704
"ENSG00000069020",148.592340368266,-0.0100135099769912,0.284122732362321,-0.0352436072036001,0.971885490293302,0.997528070347704
"ENSG00000069248",133.401975491142,-0.0764298161584444,0.299219217089842,-0.255430840645158,0.798390353218758,0.997528070347704
"ENSG00000069275",666.530315489396,-0.0200768440650854,0.219036557685992,-0.0916597862803671,0.926968348737829,0.997528070347704
"ENSG00000069329",367.889145290606,-0.0947406939103281,0.23475597832799,-0.403570953059866,0.686528249129363,0.997528070347704
"ENSG00000069345",261.145660615478,-0.020603564068232,0.248647408392343,-0.0828625731570925,0.933960813951929,0.997528070347704
"ENSG00000069849",202.976445574727,0.023067876194086,0.263758019282174,0.0874584828050572,0.930307084853569,0.997528070347704
"ENSG00000069974",282.952295257684,-0.179815994592112,0.35349212507942,-0.508684583996637,0.610973329803728,0.997528070347704
"ENSG00000069998",128.038620554136,0.10708618003006,0.292685769635702,0.36587422806154,0.714458928026142,0.997528070347704
"ENSG00000070010",199.01003220445,0.0273098367306243,0.261633006333649,0.10438223033602,0.916866023780606,0.997528070347704
"ENSG00000070061",207.361247865382,-0.182111849501601,0.266124864258122,-0.684309788223942,0.493779567390977,0.997528070347704
"ENSG00000070159",191.814933007939,-0.19752950167131,0.264317488087827,-0.747319078659205,0.454870978724578,0.997528070347704
"ENSG00000070214",235.496912728914,0.12277838736591,0.255878833447724,0.479830182557847,0.631348149202545,0.997528070347704
"ENSG00000070366",234.060784119267,-0.0129371580942522,0.253399666280465,-0.0510543612158244,0.959282203006186,0.997528070347704
"ENSG00000070413",480.299996501506,-0.170078325425942,0.225715579140777,-0.753507250467036,0.451145156017093,0.997528070347704
"ENSG00000070444",147.453458357966,-0.110159755322816,0.280771307528871,-0.392346911414686,0.694801906251927,0.997528070347704
"ENSG00000070476",143.879818401964,-0.0895820404850224,0.287742335686731,-0.311327286168107,0.755551825911458,0.997528070347704
"ENSG00000070540",119.433077313987,0.115562200403572,0.297778643688382,0.388080887776844,0.697956175089171,0.997528070347704
"ENSG00000070610",370.265807477355,-0.0195840987652887,0.235057849473578,-0.0833160807399037,0.933600214168287,0.997528070347704
"ENSG00000070756",2327.83669556544,0.123833405054625,0.211746508083458,0.584819113077499,0.558669351325254,0.997528070347704
"ENSG00000070770",198.534219448037,0.0169763730290392,0.266852422171008,0.0636170842704968,0.949275128016741,0.997528070347704
"ENSG00000070778",128.704287823669,0.225775398422599,0.3001973577946,0.752089892067197,0.451997002139448,0.997528070347704
"ENSG00000070814",124.274329447646,0.22058916167106,0.294015643039436,0.750263351264862,0.453096110571017,0.997528070347704
"ENSG00000070831",345.574030466232,0.0926137882944223,0.2398022198312,0.386209053275713,0.699341849382809,0.997528070347704
"ENSG00000070961",163.85821877643,-0.234382356678791,0.305496258879103,-0.767218418774631,0.442951663625041,0.997528070347704
"ENSG00000071051",112.072686611401,-0.0126602670850118,0.305747298069709,-0.0414076172216095,0.966970940342281,0.997528070347704
"ENSG00000071054",256.13164276797,-0.0142613596595984,0.2500734739922,-0.0570286781397822,0.95452235045786,0.997528070347704
"ENSG00000071242",290.625025495701,-0.0580322015235732,0.244107826357117,-0.237731835105832,0.812089090569807,0.997528070347704
"ENSG00000071462",184.938307293023,0.153582784091042,0.271108658434725,0.566499000724539,0.571054612048874,0.997528070347704
"ENSG00000071564",135.300820899822,-0.0894045963790649,0.287611157472807,-0.310852322853705,0.755912890830695,0.997528070347704
"ENSG00000071626",324.073822524823,0.0292372271948907,0.239614185631233,0.122017931108164,0.902884817409297,0.997528070347704
"ENSG00000071655",135.954862769977,0.0430020126440041,0.288009301436897,0.14930772176268,0.88131082248667,0.997528070347704
"ENSG00000071889",134.933947798733,-0.211414588580647,0.289433215819124,-0.730443421921439,0.465119184687308,0.997528070347704
"ENSG00000071894",450.371075910923,-0.0694756870126515,0.231984405317047,-0.299484299031656,0.764570550166461,0.997528070347704
"ENSG00000071994",131.619441234245,0.0397383425774594,0.291097962596818,0.136511922732,0.891416599806733,0.997528070347704
"ENSG00000072121",134.885644521814,-0.0923934956116572,0.296758924370075,-0.311341927821646,0.75554069624188,0.997528070347704
"ENSG00000072134",133.627879763761,0.137106935622316,0.290829123740412,0.471434682534388,0.637330353551501,0.997528070347704
"ENSG00000072210",501.653267662683,0.00985780531667293,0.266401438583279,0.0370035738887022,0.97048215614254,0.997528070347704
"ENSG00000072274",162.041720325343,-0.113485877281411,0.294209344838648,-0.385731722232174,0.699695366650155,0.997528070347704
"ENSG00000072501",338.711101653938,-0.0444473893072066,0.238003237379856,-0.186751196313637,0.851855713305538,0.997528070347704
"ENSG00000072506",127.454346030073,0.133324605134482,0.303964826438698,0.438618529309905,0.660937968609215,0.997528070347704
"ENSG00000072518",268.935327620877,-0.157885191216705,0.25350992330379,-0.62279688762915,0.533418003860103,0.997528070347704
"ENSG00000072609",130.541480373102,-0.0414811135172619,0.298168713402975,-0.139119604615257,0.889355636627236,0.997528070347704
"ENSG00000072778",1394.8322659006,0.0276530688857428,0.21227764640617,0.13026839779838,0.896354081885938,0.997528070347704
"ENSG00000072803",196.082218128886,-0.0437283818278518,0.27133827259183,-0.161158178719711,0.871968819038591,0.997528070347704
"ENSG00000072849",158.71099959076,-0.0812807637530379,0.283429477536363,-0.286775971432293,0.774283862530873,0.997528070347704
"ENSG00000072858",122.896949463855,0.204988789286624,0.318459700074227,0.643688319868559,0.519777565485338,0.997528070347704
"ENSG00000072958",106.811270834226,0.0585766263302119,0.313442729757238,0.186881432456831,0.851753597474462,0.997528070347704
"ENSG00000073169",105.885443484228,-0.216970050147246,0.315375389417159,-0.687973942888271,0.491469190472782,0.997528070347704
"ENSG00000073350",195.88073429931,-0.0569324204418851,0.264872026893553,-0.214943122192232,0.829811663894049,0.997528070347704
"ENSG00000073417",140.09335775887,0.138196169322934,0.285409483352806,0.484203144546899,0.628241705450167,0.997528070347704
"ENSG00000073578",287.64948329657,-0.147908095416785,0.248123118387444,-0.596107675810467,0.551103296711956,0.997528070347704
"ENSG00000073584",171.81279327078,0.148652691167956,0.270437434315553,0.54967497951672,0.582542321054353,0.997528070347704
"ENSG00000073614",191.654482822879,-0.139960685870101,0.268601018608657,-0.521072803800567,0.602316055577274,0.997528070347704
"ENSG00000073803",125.053703002511,-0.236093146834199,0.293837915861292,-0.80348087870882,0.421696844352009,0.997528070347704
"ENSG00000073921",593.182554759577,0.0432761383157925,0.229741607738381,0.188368744964444,0.850587599003396,0.997528070347704
"ENSG00000074054",319.036713986845,-0.0354488004576824,0.24470947235962,-0.144860761276897,0.884820807543136,0.997528070347704
"ENSG00000074071",119.979468725611,-0.129510681956933,0.30503264045151,-0.42457974912203,0.671143058148046,0.997528070347704
"ENSG00000074181",335.780311359225,0.237035606614457,0.28290504861495,0.837862766235312,0.402107782426131,0.997528070347704
"ENSG00000074201",147.858537536094,-0.0679729007812757,0.281481470505515,-0.241482683244487,0.809181036188158,0.997528070347704
"ENSG00000074319",175.915481566154,-0.0451556784085463,0.273876705653784,-0.164875936786055,0.869041632832283,0.997528070347704
"ENSG00000074356",130.436602621916,-0.123017914591368,0.29244319650458,-0.420655758320716,0.674006471620481,0.997528070347704
"ENSG00000074370",260.277824934187,-0.045931029504918,0.253985469489163,-0.180841170155514,0.856492246729776,0.997528070347704
"ENSG00000074696",399.994254891561,-0.0761939072033947,0.234122707123462,-0.325444328487176,0.74484481056139,0.997528070347704
"ENSG00000074755",376.664816313965,-0.167534430834996,0.233630954818935,-0.717090040422238,0.473318540712143,0.997528070347704
"ENSG00000075142",185.590962900024,0.187331059560304,0.275117507669934,0.68091289844429,0.49592660601789,0.997528070347704
"ENSG00000075151",319.754346454419,0.0229396367066402,0.246249950842777,0.093155903699191,0.925779705744179,0.997528070347704
"ENSG00000075223",453.377991186775,0.109364349747219,0.237001896749056,0.461449259467393,0.644476317229848,0.997528070347704
"ENSG00000075234",149.487265082621,-0.128089076385762,0.308723162778791,-0.414899469261855,0.678215498377576,0.997528070347704
"ENSG00000075239",161.317935462303,0.191146170596244,0.274379382139889,0.696649176426786,0.486022372319821,0.997528070347704
"ENSG00000075275",142.271097986368,-0.126066895186161,0.296925307766082,-0.424574436361205,0.671146931760116,0.997528070347704
"ENSG00000075407",123.386757745628,-0.0505391403775595,0.304918677166121,-0.165746292904273,0.868356613408677,0.997528070347704
"ENSG00000075413",292.383963766619,-0.00687789186193712,0.247292389885542,-0.0278127922380487,0.977811463179648,0.997528070347704
"ENSG00000075415",782.516485430863,0.121251887778142,0.217083419215735,0.558549741920381,0.576469047971076,0.997528070347704
"ENSG00000075711",222.436784630893,-0.133664745434763,0.26132285183829,-0.511492755013542,0.609006060252656,0.997528070347704
"ENSG00000075785",720.798456779548,-0.0427046112720015,0.217387693763528,-0.196444474536149,0.844262288699646,0.997528070347704
"ENSG00000075790",184.090320311994,0.157127438196883,0.276557151093166,0.568155397811247,0.5699294542312,0.997528070347704
"ENSG00000075826",135.613310559213,0.141320397811989,0.297792439152337,0.474560060068201,0.635100579715501,0.997528070347704
"ENSG00000075856",210.635016685827,-0.0890470449300943,0.258757505127003,-0.344133187118141,0.730746125703954,0.997528070347704
"ENSG00000076043",484.592691626998,-0.0563767267728964,0.311402245594472,-0.181041490774327,0.856335009145014,0.997528070347704
"ENSG00000076108",635.595396513436,-0.132527748970767,0.223908445370825,-0.591883654728977,0.553928499875536,0.997528070347704
"ENSG00000076201",287.1065877824,-0.14293590592955,0.248955522671125,-0.57414233834198,0.565871485056712,0.997528070347704
"ENSG00000076242",142.922049596702,-0.0618357657744448,0.284965739362715,-0.21699368461883,0.82821326663412,0.997528070347704
"ENSG00000076604",299.154863558508,-0.0918831667212035,0.243498325362728,-0.377346195643561,0.705916346024033,0.997528070347704
"ENSG00000076924",193.71547878067,-0.0902545967297262,0.265580500889807,-0.339838943097612,0.733977819066139,0.997528070347704
"ENSG00000076928",297.207990926068,0.133762487822662,0.248013581454196,0.53933533413115,0.589655492180852,0.997528070347704
"ENSG00000076984",112.308236780456,0.135770851438902,0.30509309587899,0.445014499747162,0.656309275639898,0.997528070347704
"ENSG00000077150",230.29670412638,0.141576358451471,0.273136564486145,0.518335429450172,0.60422425756257,0.997528070347704
"ENSG00000077312",131.736059341572,-0.0525723847291151,0.293845467764502,-0.178911674660398,0.858007055642564,0.997528070347704
"ENSG00000077380",165.473017312588,-0.0667768292087293,0.273933027818843,-0.243770638905543,0.807408461194321,0.997528070347704
"ENSG00000077454",231.931360892446,-0.0697480083745586,0.254000850608998,-0.274597538580399,0.783625457596618,0.997528070347704
"ENSG00000077549",619.414415857149,0.145579372626858,0.224532127528215,0.648367671163515,0.516747174896514,0.997528070347704
"ENSG00000077585",104.517396049804,-0.0439238348034048,0.389380235558284,-0.112804479509413,0.910185566879592,0.997528070347704
"ENSG00000077721",146.592965221421,-0.0249224447827631,0.287496380230668,-0.08668785590541,0.930919629660169,0.997528070347704
"ENSG00000077943",221.08748183806,0.035790889265645,0.781692038672547,0.0457864318618677,0.963480473275213,0.997528070347704
"ENSG00000078043",142.820500164094,0.0624785187087656,0.284447670068569,0.219648551502301,0.826144876011764,0.997528070347704
"ENSG00000078061",251.265767526747,-0.22691472233126,0.258567959677171,-0.877582522655046,0.380170317319364,0.997528070347704
"ENSG00000078070",142.915725093455,-0.103168208424779,0.285361089520247,-0.36153565504753,0.717699055976833,0.997528070347704
"ENSG00000078114",292.343080526053,-0.151863500110234,0.249197684764177,-0.609409755367297,0.542252873315052,0.997528070347704
"ENSG00000078140",249.975540589192,-0.0657643420795774,0.251896687515445,-0.261076645065232,0.794033401792012,0.997528070347704
"ENSG00000078142",128.575777301494,-0.0294695929633727,0.295750596872884,-0.0996433930310508,0.920627442577533,0.997528070347704
"ENSG00000078246",113.140435741684,0.203216823152352,0.302032443959478,0.672831105454406,0.501054746281964,0.997528070347704
"ENSG00000078269",264.042866505009,-0.0688182840124509,0.254090254811373,-0.270841886728553,0.786512642508231,0.997528070347704
"ENSG00000078295",119.00304144142,0.117407515262432,0.316355849549464,0.371124843841632,0.710544547594906,0.997528070347704
"ENSG00000078304",282.003002415974,0.1313208202055,0.245400100028365,0.535129448563064,0.592560347752627,0.997528070347704
"ENSG00000078403",173.076772679368,0.054261529948417,0.274698246257231,0.197531402867442,0.843411709585364,0.997528070347704
"ENSG00000078618",507.233595694493,-0.130836005205497,0.225167190464943,-0.58106158777101,0.561198946071222,0.997528070347704
"ENSG00000078668",177.165281948988,0.168817758578152,0.270049734549476,0.625135806409105,0.531881929154822,0.997528070347704
"ENSG00000078674",339.62486763625,-0.019679600330001,0.238020648001752,-0.0826802233134669,0.934105810531576,0.997528070347704
"ENSG00000078687",126.424511656172,-0.177148379139987,0.294268027672046,-0.601996691728312,0.547176339544286,0.997528070347704
"ENSG00000078804",401.770391654144,-0.0230872981807152,0.232631579963157,-0.0992440415199503,0.920944507363008,0.997528070347704
"ENSG00000078902",291.070847222833,-0.227551906231708,0.26028222818021,-0.87425064639511,0.38198177015495,0.997528070347704
"ENSG00000079134",132.118007148274,-0.0270024561028778,0.297063661889297,-0.0908978766744633,0.92757373737789,0.997528070347704
"ENSG00000079246",727.066930353442,0.0482614635555996,0.218259533542686,0.221119612840009,0.824999299368911,0.997528070347704
"ENSG00000079277",135.409846135099,0.103835032724055,0.30093763182224,0.345038379199412,0.730065517985974,0.997528070347704
"ENSG00000079332",408.519711306475,-0.0640477577257012,0.235287538873664,-0.272210581284083,0.785460106252149,0.997528070347704
"ENSG00000079432",289.592543905047,0.188891376902737,0.250999525875604,0.75255670800092,0.451716340867783,0.997528070347704
"ENSG00000079459",412.696838731768,0.0317766866990848,0.269055003566328,0.118104797449905,0.905984622244321,0.997528070347704
"ENSG00000079739",287.904633358868,-0.01835559638419,0.243681910698212,-0.0753260524410549,0.939955293512119,0.997528070347704
"ENSG00000079785",310.712023129077,-0.124596087468363,0.240292523327829,-0.518518369788716,0.604096646699378,0.997528070347704
"ENSG00000079805",545.311411818671,-0.10007107165116,0.223317622330574,-0.448110948911262,0.654073126576689,0.997528070347704
"ENSG00000079950",172.713836628779,0.117105345243309,0.294610413228276,0.397492213394952,0.691004527420905,0.997528070347704
"ENSG00000079999",227.083540621114,0.0254900023616015,0.257563427605411,0.0989659230682872,0.92116532669248,0.997528070347704
"ENSG00000080189",199.703616183475,-0.045920147081163,0.265478176778673,-0.172971457158402,0.862673863307966,0.997528070347704
"ENSG00000080371",227.166828182645,-0.0220435459768481,0.268870905174183,-0.0819856129935948,0.934658154106044,0.997528070347704
"ENSG00000080493",750.848597452098,-0.166830311910789,0.724711781989877,-0.230202290147285,0.8179345823643,0.997528070347704
"ENSG00000080503",573.76574888225,0.122118122296372,0.225764384993177,0.540909596082051,0.588569896343177,0.997528070347704
"ENSG00000080815",265.003116583672,-0.215678090087292,0.247487787615026,-0.871469627514654,0.38349778264438,0.997528070347704
"ENSG00000080822",192.840582570029,-0.0767708637976977,0.265671279724551,-0.288969375527885,0.772604813056863,0.997528070347704
"ENSG00000080824",1965.40463796183,-0.0722824347867018,0.208617511204876,-0.34648306543987,0.728979708807552,0.997528070347704
"ENSG00000081087",105.299024870369,0.140511961504969,0.316935634810411,0.44334541803424,0.657515909125814,0.997528070347704
"ENSG00000081154",288.163595325984,-0.0687994847412685,0.245523735123508,-0.280215208955906,0.779312398845025,0.997528070347704
"ENSG00000081177",120.269203984834,-0.0874522727949723,0.298815691514022,-0.292662919915197,0.769779815084894,0.997528070347704
"ENSG00000081237",133.706329368037,0.249580458823447,0.377445434745739,0.661235865765797,0.508461063725468,0.997528070347704
"ENSG00000081307",203.265373994818,0.0475945650213507,0.263877813862539,0.180365921350796,0.856865306364018,0.997528070347704
"ENSG00000081320",188.197066879358,-0.185205594677273,0.297428497766345,-0.622689473497484,0.533488601440066,0.997528070347704
"ENSG00000081760",158.175090903428,-0.0918082926669563,0.282668134112458,-0.324791802072854,0.74533864947263,0.997528070347704
"ENSG00000081791",265.992140881867,0.0127709229824247,0.250542781542798,0.050973023065297,0.95934701706983,0.997528070347704
"ENSG00000081803",187.133035543757,-0.204346864399721,0.278521029165151,-0.733685585653038,0.463140385577415,0.997528070347704
"ENSG00000082153",257.963515868292,-0.192612479425494,0.261731680608651,-0.735915801165446,0.461781940465487,0.997528070347704
"ENSG00000082212",106.350545695029,-0.0379737362698549,0.319555862451568,-0.118832857512073,0.905407776585427,0.997528070347704
"ENSG00000082213",107.142445068714,-0.258611663640268,0.316057345870454,-0.818242850606827,0.413218531589122,0.997528070347704
"ENSG00000082438",544.783552301021,-0.0971992306495571,0.228293025977541,-0.425765220962639,0.670278931855186,0.997528070347704
"ENSG00000082641",1031.49473559079,-0.017154103988403,0.217791619309394,-0.0787638387684421,0.937220467138317,0.997528070347704
"ENSG00000082781",381.34293659555,-0.00698934506378264,0.236628226169659,-0.0295372415071538,0.976436117462077,0.997528070347704
"ENSG00000082805",258.322790204943,0.129868664170117,0.250359907652947,0.518727880145023,0.603950516668948,0.997528070347704
"ENSG00000082898",515.979242626671,-0.173832330398636,0.225770625910512,-0.769951049644241,0.441328930070066,0.997528070347704
"ENSG00000082996",181.416256590509,-0.0244256700287707,0.279453092168362,-0.0874052594632051,0.93034938893368,0.997528070347704
"ENSG00000083097",103.826609583921,-0.221499586997418,0.31276705871357,-0.708193464837566,0.478825123942652,0.997528070347704
"ENSG00000083099",109.436743395526,-0.239736730852221,0.312031263442502,-0.76830997063343,0.442303052475431,0.997528070347704
"ENSG00000083520",152.177235093197,-0.081092778122343,0.284771814157129,-0.284764060524608,0.775824908231292,0.997528070347704
"ENSG00000083720",213.291304529616,-0.0693771756003378,0.260619418902562,-0.266201098492495,0.790084337065097,0.997528070347704
"ENSG00000083799",192.360076780209,0.079246963458581,0.283156607665761,0.279869730435973,0.77957745115978,0.997528070347704
"ENSG00000083857",912.171319769261,-0.124076903508583,0.247126608093192,-0.502078284754318,0.615612454571203,0.997528070347704
"ENSG00000083896",366.480720107108,0.174311706662515,0.235575783303998,0.739938987860967,0.459337016023621,0.997528070347704
"ENSG00000083937",171.596280147161,-0.103853696563483,0.274173833685619,-0.378787775505109,0.704845465865285,0.997528070347704
"ENSG00000084070",176.959971115088,0.0991451509805228,0.298614655526489,0.33201702979286,0.739876399824184,0.997528070347704
"ENSG00000084072",126.115543701837,-0.19557760702793,0.298859368839414,-0.654413504878341,0.512845436041077,0.997528070347704
"ENSG00000084090",422.210812897486,0.0696483085796145,0.233114762502918,0.298772620969222,0.765113542586271,0.997528070347704
"ENSG00000084112",199.59347952081,0.194502590719833,0.276680482397569,0.702986307651246,0.482064282519233,0.997528070347704
"ENSG00000084463",251.581455702108,-0.123044716844397,0.256798166880921,-0.479149513950595,0.631832267327256,0.997528070347704
"ENSG00000084623",406.84921610736,0.118977502932888,0.231038149048495,0.514969079448062,0.606574627173831,0.997528070347704
"ENSG00000084652",359.434544282838,0.00746812619388044,0.239690785558435,0.0311573353830899,0.975144064812716,0.997528070347704
"ENSG00000084676",390.220008778942,-0.0582782138444331,0.258271694543133,-0.225646925604929,0.82147604059874,0.997528070347704
"ENSG00000084693",132.806403870563,-0.137902653943616,0.290531321721759,-0.47465675344872,0.635031647266608,0.997528070347704
"ENSG00000084733",385.428504933783,-0.0107862824928118,0.236416139637372,-0.0456241376301822,0.963609830154736,0.997528070347704
"ENSG00000084764",153.594015632781,-0.127132796847403,0.281559033291019,-0.451531585974719,0.651606465410194,0.997528070347704
"ENSG00000084774",187.758939189784,0.168161648268916,0.276301602196522,0.608616261838794,0.542778823021382,0.997528070347704
"ENSG00000085231",147.612856667074,0.0754296990287241,0.280835131123558,0.268590680684952,0.78824468459037,0.997528070347704
"ENSG00000085365",237.83736495702,-0.175749817470443,0.253742169679474,-0.692631491613907,0.488540842188214,0.997528070347704
"ENSG00000085377",129.252975830858,-0.215324501214497,0.292773645499533,-0.735464084709908,0.462056905370013,0.997528070347704
"ENSG00000085415",110.290993756969,0.07737997624305,0.312038165103199,0.24798241015633,0.804148016471483,0.997528070347704
"ENSG00000085449",223.454968741512,-0.114286171824884,0.259297791533607,-0.44075258469786,0.65939212326775,0.997528070347704
"ENSG00000085511",178.753236375669,-0.0334407251584122,0.268897459094431,-0.124362369473594,0.901028366808595,0.997528070347704
"ENSG00000085721",145.733449786861,-0.148216662944393,0.29005194910716,-0.511000403205821,0.609350774437819,0.997528070347704
"ENSG00000085733",910.727838235899,0.0918575708419224,0.212901703074934,0.431455312546709,0.666137338801574,0.997528070347704
"ENSG00000085788",200.485560049172,0.0245449671801676,0.26904398307789,0.0912303144614896,0.927309587927234,0.997528070347704
"ENSG00000085832",376.615848437002,-0.169002184270714,0.2345127970997,-0.720652290027759,0.471123473267119,0.997528070347704
"ENSG00000085871",136.292583301399,-0.228863614357724,0.289946672267341,-0.789330025994242,0.429919141745555,0.997528070347704
"ENSG00000085872",116.512082880116,-0.0969336096587703,0.310750027896495,-0.311934355452599,0.755090412378145,0.997528070347704
"ENSG00000085978",169.523946125716,-0.182410366537296,0.277900421638973,-0.656387512697873,0.511574822936434,0.997528070347704
"ENSG00000085982",218.752548915828,-0.075748193211488,0.265364852614765,-0.285449231369963,0.775299994490392,0.997528070347704
"ENSG00000086015",327.252344910121,0.0699356335223844,0.245753746724778,0.284576062234795,0.775968952833638,0.997528070347704
"ENSG00000086061",472.773547039839,-0.0646623152191742,0.245444773937727,-0.263449549899889,0.792204103701846,0.997528070347704
"ENSG00000086062",503.670491471003,0.106832287915574,0.23192287240649,0.460637136850952,0.645058963082352,0.997528070347704
"ENSG00000086065",178.671525079128,-0.18273775528766,0.27507529087133,-0.664319047737144,0.506486132415572,0.997528070347704
"ENSG00000086102",260.209469036568,-0.0527830898355695,0.249862678528759,-0.211248395103929,0.832693448897899,0.997528070347704
"ENSG00000086289",183.339826947372,-0.188417405653782,0.268205734194039,-0.702510728266038,0.482360713592024,0.997528070347704
"ENSG00000086544",119.195861088063,0.0217387892388517,0.302521548843557,0.0718586471672914,0.942714399712015,0.997528070347704
"ENSG00000086589",134.142782014474,0.180989094324029,0.289058807741607,0.626132432144454,0.531228081156989,0.997528070347704
"ENSG00000086598",1040.69192923451,-0.161011236614835,0.212558607100286,-0.757491022411851,0.448755742402587,0.997528070347704
"ENSG00000086619",131.869288206842,-0.0430170971845021,0.301615548089675,-0.142622280107763,0.886588500384557,0.997528070347704
"ENSG00000086666",146.177905615914,-0.0936862222904406,0.283115932658387,-0.330911162119173,0.740711590380042,0.997528070347704
"ENSG00000086758",1274.87893000354,-0.168768070341656,0.210084919078282,-0.803332628929779,0.421782503496804,0.997528070347704
"ENSG00000087053",149.760730520363,-0.171496040447625,0.295344018214281,-0.580665359280104,0.561466012786642,0.997528070347704
"ENSG00000087074",295.083855945228,0.158870563410123,0.275974018370885,0.575672175040095,0.564836786223861,0.997528070347704
"ENSG00000087087",434.149692142067,-0.0426186402379361,0.228925682807132,-0.186168016254611,0.852313004799101,0.997528070347704
"ENSG00000087152",162.785077541322,0.171939208557427,0.274848733773845,0.625577590249713,0.531592041382413,0.997528070347704
"ENSG00000087157",102.891086116164,0.175629661013018,0.316291650389299,0.555277576239678,0.578704814155475,0.997528070347704
"ENSG00000087191",427.829481185886,0.0949573734319379,0.230715706242204,0.4115774126459,0.680649190059727,0.997528070347704
"ENSG00000087266",176.78063443046,0.236654393825504,0.28107980628985,0.84194733499092,0.399817433099014,0.997528070347704
"ENSG00000087269",110.565821090472,-0.0641738724025727,0.307483543014479,-0.208706689709084,0.834677217513606,0.997528070347704
"ENSG00000087274",937.829033045225,0.0489031570293861,0.214177848264964,0.22832966819653,0.819389961768958,0.997528070347704
"ENSG00000087302",200.696554870044,0.16510026142775,0.267530703448188,0.61712640567898,0.537151352968279,0.997528070347704
"ENSG00000087365",511.407226789756,-0.0139068818983183,0.224660906181843,-0.0619016549637785,0.950641149557021,0.997528070347704
"ENSG00000087448",177.907065410956,0.166155030708662,0.270022227905458,0.615338344541165,0.538331299663879,0.997528070347704
"ENSG00000087460",2504.93866088087,-0.138011740408451,0.202457787166858,-0.681681561078738,0.495440329298687,0.997528070347704
"ENSG00000087470",275.80938301742,-0.0956651445057942,0.247059271911151,-0.387215358346065,0.698596781000914,0.997528070347704
"ENSG00000087502",135.131616393066,-0.175622642706742,0.293052280129084,-0.599287753807558,0.548981012809558,0.997528070347704
"ENSG00000088038",256.553318780951,-0.176557767241185,0.251342548125275,-0.702458730358636,0.482393130162462,0.997528070347704
"ENSG00000088205",155.372504567366,0.0428850360392505,0.282006126181579,0.152071292279791,0.879130706278499,0.997528070347704
"ENSG00000088256",232.835269537226,0.128157006216553,0.25415645054951,0.504244554641309,0.614089534583469,0.997528070347704
"ENSG00000088280",294.343878923632,-0.0753873008370173,0.261308085002574,-0.288499687394957,0.77296426976648,0.997528070347704
"ENSG00000088298",102.753638905636,0.0878718978137412,0.322964165534511,0.272079404438916,0.785560965259429,0.997528070347704
"ENSG00000088448",586.818610652754,-0.0726418923751849,0.242611585962054,-0.299416419406065,0.764622335621183,0.997528070347704
"ENSG00000088682",154.207252421513,0.154988814112111,0.291744922586787,0.531247682865861,0.595247154219786,0.997528070347704
"ENSG00000088812",286.051608014464,-0.155099787475243,0.256818620036755,-0.603927345505731,0.545891947305042,0.997528070347704
"ENSG00000088832",544.180503448995,-0.18505409247817,0.233309854607348,-0.79316877887395,0.427679494996132,0.997528070347704
"ENSG00000088833",164.642323519648,0.145208612795573,0.275720056464697,0.526652339541231,0.598435038387725,0.997528070347704
"ENSG00000088854",146.599824152913,0.173904580261283,0.293817360280994,0.591879867462454,0.553931036137078,0.997528070347704
"ENSG00000088888",199.23414455561,-0.148559414842382,0.266825709794472,-0.556765744038731,0.577687491591764,0.997528070347704
"ENSG00000088930",255.797770355525,-0.0781221293637379,0.258488127423414,-0.302227147306347,0.762478910733917,0.997528070347704
"ENSG00000088986",233.841973264413,0.192646182537883,0.258385423493738,0.745576820600146,0.455923089414759,0.997528070347704
"ENSG00000089006",141.664492625652,0.0255880889097035,0.292065447937237,0.0876108046686925,0.930186014320288,0.997528070347704
"ENSG00000089053",522.144979445563,-0.144590866502448,0.223729501458022,-0.646275370749783,0.518101035344554,0.997528070347704
"ENSG00000089057",360.233260122429,-0.204303508645302,0.237366878449972,-0.860707736392809,0.389399031111015,0.997528070347704
"ENSG00000089063",277.283382668103,-0.0720730967310654,0.252725201931854,-0.285183654736972,0.775503442266575,0.997528070347704
"ENSG00000089154",538.889312503218,0.0463497782459536,0.223230409822639,0.207632008035014,0.835516310174117,0.997528070347704
"ENSG00000089159",402.29405331972,-0.0143904938002465,0.237286874465337,-0.0606459747622856,0.95164115831775,0.997528070347704
"ENSG00000089220",877.546174891202,-0.0710324451658542,0.231801011695451,-0.306437166284586,0.759271813941084,0.997528070347704
"ENSG00000089248",515.520963148039,-0.0355843496659914,0.249469025981167,-0.142640351947652,0.886574227069405,0.997528070347704
"ENSG00000089280",1217.4534641074,0.191006592812932,0.213757303321213,0.893567563985901,0.371553307466786,0.997528070347704
"ENSG00000089335",161.169553555907,-0.105008242791585,0.275121969793671,-0.381678870903463,0.702699574286887,0.997528070347704
"ENSG00000089351",224.7716100764,0.0880908030414045,0.258335746452815,0.340993471677735,0.73310849638151,0.997528070347704
"ENSG00000089356",539.015914051652,-0.153354135079248,0.284421793484312,-0.539178567157536,0.589763647688325,0.997528070347704
"ENSG00000089597",1530.28150971168,-0.12781674505078,0.208531032947172,-0.612938723049246,0.539916857736727,0.997528070347704
"ENSG00000089693",514.07717037012,-0.124252368408282,0.229091389280917,-0.542370312556449,0.587563426789728,0.997528070347704
"ENSG00000089737",720.240779508801,0.0122688070695328,0.221276849010433,0.0554455069493257,0.955783542269394,0.997528070347704
"ENSG00000089818",164.092107976782,-0.238822498386836,0.288300237215207,-0.82838120666742,0.407454646279711,0.997528070347704
"ENSG00000089876",175.677118958103,-0.051588277491991,0.27371592386689,-0.188473789771467,0.850505260046122,0.997528070347704
"ENSG00000089902",174.04352727408,-0.217014863881888,0.275620910430666,-0.7873671977311,0.431066943097111,0.997528070347704
"ENSG00000089916",170.479814745823,-0.130704848328002,0.278253973847758,-0.469732189339782,0.638546367105642,0.997528070347704
"ENSG00000090006",851.383100229459,0.114055119418338,0.226065890317605,0.504521576687662,0.613894903750646,0.997528070347704
"ENSG00000090013",104.666449086614,-0.0651217555917915,0.330138739323524,-0.197255722625071,0.843627426763009,0.997528070347704
"ENSG00000090020",182.781627653747,0.240391596417454,0.277586593935496,0.8660057858317,0.386486988906584,0.997528070347704
"ENSG00000090054",136.544208946383,-0.0453523735137114,0.300908566175755,-0.150718120424734,0.880198078492559,0.997528070347704
"ENSG00000090060",521.219072240982,-0.172999544711691,0.232219820128823,-0.744981822032765,0.456282709086348,0.997528070347704
"ENSG00000090061",141.286391836978,0.0144508447911089,0.289071036061444,0.0499906354783924,0.960129850798288,0.997528070347704
"ENSG00000090097",117.134110675982,-0.0288861130457256,0.30796551266376,-0.0937965838962747,0.925270745378623,0.997528070347704
"ENSG00000090104",240.267443662197,-0.0559612326335298,0.315956057503981,-0.177117137983103,0.859416380581624,0.997528070347704
"ENSG00000090266",134.214222562902,0.102304600723487,0.310026769686685,0.329986345459384,0.741410279531303,0.997528070347704
"ENSG00000090273",191.516052718536,0.101098516832935,0.26530239961171,0.381068987619033,0.70315205864689,0.997528070347704
"ENSG00000090339",110.664792629828,0.336174299933652,0.39784831824405,0.844981075746143,0.398121405119532,0.997528070347704
"ENSG00000090372",272.416040438294,-0.161358579690082,0.245861061459215,-0.656299857864434,0.511631208991943,0.997528070347704
"ENSG00000090487",267.401895466986,-0.0531917704370151,0.251777272009554,-0.211265178991203,0.832680352813723,0.997528070347704
"ENSG00000090520",279.899344694612,0.014830934092168,0.263406343867745,0.0563043921964709,0.955099319920766,0.997528070347704
"ENSG00000090565",219.093846987445,-0.0202496415994536,0.25929432761704,-0.0780951970124118,0.937752327756528,0.997528070347704
"ENSG00000090581",176.469309187595,0.0139064432960769,0.277414552154485,0.0501287448263808,0.960019793468668,0.997528070347704
"ENSG00000090615",660.333951770587,-0.174890588261581,0.21987174879375,-0.795420917971759,0.426368695975158,0.997528070347704
"ENSG00000090621",315.809318623538,0.0857909819087638,0.251668593107389,0.340888709431281,0.733187364864788,0.997528070347704
"ENSG00000090686",269.023245998489,-0.0358798475663869,0.252620739839922,-0.142030490406777,0.8870559219546,0.997528070347704
"ENSG00000090857",188.083736409229,-0.077108506087377,0.278358244034648,-0.277011756396118,0.781771078965865,0.997528070347704
"ENSG00000090863",760.351516508568,-0.166190495695125,0.21715084915077,-0.765322799082115,0.444079351109707,0.997528070347704
"ENSG00000090905",457.160958609446,0.160822201477124,0.229936636468469,0.699419648591656,0.484289812074428,0.997528070347704
"ENSG00000090920",411.422101480264,0.0754081567334427,0.771809331538346,0.0977030901960482,0.922168061678295,0.997528070347704
"ENSG00000090989",141.161632811159,0.0741643171528367,0.286791670901798,0.258599968819289,0.795943907305939,0.997528070347704
"ENSG00000091009",118.130397089377,-0.183121251094151,0.301966501408582,-0.60642902520626,0.544229899348805,0.997528070347704
"ENSG00000091140",206.724500162084,0.120692039058659,0.262709342457542,0.459412816954406,0.645937745990061,0.997528070347704
"ENSG00000091164",207.160847892062,0.045873286322389,0.261368575023228,0.175511866024108,0.86067744775892,0.997528070347704
"ENSG00000091490",371.352113184209,-0.0752140119487499,0.25743644131009,-0.292165365423741,0.770160191262329,0.997528070347704
"ENSG00000091542",259.394375493823,0.0546145767686162,0.24943308095766,0.218954825714905,0.826685237736733,0.997528070347704
"ENSG00000091831",132.141567954005,0.200628865920231,0.351716225789736,0.57042823506292,0.568387283703964,0.997528070347704
"ENSG00000092068",381.305589907661,-0.113259357162947,0.242626514345121,-0.466805359128405,0.640639141285352,0.997528070347704
"ENSG00000092096",226.087291487089,0.0479201493457967,0.279797617343966,0.171267181617514,0.864013684434777,0.997528070347704
"ENSG00000092108",189.881611130573,-0.0346234198783765,0.273205353640164,-0.126730385832697,0.899153795315432,0.997528070347704
"ENSG00000092148",502.20399736093,-0.201191707431891,0.230984669323296,-0.871017578877908,0.383744554861862,0.997528070347704
"ENSG00000092201",310.101810762522,-0.0518211136101546,0.242496877487685,-0.213698065505138,0.830782520001183,0.997528070347704
"ENSG00000092203",240.066678611442,0.113863087632776,0.251665530787998,0.452438151844856,0.650953367438631,0.997528070347704
"ENSG00000092330",179.791544156603,-0.0295280171139288,0.270353494931967,-0.109220031061035,0.913027972862459,0.997528070347704
"ENSG00000092531",216.971907943717,-0.0157668542927228,0.258355450785708,-0.0610277594096535,0.951337101441024,0.997528070347704
"ENSG00000092847",340.841196170536,-0.01257996364919,0.237210754348997,-0.0530328554610204,0.957705729665715,0.997528070347704
"ENSG00000092871",148.166195213444,-0.0180695631790644,0.28786191381479,-0.0627716356762997,0.949948352763358,0.997528070347704
"ENSG00000093000",165.910780688722,-0.0189689061993975,0.27706485619415,-0.0684637758103294,0.945416455105068,0.997528070347704
"ENSG00000093010",306.445662953511,-0.0691709804800609,0.244441510338975,-0.282975589473896,0.777195549321279,0.997528070347704
"ENSG00000093144",144.836137501165,0.209266089713531,0.285539352394253,0.732880031977489,0.463631602895408,0.997528070347704
"ENSG00000093167",267.698240147892,-0.122843527702953,0.266963385166558,-0.46015122121077,0.645407680627578,0.997528070347704
"ENSG00000094631",269.432177883836,-0.184113747699386,0.24931384776154,-0.738481834653183,0.46022170181568,0.997528070347704
"ENSG00000094914",162.003888174592,-0.019534628030057,0.276419090812345,-0.0706703287846304,0.94366013597469,0.997528070347704
"ENSG00000094916",400.725111097951,-0.0743921504430893,0.233443183842863,-0.318673474283853,0.749974131198869,0.997528070347704
"ENSG00000095059",173.806997072706,-0.0384898396236253,0.270422872728937,-0.142332041795171,0.886817738467341,0.997528070347704
"ENSG00000095066",306.353629382321,-0.152793955168867,0.253952937325849,-0.601662484308326,0.547398827070045,0.997528070347704
"ENSG00000095139",723.702574748219,-0.129380545778882,0.217846097025987,-0.593908027479823,0.552573629620058,0.997528070347704
"ENSG00000095261",146.86423193681,-0.123881342072981,0.283868597731082,-0.436403825795264,0.66254376368455,0.997528070347704
"ENSG00000095319",278.033154393031,-0.0666332525397462,0.246159436491793,-0.270691440837645,0.786628360351689,0.997528070347704
"ENSG00000095321",344.133619856693,0.0259404694065984,0.238384833795759,0.108817616429506,0.91334715090287,0.997528070347704
"ENSG00000095787",563.985870177187,-0.0256894003626631,0.22460085322612,-0.114378017686335,0.908938138969726,0.997528070347704
"ENSG00000096063",112.693507909104,-0.100303158417482,0.308029474038801,-0.325628444260003,0.744705488751464,0.997528070347704
"ENSG00000096070",276.001524596253,-0.213637924927172,0.247220343837243,-0.864159970054167,0.387500018820031,0.997528070347704
"ENSG00000096093",112.120506335383,-0.0412776217818575,0.303792830927769,-0.135874245800329,0.891920695506747,0.997528070347704
"ENSG00000096384",2725.899499841,-0.0863980879236511,0.203149232012812,-0.425293696991197,0.670622587774115,0.997528070347704
"ENSG00000096433",384.76465273425,-0.123181910763961,0.243350143718477,-0.506192060878608,0.612721827792842,0.997528070347704
"ENSG00000096717",112.896278837209,0.0403059331212766,0.309125892752804,0.130386790838992,0.896260416758454,0.997528070347704
"ENSG00000097007",393.310447382309,0.0986942335413701,0.237919667060713,0.414821669686454,0.678272455000381,0.997528070347704
"ENSG00000097033",300.177445954486,0.07908545924601,0.248180784937222,0.318660686265517,0.749983829424637,0.997528070347704
"ENSG00000099219",191.855101007171,-0.0614697622767756,0.269056776583709,-0.228463906604676,0.819285612514927,0.997528070347704
"ENSG00000099282",197.078778678428,0.146658535498456,0.272001681203235,0.539182459643973,0.589760962102268,0.997528070347704
"ENSG00000099326",201.441757647879,-0.157068463000628,0.269614438006487,-0.582566958067907,0.560184854129674,0.997528070347704
"ENSG00000099331",414.624139722447,0.0974615618719117,0.233984136993889,0.416530638034053,0.677021752870901,0.997528070347704
"ENSG00000099341",296.91848061534,-0.214940518216435,0.255799496306476,-0.840269513114726,0.400757290959406,0.997528070347704
"ENSG00000099381",135.060771968957,-0.191700472232278,0.289434329573838,-0.662328040058474,0.50776101027141,0.997528070347704
"ENSG00000099622",1714.65197428725,0.139773060034557,0.205364727396248,0.680608894266768,0.49611899752385,0.997528070347704
"ENSG00000099624",102.45006789261,-0.0524518911194701,0.326740546381567,-0.160530707622117,0.872463034102385,0.997528070347704
"ENSG00000099783",604.142909064434,0.118442517102386,0.22035596091096,0.53750539178854,0.590918561547815,0.997528070347704
"ENSG00000099797",117.007458963998,-0.0838500899843867,0.307668381572732,-0.27253398466155,0.785211463856097,0.997528070347704
"ENSG00000099814",317.716219590348,-0.0966403166949871,0.240380127910476,-0.402031222526758,0.687661048206237,0.997528070347704
"ENSG00000099817",177.10599226901,-0.0873141867998315,0.270401874426126,-0.32290525716635,0.746766994776074,0.997528070347704
"ENSG00000099860",210.31628641397,0.194462848557374,0.288531898664871,0.673973482506495,0.500328172673771,0.997528070347704
"ENSG00000099899",116.606711834906,-0.153581441963299,0.308562267674603,-0.497732412717617,0.61867265929125,0.997528070347704
"ENSG00000099910",128.389137761816,-0.140401228913082,0.294781168064664,-0.476289682393426,0.633868014889952,0.997528070347704
"ENSG00000099917",299.811471159889,0.0261698936060711,0.242251080779026,0.108027974620029,0.913973501521086,0.997528070347704
"ENSG00000099940",114.313440426702,-0.0464338717373007,0.315068605338911,-0.147377018688844,0.882834443868983,0.997528070347704
"ENSG00000099942",231.706880779165,0.0339578889217752,0.254021491660799,0.133681164927258,0.893654699675092,0.997528070347704
"ENSG00000099949",228.505623170338,-0.0820442561712485,0.260180437307231,-0.31533599151564,0.752506560626747,0.997528070347704
"ENSG00000099956",182.888582044637,-0.166489352783239,0.266642146518552,-0.624392486173057,0.53236985843127,0.997528070347704
"ENSG00000099968",181.15352963924,-0.0869187094055513,0.269072263962245,-0.32303109999382,0.746671689215998,0.997528070347704
"ENSG00000099995",480.095153871943,-0.0844647269138688,0.229721515102422,-0.367683135278862,0.713109517102577,0.997528070347704
"ENSG00000100003",266.472524230532,-0.21619352183201,0.299627854633654,-0.721540132162756,0.470577258245864,0.997528070347704
"ENSG00000100014",213.756927866736,-0.206344205745169,0.262569862598676,-0.785864012354515,0.431947159928368,0.997528070347704
"ENSG00000100028",236.971723313693,0.0944797133991992,0.252500976228921,0.374175636111373,0.708273649181138,0.997528070347704
"ENSG00000100029",155.435380781914,0.193087264112745,0.2815668248194,0.6857599940497,0.492864467734112,0.997528070347704
"ENSG00000100031",220.896823374486,-0.0264217498175374,0.330135623492607,-0.0800330165463923,0.936210996778214,0.997528070347704
"ENSG00000100034",134.747758244737,0.1955308738049,0.291803824723477,0.670076459724927,0.502809050331238,0.997528070347704
"ENSG00000100083",263.219736750793,0.0719572400313237,0.250624496297028,0.287111759203472,0.774026748527579,0.997528070347704
"ENSG00000100099",217.763424977174,0.0227235868556216,0.262943210709293,0.086420131534579,0.93113244414686,0.997528070347704
"ENSG00000100105",175.417661377853,-0.0527765835381704,0.275891502524613,-0.191294704821371,0.848294709429794,0.997528070347704
"ENSG00000100138",284.249193631025,0.0431748166229209,0.244825449804087,0.176349381395888,0.86001946913474,0.997528070347704
"ENSG00000100151",235.154360785768,-0.230076989585693,0.271991147818005,-0.845898814838055,0.397609193723133,0.997528070347704
"ENSG00000100154",132.186562757762,0.165033011194094,0.303710138834599,0.54338986451806,0.586861402658784,0.997528070347704
"ENSG00000100207",195.353942079947,0.0536125654424193,0.264165333763831,0.202950798572042,0.839173488867779,0.997528070347704
"ENSG00000100220",316.711154625137,-0.0200115690033193,0.243750102153442,-0.082098710222168,0.934568218757085,0.997528070347704
"ENSG00000100221",224.438274137137,0.0288759133571123,0.266015380449179,0.108549788769183,0.913559588075399,0.997528070347704
"ENSG00000100225",278.056931237528,0.114669303501016,0.24743612042831,0.463429928106392,0.64305623068893,0.997528070347704
"ENSG00000100227",336.943632371491,-0.0379781618603836,0.237278308572618,-0.160057453582027,0.87283581612874,0.997528070347704
"ENSG00000100241",393.34695922622,-0.0143312629592547,0.239275352870846,-0.0598944387180166,0.952239709205066,0.997528070347704
"ENSG00000100242",544.652026753729,0.0151007510447397,0.226444885922002,0.0666862092436088,0.946831513301003,0.997528070347704
"ENSG00000100243",603.355305327365,0.173889920225105,0.222092339684492,0.782962260076758,0.433649274453553,0.997528070347704
"ENSG00000100258",197.656560902223,-0.144670371949281,0.262654612443934,-0.550800804916997,0.581770232326191,0.997528070347704
"ENSG00000100266",431.149482643442,-0.0876454648999306,0.240660748118501,-0.364186788186888,0.715718532071529,0.997528070347704
"ENSG00000100281",117.762095763965,-0.136232820223367,0.299610523016457,-0.454699717659397,0.649325284029341,0.997528070347704
"ENSG00000100284",159.194198186867,-0.250176227847033,0.28491494383562,-0.878073380353721,0.379903897867044,0.997528070347704
"ENSG00000100285",2058.19959687397,-0.205703614126371,0.990237119212724,-0.207731673692371,0.835438485079564,0.997528070347704
"ENSG00000100296",115.854446784589,0.177348564953721,0.305444916610179,0.580623723982484,0.561494079461191,0.997528070347704
"ENSG00000100299",137.38692543701,-0.184835641689105,0.290966427067418,-0.635247315479041,0.525267128483105,0.997528070347704
"ENSG00000100300",107.766746048363,-0.0249100545320318,0.311961123505125,-0.0798498679968453,0.936356661987079,0.997528070347704
"ENSG00000100324",115.978653118292,-0.0223597468833195,0.308064688526456,-0.0725813367000006,0.942139278698648,0.997528070347704
"ENSG00000100325",226.008613089758,-0.0143581864395016,0.264504132707846,-0.0542834105936662,0.956709366492776,0.997528070347704
"ENSG00000100330",489.477648506092,-0.0411439378777909,0.22898633896446,-0.179678569751607,0.857404918478197,0.997528070347704
"ENSG00000100335",153.542662615188,-0.124607345301015,0.278507925468727,-0.447410410642,0.654578760438175,0.997528070347704
"ENSG00000100347",109.008930334555,0.107800825352782,0.309189642066704,0.348656004878473,0.727347577005343,0.997528070347704
"ENSG00000100348",141.633603094868,0.0170414090156728,0.294317670136959,0.0579014131490736,0.953827157482494,0.997528070347704
"ENSG00000100360",163.729046134798,0.182238746664692,0.289289716788371,0.62995238367912,0.528725738436235,0.997528070347704
"ENSG00000100364",239.216553442417,0.223689592110894,0.255520814381776,0.87542610824916,0.381342099170574,0.997528070347704
"ENSG00000100376",482.346783609054,-0.0856334698107703,0.242407397812686,-0.353262609076566,0.723891574335053,0.997528070347704
"ENSG00000100380",323.726353020378,0.156418795184489,0.241426796325778,0.647893264397297,0.517053987515782,0.997528070347704
"ENSG00000100401",306.978044956559,0.126082565420204,0.250095296395515,0.504138091508966,0.614164340946746,0.997528070347704
"ENSG00000100403",637.472024357374,-0.0780638695393188,0.219818317774086,-0.355129046249674,0.722492917270313,0.997528070347704
"ENSG00000100413",127.288862582154,-0.217555367001026,0.304465301583899,-0.714548967876645,0.474887787872807,0.997528070347704
"ENSG00000100416",112.839300499929,0.175118193896165,0.306332401825438,0.571660695547169,0.567551867074407,0.997528070347704
"ENSG00000100418",138.306684214447,0.0490732871676474,0.28779879901263,0.170512480719191,0.864607119896742,0.997528070347704
"ENSG00000100439",127.399523222451,0.137622729682118,0.300969011280884,0.45726544768318,0.647480261626212,0.997528070347704
"ENSG00000100441",325.186307334069,-0.0611058598143581,0.241326572491275,-0.253208170088967,0.800107353379571,0.997528070347704
"ENSG00000100442",135.276916760684,-0.0478960266370324,0.289026709959362,-0.165714880274445,0.868381335206799,0.997528070347704
"ENSG00000100461",304.804798556074,0.0262264242198786,0.242137652512062,0.108312044606826,0.913748168611073,0.997528070347704
"ENSG00000100462",126.133223318559,-0.10809111719111,0.293872983981927,-0.367815767637074,0.713010611103585,0.997528070347704
"ENSG00000100473",118.059054709724,0.0562211885722589,0.349494567483966,0.160864270300391,0.872200303918203,0.997528070347704
"ENSG00000100485",167.964376811725,-0.089728118848896,0.276020818005973,-0.325077360095913,0.74512252324052,0.997528070347704
"ENSG00000100528",146.027141021589,-0.147817053520287,0.284167594059522,-0.52017561682042,0.602941178389264,0.997528070347704
"ENSG00000100554",172.694885197789,-0.141042368808632,0.280232592585283,-0.503304656704801,0.614750092948126,0.997528070347704
"ENSG00000100567",203.806249811458,-0.174702325555566,0.283175279721476,-0.616940594982014,0.537273909434607,0.997528070347704
"ENSG00000100577",114.33549916483,-0.251253391831319,0.328796602826987,-0.764160546888403,0.444771574456363,0.997528070347704
"ENSG00000100580",118.520773851854,-0.245972708468984,0.30721008206573,-0.80066613313933,0.423324953726748,0.997528070347704
"ENSG00000100591",304.764648284787,0.0201345988025907,0.243030854892915,0.0828479116837347,0.933972472030101,0.997528070347704
"ENSG00000100592",210.646948217056,-0.231676801911406,0.264463540130632,-0.876025488416923,0.381016177566401,0.997528070347704
"ENSG00000100603",119.244066656532,0.145911012189707,0.316265445038273,0.461356162928419,0.644543096948693,0.997528070347704
"ENSG00000100605",209.655281042076,-0.164006484455522,0.280815495578909,-0.58403644755222,0.559195790685276,0.997528070347704
"ENSG00000100614",356.125002241584,-0.138765365874179,0.240662873509511,-0.576596480589664,0.564212077224642,0.997528070347704
"ENSG00000100644",431.523709798353,-0.0157758737095986,0.257975771223932,-0.06115254015814,0.951237726415619,0.997528070347704
"ENSG00000100647",443.201558345283,0.0484832626174646,0.273405066039972,0.177331251829753,0.859248204370554,0.997528070347704
"ENSG00000100650",2048.26478378565,-0.0603762888679,0.204461781745264,-0.295293762739101,0.76776948081531,0.997528070347704
"ENSG00000100664",560.427074705812,0.0752748840105581,0.232004929432623,0.324453813092014,0.745594484280229,0.997528070347704
"ENSG00000100697",297.992817676983,-0.229725334202887,0.263647781329008,-0.871334221152467,0.383571690441967,0.997528070347704
"ENSG00000100711",234.714189135914,-0.13032749441273,0.25655383407702,-0.507992776181252,0.611458409267013,0.997528070347704
"ENSG00000100722",253.662035341152,-0.207070467939857,0.249282271442027,-0.830666644450939,0.406161974525171,0.997528070347704
"ENSG00000100726",129.908432548534,-0.134144070669358,0.291319292759602,-0.460470947181841,0.645178220383654,0.997528070347704
"ENSG00000100731",200.813682039325,-0.118450534135528,0.269972852491132,-0.438749796664903,0.660842840655115,0.997528070347704
"ENSG00000100796",251.127092110289,-0.148033661273113,0.259211982629831,-0.571091119211543,0.567937878217868,0.997528070347704
"ENSG00000100804",205.990395124707,-0.0200651228169417,0.261673207806659,-0.0766800811788385,0.938878050794914,0.997528070347704
"ENSG00000100811",324.13224951719,0.00744068620640993,0.241141018586641,0.0308561614694205,0.975384251340007,0.997528070347704
"ENSG00000100813",785.057642503358,0.115695422084225,0.21482846202481,0.538547923276866,0.590198829180448,0.997528070347704
"ENSG00000100815",172.278977345079,-0.242597834574186,0.275852716477581,-0.879446966018558,0.379158976413163,0.997528070347704
"ENSG00000100823",342.096069014353,0.0995395177074937,0.241434531086382,0.412283683115236,0.68013150684162,0.997528070347704
"ENSG00000100836",350.36979418601,0.0256643128781511,0.240890323494062,0.106539409744218,0.915154388869435,0.997528070347704
"ENSG00000100888",388.940643457518,0.0296341736094407,0.23259318430575,0.127407747126785,0.898617684891561,0.997528070347704
"ENSG00000100897",370.33683187208,-0.133940439522222,0.239480159454708,-0.559296602387447,0.575959313751497,0.997528070347704
"ENSG00000100911",205.699355085013,0.145454256863533,0.307865319431223,0.472460675766463,0.636598004141144,0.997528070347704
"ENSG00000100982",116.171358685041,-0.0533596812681056,0.308206658585937,-0.173129553764093,0.862549595163998,0.997528070347704
"ENSG00000100983",195.596823817436,-0.151319982640144,0.282321913590543,-0.535983837441704,0.591969720791731,0.997528070347704
"ENSG00000100991",387.479971109408,-0.169817786062872,0.23346120861939,-0.727391874080995,0.466985930947002,0.997528070347704
"ENSG00000100994",902.815296736022,0.0458887287162285,0.23923368550663,0.19181549880423,0.847886730106414,0.997528070347704
"ENSG00000100997",371.281169763566,-0.153061491889555,0.237553219273289,-0.644325058434455,0.519364669592242,0.997528070347704
"ENSG00000101019",121.599588430238,0.0141521193094538,0.295799620453977,0.0478436019888526,0.961840886961766,0.997528070347704
"ENSG00000101040",215.627178076997,-0.0328345123957036,0.271144254841906,-0.121096102201568,0.903614916449883,0.997528070347704
"ENSG00000101104",145.225792569879,0.226060825767501,0.294888297125358,0.766598159273178,0.443320470237089,0.997528070347704
"ENSG00000101109",129.35040515901,0.0966731784527915,0.293678318203546,0.329180509627504,0.742019253817978,0.997528070347704
"ENSG00000101126",468.224667402344,-0.124625838234364,0.227987246258827,-0.54663513104097,0.584629428408808,0.997528070347704
"ENSG00000101150",344.867625624432,0.0600440326955806,0.238935860313178,0.251297702307556,0.801583951473586,0.997528070347704
"ENSG00000101158",306.641352171974,0.0257928932123917,0.250951417951416,0.102780424286685,0.918137242128167,0.997528070347704
"ENSG00000101160",492.972206034107,0.137626076325124,0.229002310454297,0.600981169369427,0.547852528496122,0.997528070347704
"ENSG00000101161",382.498342600098,0.0934732691819087,0.233278945125687,0.400693123554493,0.688646074166134,0.997528070347704
"ENSG00000101182",285.966606204704,-0.0388716284922478,0.256528318012845,-0.151529580801685,0.879557978136584,0.997528070347704
"ENSG00000101191",403.769244724796,-0.0632759650169233,0.232279974157422,-0.272412485176357,0.785304873803293,0.997528070347704
"ENSG00000101193",156.444972425905,0.102918723519696,0.283028909884095,0.363633254150056,0.71613189113925,0.997528070347704
"ENSG00000101199",381.213780748309,-0.059597350345002,0.233321041239165,-0.255430671955179,0.798390483493914,0.997528070347704
"ENSG00000101246",102.834784160558,-0.101567172567342,0.318815220857046,-0.318576924571878,0.750047353912171,0.997528070347704
"ENSG00000101265",154.895599318295,0.0696486965234574,0.321578914504381,0.216583530144694,0.828532922131586,0.997528070347704
"ENSG00000101266",254.782678222119,-0.113060063714537,0.255163469078302,-0.443088754526384,0.657701538833668,0.997528070347704
"ENSG00000101290",311.034645960311,0.111631433038383,0.254359667526003,0.438872381475224,0.660754009789044,0.997528070347704
"ENSG00000101294",492.205784943327,-0.16564936246053,0.238068796433454,-0.695804594899244,0.486551211281313,0.997528070347704
"ENSG00000101337",378.586015756031,-0.0962879351545035,0.233531112497518,-0.412313092353066,0.680109953680275,0.997528070347704
"ENSG00000101343",137.178989443825,-0.25242890387896,0.29166945639939,-0.865462249613492,0.386785127152895,0.997528070347704
"ENSG00000101346",197.26336119651,-0.0577821280983093,0.268834808070384,-0.214935441258713,0.829817652449912,0.997528070347704
"ENSG00000101350",286.391116760815,-0.0899302435416537,0.249261666938805,-0.360786496560387,0.718259058072026,0.997528070347704
"ENSG00000101361",224.751780489978,0.114219352822287,0.25985273074276,0.439554175535518,0.660260036162806,0.997528070347704
"ENSG00000101363",152.984482507476,0.119217702471172,0.278892524563922,0.427468260963902,0.6690382978831,0.997528070347704
"ENSG00000101365",188.105163765274,0.0521937277216482,0.278971890672286,0.187093142595364,0.851587604645112,0.997528070347704
"ENSG00000101367",265.960077524046,0.206111655820237,0.247478688177254,0.832846081972972,0.404931541588382,0.997528070347704
"ENSG00000101391",103.358457630783,0.148122894036868,0.314378058734749,0.471161679135644,0.637525281871655,0.997528070347704
"ENSG00000101413",202.675146199868,0.0406970449060623,0.260937985743852,0.155964432660304,0.876061056711466,0.997528070347704
"ENSG00000101421",324.307286407117,0.150568742786187,0.240819741743686,0.625234217493859,0.53181734727036,0.997528070347704
"ENSG00000101439",790.1812765131,-0.138029035671597,0.217059252946524,-0.635904868361463,0.524838429353768,0.997528070347704
"ENSG00000101444",412.698853350905,0.0134504107982713,0.248229325436277,0.0541854221882585,0.956787435029786,0.997528070347704
"ENSG00000101474",394.962045947318,0.0674158378026937,0.232470633797346,0.289997221160686,0.771818363496156,0.997528070347704
"ENSG00000101544",125.035687599951,-0.11517219702959,0.297797288470215,-0.386746963416724,0.698943544585849,0.997528070347704
"ENSG00000101558",391.890385784524,0.0547559892867152,0.232917766239108,0.235087216277456,0.81414104061995,0.997528070347704
"ENSG00000101577",170.490542440824,-0.160928548801775,0.271140965845701,-0.593523550747234,0.552830826715147,0.997528070347704
"ENSG00000101639",105.978014594138,-0.151000238174167,0.310820774501857,-0.485811279558679,0.627100976261782,0.997528070347704
"ENSG00000101654",196.037506609054,0.0285752278476341,0.264657251697457,0.107970696681683,0.914018936953413,0.997528070347704
"ENSG00000101751",135.087157095246,-0.228206278938087,0.289941134676974,-0.787077967368562,0.43123622619038,0.997528070347704
"ENSG00000101782",222.278129489796,-0.0567440937463463,0.256044441872871,-0.221618143050808,0.824611157568272,0.997528070347704
"ENSG00000101871",149.302497021977,-0.0779946061404609,0.330791839937661,-0.235781530025527,0.813602201040016,0.997528070347704
"ENSG00000101901",200.681778687113,-0.10518244985994,0.261967127054525,-0.401510109465174,0.688044596610842,0.997528070347704
"ENSG00000101911",121.578694458371,0.100119069488544,0.311113937174703,0.321808371549497,0.74759787182666,0.997528070347704
"ENSG00000101940",286.10861307541,-0.205550342331428,0.246687231458489,-0.833242730546502,0.404707847858851,0.997528070347704
"ENSG00000102081",177.948198828043,-0.0756295824774,0.272488530444466,-0.277551434381616,0.781356717485798,0.997528070347704
"ENSG00000102100",119.218622687018,-0.137488709354566,0.31925931305693,-0.430649017057957,0.666723594434189,0.997528070347704
"ENSG00000102103",130.114062415394,0.124950426729491,0.291026650268021,0.429343589717361,0.667673199244808,0.997528070347704
"ENSG00000102119",165.868867389746,0.210178240282774,0.273734200659822,0.767818707988079,0.442594898436531,0.997528070347704
"ENSG00000102225",252.773626628723,-0.0776397109528348,0.250452813861306,-0.309997359406109,0.756562964403562,0.997528070347704
"ENSG00000102226",281.247275053413,0.160788913205771,0.251941161836863,0.63820025292209,0.523343332591871,0.997528070347704
"ENSG00000102241",190.977146852479,0.226008167170357,0.26610987396836,0.849303950281939,0.395712183317568,0.997528070347704
"ENSG00000102317",524.823494697844,0.101693210395748,0.230790257393624,0.44063043017585,0.659480569158551,0.997528070347704
"ENSG00000102362",130.734399546484,0.0403457078889942,0.298274249677749,0.135263798107222,0.89240330690115,0.997528070347704
"ENSG00000102401",417.176086829411,-0.113294297001299,0.241800977991423,-0.468543584655466,0.639395910300236,0.997528070347704
"ENSG00000102409",176.806760450302,0.185516461700125,0.26957269591067,0.688187136584489,0.491334943342642,0.997528070347704
"ENSG00000102471",138.03087896491,-0.172236544765162,0.290378539551851,-0.593144882645181,0.553084195480578,0.997528070347704
"ENSG00000102572",291.882418142308,0.181094387794765,0.244728598973077,0.73998048677052,0.459311834624497,0.997528070347704
"ENSG00000102575",142.6630735385,0.206217940155426,0.297208583973589,0.69384920650122,0.487776780245536,0.997528070347704
"ENSG00000102606",374.471934222284,-0.1724836122296,0.255636494690812,-0.674722177043682,0.499852291965632,0.997528070347704
"ENSG00000102699",169.700897406393,-0.0745283419662723,0.271710789174154,-0.27429290604468,0.783859535692575,0.997528070347704
"ENSG00000102710",180.298389423315,-0.158841292722374,0.273476294444272,-0.580822893791045,0.561359823701428,0.997528070347704
"ENSG00000102753",126.773803723519,-0.050344577074706,0.294522420683847,-0.170936314314583,0.864273842173995,0.997528070347704
"ENSG00000102805",114.614913825988,-0.0350494453988002,0.32325598441416,-0.108426284705357,0.913657551861488,0.997528070347704
"ENSG00000102858",369.077336513687,-0.0749361789485084,0.235207925513705,-0.318595467328936,0.750033291023436,0.997528070347704
"ENSG00000102882",124.585621019418,0.0508157700302863,0.296299944990432,0.171501111928749,0.86382975620278,0.997528070347704
"ENSG00000102900",169.118711257896,-0.00933809759490352,0.276656865274765,-0.0337533557521853,0.973073831448482,0.997528070347704
"ENSG00000102901",162.725386568854,0.169540771329051,0.275598012273492,0.615174144147331,0.538439721132464,0.997528070347704
"ENSG00000102908",206.41662407286,-0.224369052469424,0.276553468340441,-0.811304424478317,0.417190869830624,0.997528070347704
"ENSG00000102921",193.989380695644,-0.212957164181264,0.267481669353992,-0.796156105558886,0.425941306956755,0.997528070347704
"ENSG00000102931",102.551119930426,0.253832621554247,0.315429905233036,0.804719582205492,0.420981516781135,0.997528070347704
"ENSG00000102974",229.498340802439,0.0536826179032602,0.254672085308879,0.210791134953607,0.833050256409818,0.997528070347704
"ENSG00000103005",121.036916984359,0.172553248071382,0.307630943208714,0.56090992106185,0.574858946392324,0.997528070347704
"ENSG00000103018",199.868296148621,-0.0822084924735421,0.269689559114562,-0.304826381649505,0.760498387515212,0.997528070347704
"ENSG00000103024",131.110291463011,-0.147578663183667,0.292039571805294,-0.505337897434185,0.613321529322004,0.997528070347704
"ENSG00000103035",238.90756762148,-0.0398181356369175,0.252463752944273,-0.157718227557627,0.874678836750804,0.997528070347704
"ENSG00000103051",233.374234162784,-0.13014854092787,0.253535403538214,-0.513334781303049,0.607717158091473,0.997528070347704
"ENSG00000103091",186.775032665371,-0.077839166680927,0.267314694008015,-0.291189255307429,0.770906579722289,0.997528070347704
"ENSG00000103111",341.510910968961,-0.181226984167875,0.245412542486913,-0.738458525107938,0.460235861552301,0.997528070347704
"ENSG00000103148",129.728532359121,-0.174203996327978,0.296848198215438,-0.586845388906655,0.557307549951153,0.997528070347704
"ENSG00000103160",106.217791694292,0.0499044138416647,0.307844603575147,0.16210910719922,0.871219934552425,0.997528070347704
"ENSG00000103168",179.374414086147,0.099499302050459,0.271780989036831,0.366101037467985,0.714289683390325,0.997528070347704
"ENSG00000103187",311.391471353867,0.122257349989645,0.25192130792306,0.485299758871465,0.627463726513866,0.997528070347704
"ENSG00000103194",188.344938408087,-0.059673932704,0.264699869760626,-0.225439977579001,0.82163701436362,0.997528070347704
"ENSG00000103196",691.282641100271,0.0218497360169446,0.221648425613569,0.0985783497286748,0.921473060690828,0.997528070347704
"ENSG00000103197",537.872988924676,-0.141554293233597,0.225834313858348,-0.62680595705392,0.5307864381893,0.997528070347704
"ENSG00000103202",557.303642932938,-0.142350189975794,0.259809517326327,-0.547902137845854,0.583759100826169,0.997528070347704
"ENSG00000103222",412.31418576834,0.122383496414685,0.233009551917601,0.525229525603152,0.599423642035118,0.997528070347704
"ENSG00000103249",257.879450012698,-0.226125028960041,0.255791409078741,-0.884021202175838,0.376684767582749,0.997528070347704
"ENSG00000103264",121.435503893826,0.141127149873337,0.298598589088393,0.472631670176981,0.636475983579017,0.997528070347704
"ENSG00000103316",156.377309093409,0.140676567807991,0.289655421139691,0.485668686104609,0.62720208884527,0.997528070347704
"ENSG00000103319",297.148889030169,0.0729305470463226,0.262768682550851,0.277546571906296,0.78136045058792,0.997528070347704
"ENSG00000103353",268.864801175736,-0.0441123485000019,0.246271051779616,-0.179121127640602,0.85784259282927,0.997528070347704
"ENSG00000103363",177.544922653777,-0.0234599833066787,0.285673562637103,-0.0821216464348868,0.93454997989477,0.997528070347704
"ENSG00000103365",494.739642809719,0.0910004078754036,0.228885413301578,0.397580634618694,0.690939337617234,0.997528070347704
"ENSG00000103404",104.543695106892,-0.2401015294647,0.330844136978004,-0.725723996978864,0.468007987675152,0.997528070347704
"ENSG00000103415",116.586784574507,-0.0552181813923838,0.302648609192014,-0.182449810490789,0.855229738613403,0.997528070347704
"ENSG00000103423",150.947589104025,-0.0618709940148645,0.280904194138785,-0.220256568986279,0.82567134248972,0.997528070347704
"ENSG00000103479",598.868302701315,-0.0787905733395222,0.220548064234648,-0.357248990658537,0.72090541315909,0.997528070347704
"ENSG00000103489",136.490776307311,-0.187521682528491,0.304766084965965,-0.615297081200597,0.538358544804289,0.997528070347704
"ENSG00000103496",156.018313474715,0.215152905474251,0.285087304587153,0.754691289343183,0.450434234231743,0.997528070347704
"ENSG00000103502",225.773098825878,0.115232664072241,0.257492494296971,0.447518535974647,0.654500707486712,0.997528070347704
"ENSG00000103507",141.340284298178,0.0158521243835209,0.28575006605254,0.055475488081274,0.955759657548469,0.997528070347704
"ENSG00000103510",134.853415491439,0.0107240970052271,0.291734205940698,0.0367598203667864,0.97067651108229,0.997528070347704
"ENSG00000103512",136.918515050173,-0.0440910413491919,0.289464054517549,-0.152319573574269,0.878934887569863,0.997528070347704
"ENSG00000103534",312.014311359133,0.185984438637272,0.261711368495141,0.71064715188605,0.477302916194648,0.997528070347704
"ENSG00000103544",167.839385789415,-0.19871851339093,0.274252875660423,-0.724581329958345,0.468708916066458,0.997528070347704
"ENSG00000103549",309.291495744608,-0.0636741396519755,0.240765334193655,-0.264465562973282,0.79142119717776,0.997528070347704
"ENSG00000103591",189.207422770637,-0.108111211377023,0.269322125877183,-0.401419716352322,0.688111135707072,0.997528070347704
"ENSG00000103653",168.026869789909,0.0398957175989692,0.27380285931058,0.145709645616647,0.884150606542281,0.997528070347704
"ENSG00000103657",306.332345861209,-0.0643740776882849,0.243076021471767,-0.264831048733294,0.791139617178215,0.997528070347704
"ENSG00000103876",102.823660040891,0.145175998230118,0.315870067382507,0.459606696617806,0.645798551562852,0.997528070347704
"ENSG00000103966",125.830088088422,0.159029360720172,0.30967651590325,0.513533808840244,0.60757796745882,0.997528070347704
"ENSG00000104067",644.48511833579,-0.131500362791234,0.230123371909332,-0.57143419071334,0.567705358037378,0.997528070347704
"ENSG00000104131",171.512001953758,0.0929444270788759,0.279364488341003,0.332699505333778,0.739361122983984,0.997528070347704
"ENSG00000104142",119.823218989763,-0.109070726389848,0.305305972867829,-0.357250548901206,0.72090424672228,0.997528070347704
"ENSG00000104164",309.653590850929,-0.191480233524945,0.248191071047167,-0.771503312818838,0.440408659550083,0.997528070347704
"ENSG00000104219",144.330873596063,-0.228774132001823,0.291659415822798,-0.784387952490512,0.432812505360743,0.997528070347704
"ENSG00000104231",167.699806328863,0.0521982332587635,0.274717543974187,0.190006915843963,0.849303711196049,0.997528070347704
"ENSG00000104320",188.322403308503,-0.131126776165301,0.268630956444503,-0.488129804177616,0.625457901460239,0.997528070347704
"ENSG00000104324",173.582354528406,-0.0461601863155247,0.270361078102435,-0.170735324180189,0.864431885945798,0.997528070347704
"ENSG00000104325",164.084015983582,-0.14652681976675,0.277282727500025,-0.528438323900778,0.597195143958723,0.997528070347704
"ENSG00000104365",318.38611333026,0.108615999141835,0.249147320205133,0.43595090267239,0.662872352017057,0.997528070347704
"ENSG00000104375",125.039651936903,0.0502523499397521,0.307996395879839,0.163158889558427,0.870393333778247,0.997528070347704
"ENSG00000104408",433.556958078473,0.110062082684792,0.232685643983355,0.47300762006901,0.636207742720421,0.997528070347704
"ENSG00000104412",128.078183936701,0.00955292692589512,0.296619244324651,0.0322060254304991,0.974307751074585,0.997528070347704
"ENSG00000104442",119.61189773354,-0.126375331061057,0.29783135995838,-0.424318416565391,0.67133360991357,0.997528070347704
"ENSG00000104518",160.211928874825,0.160697553676311,0.284155832579253,0.565526148865839,0.571715943611458,0.997528070347704
"ENSG00000104522",200.322278600719,0.142983196424921,0.26305595755872,0.54354669535665,0.586753449488539,0.997528070347704
"ENSG00000104529",668.901666347308,0.128902240967316,0.222245907725973,0.579998265373017,0.561915787560574,0.997528070347704
"ENSG00000104613",229.632366434302,0.0228182398677536,0.260000666870113,0.0877622359297745,0.930065653269363,0.997528070347704
"ENSG00000104635",147.626745127355,0.214193293067604,0.308480754278623,0.694348966983342,0.487463389494202,0.997528070347704
"ENSG00000104687",299.261612425513,-0.139172285536126,0.255968698905365,-0.54370821952562,0.586642275323629,0.997528070347704
"ENSG00000104728",162.646165794945,-0.0345777354145512,0.27592727088585,-0.125314671882707,0.900274437262828,0.997528070347704
"ENSG00000104763",961.350307364344,-0.134390668531521,0.2243136365115,-0.599119476736007,0.549093214495215,0.997528070347704
"ENSG00000104765",258.279468816696,0.0810077508918256,0.257555426745402,0.314525505890052,0.753121947751084,0.997528070347704
"ENSG00000104805",980.449091446193,-0.10598160316749,0.212348220591571,-0.499093436583744,0.617713561150839,0.997528070347704
"ENSG00000104812",231.027362751713,-0.038904999912615,0.270596589495671,-0.143774908564535,0.885678217054901,0.997528070347704
"ENSG00000104824",419.590276958653,0.0713900584540863,0.23256272436851,0.306971199481497,0.758865294028912,0.997528070347704
"ENSG00000104852",1720.25519781898,0.0615474976428102,0.210187628009227,0.292821695671395,0.769658444022383,0.997528070347704
"ENSG00000104853",355.069287033223,-0.062971799836352,0.237296018015324,-0.265372341108082,0.790722641143878,0.997528070347704
"ENSG00000104859",176.204293942838,0.154747381041987,0.270337026694243,0.572423921851479,0.567034813231015,0.997528070347704
"ENSG00000104866",131.053169635782,0.059028975293335,0.290743982282873,0.203027332947184,0.839113668490811,0.997528070347704
"ENSG00000104881",147.213383242544,0.200805180681542,0.286758862254663,0.700257976694063,0.483766210518962,0.997528070347704
"ENSG00000104885",151.881901232913,-0.160122543291781,0.283089947381636,-0.565624264558988,0.571649229378717,0.997528070347704
"ENSG00000104904",623.886406207077,0.0538463869513166,0.221241616969106,0.243382721971498,0.807708927335001,0.997528070347704
"ENSG00000104946",207.552168712343,-0.226183008152177,0.259750211449927,-0.87077121858582,0.383879083242643,0.997528070347704
"ENSG00000104964",1079.66711188623,-0.0340944156893321,0.209863708352845,-0.162459798108633,0.870943784121691,0.997528070347704
"ENSG00000104969",162.313546390724,-0.164828699855059,0.28291452851238,-0.582609527767134,0.560156189990615,0.997528070347704
"ENSG00000105053",110.205312980524,0.0592292523461404,0.321298873283523,0.184343168529803,0.853744250581042,0.997528070347704
"ENSG00000105058",153.909737161299,0.0421865222036534,0.279445037439788,0.150965365462049,0.880003037076134,0.997528070347704
"ENSG00000105063",205.916327419774,0.169238029369681,0.259516825118564,0.652127388242985,0.514318997114226,0.997528070347704
"ENSG00000105127",150.744949049002,0.153212301954386,0.279323059572585,0.548512901830692,0.583339772796037,0.997528070347704
"ENSG00000105176",284.720348083696,-0.185210140229066,0.249164993920873,-0.743323278742288,0.457285981196387,0.997528070347704
"ENSG00000105186",170.32683406921,-0.0136602839170414,0.291773589130366,-0.0468180960372597,0.962658206295696,0.997528070347704
"ENSG00000105193",785.890969479655,0.164646474349686,0.221783388920654,0.74237513977474,0.457860077545868,0.997528070347704
"ENSG00000105197",114.270825161509,0.124518287654601,0.312220559588493,0.398815144712817,0.690029417056597,0.997528070347704
"ENSG00000105220",669.530571871324,-0.0103849546107224,0.219250833285675,-0.047365633485147,0.962221818769406,0.997528070347704
"ENSG00000105221",573.67341335917,-0.0449358181637444,0.221551855901061,-0.202823027507436,0.839273358654205,0.997528070347704
"ENSG00000105223",513.540129780066,-0.133286237514602,0.22901706290804,-0.581992607110335,0.560571660564495,0.997528070347704
"ENSG00000105281",613.925277189206,-0.083897823193953,0.224005653450551,-0.374534400813565,0.708006767731548,0.997528070347704
"ENSG00000105287",199.335495140939,0.0436044961334931,0.271041324831021,0.160877667494719,0.872189751930822,0.997528070347704
"ENSG00000105323",626.01148737246,0.0802305530466487,0.225331834516844,0.356055118526323,0.721799287715191,0.997528070347704
"ENSG00000105325",197.689613317952,-0.176315902733816,0.264206279269707,-0.667341833135728,0.504553811028367,0.997528070347704
"ENSG00000105339",175.695238779634,-0.0971774199810284,0.270726704625566,-0.358950256183377,0.719632302463118,0.997528070347704
"ENSG00000105355",119.686311531124,0.212695996038055,0.305255407853913,0.696780435548731,0.485940211685502,0.997528070347704
"ENSG00000105357",257.053540910611,-0.0701048448955876,0.255593620656373,-0.274282451633792,0.783867569156162,0.997528070347704
"ENSG00000105401",382.472740191574,0.184028602628298,0.235806801384473,0.780421097049896,0.435143053920543,0.997528070347704
"ENSG00000105404",165.521453687187,-0.112974460490074,0.277963407461953,-0.406436449752969,0.684421942369117,0.997528070347704
"ENSG00000105426",673.717070187912,-0.164429591166179,0.230222772547649,-0.714219489873217,0.475091466995231,0.997528070347704
"ENSG00000105429",367.535560702784,0.0103486315568786,0.2432077613084,0.0425505810390484,0.966059790396754,0.997528070347704
"ENSG00000105438",455.120218386478,-0.0856905043127888,0.227406146553228,-0.376817010496818,0.706309598459119,0.997528070347704
"ENSG00000105443",238.832035425098,-0.0521636608184447,0.254339495259335,-0.205094614838551,0.83749820374332,0.997528070347704
"ENSG00000105483",124.949623681788,0.105943598376956,0.312123359030845,0.339428611514098,0.73428686770225,0.997528070347704
"ENSG00000105518",205.742087651925,-0.0604633671875047,0.271552213841763,-0.222658347476178,0.823801421429361,0.997528070347704
"ENSG00000105519",147.479456265606,-0.184013729102083,0.3094154867906,-0.594714023563456,0.552034646250706,0.997528070347704
"ENSG00000105552",174.440252256724,-0.200719887711806,0.32006801789319,-0.62711635180866,0.530582969244036,0.997528070347704
"ENSG00000105568",783.693485833934,-0.0603479337979754,0.216338389431037,-0.278951571917904,0.780281990035857,0.997528070347704
"ENSG00000105576",391.086734847559,0.0237207366763629,0.235981229627365,0.100519590959925,0.919931830270657,0.997528070347704
"ENSG00000105583",201.119966738452,-0.0358226606800782,0.267753475507693,-0.133789713138753,0.893568861788053,0.997528070347704
"ENSG00000105612",117.76916774233,-0.101728428724193,0.30675067287471,-0.331632292020245,0.7401669327266,0.997528070347704
"ENSG00000105618",103.53965551101,0.152451666960468,0.309935484226846,0.491881939045374,0.622802806818795,0.997528070347704
"ENSG00000105677",126.131932551177,0.135188067809362,0.298874635789531,0.452323655542862,0.651035836806958,0.997528070347704
"ENSG00000105698",271.021037470007,-0.0241162759354666,0.257485858893443,-0.0936605840767623,0.92537878193788,0.997528070347704
"ENSG00000105700",144.885911998445,-0.136649938479331,0.284935596800483,-0.479581842401447,0.63152476012255,0.997528070347704
"ENSG00000105701",504.846773700358,0.0962647741824237,0.235534114689004,0.408708412832385,0.682753659166775,0.997528070347704
"ENSG00000105722",129.627807539594,0.259063168804311,0.296122079138649,0.874852593085479,0.381654116453235,0.997528070347704
"ENSG00000105723",143.207368165897,-0.232666523378678,0.285546446658564,-0.814811481989422,0.415180227525184,0.997528070347704
"ENSG00000105726",244.779685760851,-0.116250962626869,0.252787138861104,-0.459876887529251,0.645604590743643,0.997528070347704
"ENSG00000105767",152.974211883371,0.10763775004993,0.283368088401957,0.379851346906945,0.704055764612291,0.997528070347704
"ENSG00000105771",110.446435187137,-0.0865800839603414,0.304290292482224,-0.284531206217823,0.776003322727374,0.997528070347704
"ENSG00000105810",126.518880136401,0.022829673945334,0.299345819171457,0.0762652172945759,0.939208097799972,0.997528070347704
"ENSG00000105819",243.125760948194,0.0397294738216836,0.251257676891328,0.158122427593992,0.874360328264032,0.997528070347704
"ENSG00000105835",302.676867520516,-0.139025907490843,0.249609528097702,-0.556973560065486,0.577545494022019,0.997528070347704
"ENSG00000105849",104.438540618094,-0.165089118131519,0.311810052891713,-0.529454123112741,0.59649046131882,0.997528070347704
"ENSG00000105855",108.552723068722,0.259329188703133,0.316746690856297,0.818727381182922,0.412941970913226,0.997528070347704
"ENSG00000105856",258.479693627859,-0.219533866903702,0.248474394810177,-0.88352712186467,0.376951535308184,0.997528070347704
"ENSG00000105879",121.614656802014,-0.236422361296675,0.327401358079433,-0.722117839350304,0.470222031167364,0.997528070347704
"ENSG00000105887",185.177419128138,-0.0217033739128617,0.28989549147038,-0.0748662002391963,0.940321169359864,0.997528070347704
"ENSG00000105939",185.818169024429,-0.191337580655518,0.28468995391119,-0.672091087257706,0.501525710182994,0.997528070347704
"ENSG00000105953",455.717356868071,-0.138075433043608,0.238950000050863,-0.577842364570901,0.563370550261089,0.997528070347704
"ENSG00000105968",376.244301197103,0.0698720247077358,0.235953253306511,0.296126557818508,0.767133432848296,0.997528070347704
"ENSG00000105983",161.065008259815,-0.202561389848318,0.275670971029319,-0.734794052097617,0.462464930045379,0.997528070347704
"ENSG00000105993",192.59416128166,0.243160457501827,0.273487462413594,0.88911007238093,0.373943926208576,0.997528070347704
"ENSG00000106003",145.923718055309,-0.25949524088531,0.29842827926781,-0.869539714942493,0.384551995226863,0.997528070347704
"ENSG00000106009",163.990595592074,-0.0579983855276704,0.280683475500303,-0.206632704060299,0.836296717278662,0.997528070347704
"ENSG00000106012",190.116806784536,0.0358103064089038,0.264434548492407,0.13542219279994,0.892278078440243,0.997528070347704
"ENSG00000106028",133.778911692758,0.16997199482066,0.295527254916804,0.575148288331342,0.565191012401366,0.997528070347704
"ENSG00000106031",161.983815861636,0.233211838798341,0.30039457196063,0.776351707276874,0.437541350520097,0.997528070347704
"ENSG00000106034",176.374668152671,-0.152146289400442,0.287570700546108,-0.529074377575707,0.596753854976066,0.997528070347704
"ENSG00000106049",191.252415573573,-0.0129380921440006,0.274141638409373,-0.0471949179959313,0.962357877862443,0.997528070347704
"ENSG00000106052",578.916804753114,-0.131497214711067,0.226340479381574,-0.580970823559068,0.561260117718218,0.997528070347704
"ENSG00000106069",120.4769217319,0.018095257445044,0.337872251379182,0.0535565065529348,0.957288509489961,0.997528070347704
"ENSG00000106070",179.56521212802,0.0383556246772338,0.268135182149568,0.143045848626603,0.886253971526556,0.997528070347704
"ENSG00000106077",210.822423232725,-0.189345988383295,0.270440824752234,-0.700138333614262,0.483840918198692,0.997528070347704
"ENSG00000106105",205.932573091896,0.0149363719187694,0.264406456410274,0.0564901936267127,0.954951307404035,0.997528070347704
"ENSG00000106123",150.355772318186,0.170980051993723,0.357498519157805,0.478267860791474,0.632459568242264,0.997528070347704
"ENSG00000106153",199.115061950253,0.261881743331089,0.305807828314703,0.856360495329079,0.391798408858696,0.997528070347704
"ENSG00000106244",189.602871619702,0.140116005629933,0.26699415704626,0.524790531673157,0.599728814312965,0.997528070347704
"ENSG00000106263",520.259948254775,0.00919219831292076,0.224092925687997,0.0410195827677264,0.967280284208876,0.997528070347704
"ENSG00000106299",272.300464021045,-0.0888492435442819,0.273401784865945,-0.324976823351195,0.745198612766584,0.997528070347704
"ENSG00000106344",125.615147518305,0.0176298161491467,0.296283424652393,0.0595032144300021,0.952551305270897,0.997528070347704
"ENSG00000106348",122.859087053886,-0.0783070214620434,0.300177139096963,-0.260869370990802,0.79419324560007,0.997528070347704
"ENSG00000106351",115.358005884434,-0.0187151848229538,0.310264254027181,-0.060320145102227,0.951900657687094,0.997528070347704
"ENSG00000106367",111.216751732885,-0.11836639747035,0.313029139339638,-0.378132201110906,0.705332388105687,0.997528070347704
"ENSG00000106397",126.21555698425,-0.0483506492502298,0.29352957661994,-0.164721558239543,0.869163147747383,0.997528070347704
"ENSG00000106400",116.049553560487,-0.0875743516323088,0.314957967955455,-0.278050916447031,0.780973273486978,0.997528070347704
"ENSG00000106443",112.917843967816,-0.126950960626161,0.305804638757806,-0.415137458809788,0.678041279009868,0.997528070347704
"ENSG00000106479",140.998915240587,-0.0669515948260275,0.289750597998163,-0.231066286967428,0.817263305531913,0.997528070347704
"ENSG00000106541",1276.14748239267,-0.125620336531822,0.208733865504795,-0.601820582529942,0.547293572835406,0.997528070347704
"ENSG00000106546",164.015281439244,0.0524133667762315,0.297695910854864,0.176063442140408,0.860244101175499,0.997528070347704
"ENSG00000106571",103.836268205791,0.272868175961661,0.356728172223625,0.764919053801577,0.444319747169881,0.997528070347704
"ENSG00000106591",126.730307619559,0.226285266493,0.304304786111131,0.743613892455709,0.457110096118196,0.997528070347704
"ENSG00000106603",105.169363534999,-0.0973562468928033,0.311812200464952,-0.312227189146648,0.754867870279594,0.997528070347704
"ENSG00000106608",200.910365230458,0.0904207360938201,0.280015333808745,0.322913516427565,0.746760739604626,0.997528070347704
"ENSG00000106609",617.960589257385,0.00886056182700614,0.224346951434098,0.0394949063063553,0.968495814528786,0.997528070347704
"ENSG00000106617",151.698857531998,-0.137499144999559,0.280842773431972,-0.489594741282759,0.624420698396678,0.997528070347704
"ENSG00000106628",196.816267748083,-0.142438221243565,0.27101892762063,-0.52556558500943,0.599190073558206,0.997528070347704
"ENSG00000106635",115.754104538108,0.0564016581394479,0.300516881025961,0.187682162635568,0.85112581393759,0.997528070347704
"ENSG00000106636",262.049391614694,-0.0448506973574698,0.248380167446709,-0.180572780099654,0.856702922958452,0.997528070347704
"ENSG00000106638",147.707124914232,-0.21054668883818,0.282360541587716,-0.74566611770283,0.455869131628646,0.997528070347704
"ENSG00000106682",541.335070761739,0.0682626043262359,0.226547594834901,0.301316835325412,0.763172904394285,0.997528070347704
"ENSG00000106723",495.716647377278,0.055275441635483,0.22949790993675,0.240853791002789,0.809668437336725,0.997528070347704
"ENSG00000106771",371.494183402888,-0.217080063860783,0.248161982476243,-0.874751489711218,0.381709137338343,0.997528070347704
"ENSG00000106772",647.583429196406,0.228242580952125,0.283507006714269,0.80506857166376,0.420780110710052,0.997528070347704
"ENSG00000106785",202.578154635662,-0.206996949107758,0.266141606986453,-0.777769967843826,0.436704635706115,0.997528070347704
"ENSG00000106799",232.174350498843,0.163634485625033,0.300662928233707,0.544245632763341,0.586272453800414,0.997528070347704
"ENSG00000106803",190.414235154092,0.22414342537849,0.287760255200042,0.778924195847242,0.436024369949933,0.997528070347704
"ENSG00000106948",130.804276554954,0.275106871848106,0.311468571131458,0.88325724437858,0.377097298870511,0.997528070347704
"ENSG00000107021",140.467088300641,-0.0286552743292948,0.286142014183362,-0.100143540301398,0.920230368887592,0.997528070347704
"ENSG00000107036",103.61781151912,-0.234407879583151,0.313089150193488,-0.7486937169119,0.454041831515503,0.997528070347704
"ENSG00000107077",120.792209201528,0.0501565951069824,0.299727581460398,0.167340605968255,0.86710205562525,0.997528070347704
"ENSG00000107140",117.005423770779,0.108540054882882,0.304812155340138,0.356088341561585,0.72177440785677,0.997528070347704
"ENSG00000107164",229.847365905604,-0.180554889838899,0.257043555578731,-0.702429163930531,0.482411563013034,0.997528070347704
"ENSG00000107175",181.451716587152,-0.072260225531406,0.277002313706759,-0.260865061249641,0.794196569240316,0.997528070347704
"ENSG00000107185",205.869518311073,0.0608111177990684,0.265575181752887,0.228978918126665,0.818885301745971,0.997528070347704
"ENSG00000107186",277.304645736647,-0.0840032013414509,0.253811255269431,-0.330967203374327,0.740669258672413,0.997528070347704
"ENSG00000107201",104.139717878397,-0.266440214010944,0.373234844073157,-0.713867470419561,0.47530913392279,0.997528070347704
"ENSG00000107223",498.176380182072,0.0405263214930975,0.231873049447859,0.174778058897313,0.86125402941498,0.997528070347704
"ENSG00000107263",273.720767157873,0.129787265518097,0.260800621628294,0.497649371798954,0.618731198339164,0.997528070347704
"ENSG00000107331",416.578167426637,-0.0843238509714384,0.236945681593097,-0.355878403879275,0.721931629618011,0.997528070347704
"ENSG00000107341",299.165799844515,0.0457348170412941,0.245588561023381,0.186225355328907,0.8522680410603,0.997528070347704
"ENSG00000107372",542.572937628732,-0.0164252783728626,0.251217300764314,-0.06538275159748,0.947869256923075,0.997528070347704
"ENSG00000107404",163.747911737902,-0.102294534803664,0.274534208250196,-0.372611251092023,0.70943779779421,0.997528070347704
"ENSG00000107554",152.863738425026,0.0632672070367879,0.283893554733743,0.222855383582501,0.823648061854278,0.997528070347704
"ENSG00000107566",140.574266758225,0.0463067508399059,0.288353555407949,0.160590185109365,0.872416185709995,0.997528070347704
"ENSG00000107581",842.986709843968,-0.153736676290428,0.213701235999331,-0.71940003328249,0.471894476354468,0.997528070347704
"ENSG00000107643",139.871204711572,0.156989418358575,0.284909037033589,0.551015931235857,0.581622753588199,0.997528070347704
"ENSG00000107672",173.059611892217,-0.0316205484474812,0.272111534282473,-0.116204366459,0.907490576265773,0.997528070347704
"ENSG00000107731",184.441192365766,0.20382243067733,0.281684273769544,0.723584699812118,0.469320737372269,0.997528070347704
"ENSG00000107745",172.550404659732,0.113458153671622,0.273903497658203,0.414226742782246,0.678708058325431,0.997528070347704
"ENSG00000107758",213.272282921317,-0.018127946858818,0.26002745542498,-0.0697155107301662,0.944420096042852,0.997528070347704
"ENSG00000107771",150.647893495637,-0.0941556719288262,0.280131934954602,-0.336111882224656,0.736786498437375,0.997528070347704
"ENSG00000107779",144.732769186039,-0.0417609607052459,0.295521515702959,-0.141312758923521,0.887622870597116,0.997528070347704
"ENSG00000107798",208.092028344071,0.171745635180069,0.276419345000845,0.621322777461701,0.534387269957626,0.997528070347704
"ENSG00000107816",244.940986993027,0.208962452681324,0.25316739375072,0.825392439308663,0.409148825975557,0.997528070347704
"ENSG00000107829",239.100969576552,0.0615853099822362,0.252262764249529,0.244131590983908,0.807128906552593,0.997528070347704
"ENSG00000107863",151.012071792748,0.0830975834438065,0.297310255497791,0.279497871019199,0.779862771628101,0.997528070347704
"ENSG00000107882",131.160656048043,-0.185027853994565,0.306449952876682,-0.603778373132994,0.545990999841413,0.997528070347704
"ENSG00000107937",127.663452117933,-0.0158986842320917,0.291659039862382,-0.0545111999257536,0.956527885607743,0.997528070347704
"ENSG00000107949",155.287684411423,0.0383162165460456,0.284480539353852,0.134688357358553,0.892858278787875,0.997528070347704
"ENSG00000107959",282.90799086608,-0.0277067778881908,0.245201211074878,-0.112996089076126,0.910033655821767,0.997528070347704
"ENSG00000108039",223.997960581488,-0.220336433806221,0.279881763580108,-0.78724826865383,0.431136546206389,0.997528070347704
"ENSG00000108055",149.398556657548,0.055772777446019,0.297690798668489,0.187351364890952,0.85138515253136,0.997528070347704
"ENSG00000108061",162.539439910884,-0.209604297948169,0.277781414551386,-0.754565593550156,0.450509674504316,0.997528070347704
"ENSG00000108064",121.089880784601,-0.0592775150370526,0.299928253428167,-0.197638983188523,0.843327532188951,0.997528070347704
"ENSG00000108091",406.640790833447,-0.164269827326597,0.262662194295987,-0.625403392242605,0.531706336298755,0.997528070347704
"ENSG00000108094",114.802933599349,-0.225256381485147,0.311199321348641,-0.723833138545919,0.469168182001469,0.997528070347704
"ENSG00000108100",250.773391371777,0.0586450810686871,0.257324002255428,0.227903656692212,0.819721139898285,0.997528070347704
"ENSG00000108107",878.524159149672,0.148345132564686,0.215470570151442,0.688470506484588,0.491156537053248,0.997528070347704
"ENSG00000108175",599.043397197191,-0.0737690777187116,0.223335554994219,-0.330306017421279,0.741168746619654,0.997528070347704
"ENSG00000108179",106.092117207318,-0.124617968053797,0.31134485535554,-0.400257033030111,0.68896721133303,0.997528070347704
"ENSG00000108219",385.688629114676,-0.16892969516591,0.232639708012446,-0.7261429985842,0.467751111624965,0.997528070347704
"ENSG00000108256",281.8337774352,-0.123176271023163,0.249607354610142,-0.493480134892458,0.621673372773795,0.997528070347704
"ENSG00000108270",108.527404195204,0.173711303979964,0.306088028831977,0.567520737883287,0.570360441223449,0.997528070347704
"ENSG00000108292",891.122184059944,0.0781769893569786,0.220917733389763,0.353873761772902,0.723433491402582,0.997528070347704
"ENSG00000108294",148.437736870876,0.156058910332752,0.280757802930897,0.555848880079615,0.578314167063315,0.997528070347704
"ENSG00000108296",105.235743616031,0.214016396175897,0.312807268225286,0.684179742338213,0.493861672525378,0.997528070347704
"ENSG00000108344",382.745949167814,-0.192259934488962,0.233506351970308,-0.823360618958278,0.4103029508553,0.997528070347704
"ENSG00000108349",483.131239876217,0.106030544292652,0.225956028684403,0.469252999842492,0.638888805962313,0.997528070347704
"ENSG00000108375",160.284105772335,0.161281073249846,0.286795257149861,0.562356138147606,0.57387339696723,0.997528070347704
"ENSG00000108395",139.274735395896,-0.170885723878135,0.285595401906876,-0.598349002600035,0.549607086066519,0.997528070347704
"ENSG00000108406",156.467431166749,0.0160511061815726,0.283454743651818,0.056626698056918,0.954842566688982,0.997528070347704
"ENSG00000108424",682.847282808808,0.084783011518562,0.221262694056799,0.383178067500153,0.701587738887443,0.997528070347704
"ENSG00000108443",134.591786253412,-0.243506223456024,0.296882723252318,-0.820210151633076,0.412096315781846,0.997528070347704
"ENSG00000108465",548.305966089803,0.171763957152441,0.227871517969132,0.753775455060198,0.450984064747161,0.997528070347704
"ENSG00000108468",157.729094324714,0.202986336579721,0.278491235428669,0.728878724916686,0.466075849838216,0.997528070347704
"ENSG00000108509",206.272135324449,-0.194699117703512,0.272382721857504,-0.714799809531853,0.474732752889618,0.997528070347704
"ENSG00000108523",245.566190374317,0.0303443464317254,0.257433375584167,0.117872619907454,0.906168588128002,0.997528070347704
"ENSG00000108528",128.442071265539,0.204112770490414,0.292448486571317,0.697944355545976,0.485211993755325,0.997528070347704
"ENSG00000108557",206.911109763868,-0.19212363804156,0.263920809003386,-0.727959416186447,0.466638429906235,0.997528070347704
"ENSG00000108559",121.720189273885,0.0990390110869275,0.296370700277262,0.334172747151705,0.738249207674051,0.997528070347704
"ENSG00000108561",161.69993648212,0.0623187320929146,0.276676259747586,0.225240619306364,0.82179209156894,0.997528070347704
"ENSG00000108588",485.943960087566,-0.018825793592465,0.225814151192936,-0.0833685289119909,0.933558511664869,0.997528070347704
"ENSG00000108591",136.507852912163,-0.0931897918854113,0.294181213153782,-0.316776829106,0.751412947131334,0.997528070347704
"ENSG00000108599",116.508883134135,0.0848557811227344,0.30611717292857,0.277200329242995,0.781626286832003,0.997528070347704
"ENSG00000108604",298.444830142198,-0.0492686527114523,0.242375548495491,-0.203274022554172,0.838920858646516,0.997528070347704
"ENSG00000108651",143.559315670183,0.0638080791156884,0.284521154935535,0.224264797217436,0.822551266330754,0.997528070347704
"ENSG00000108654",4178.42238019421,-0.074474179239403,0.200935549047007,-0.370637150034514,0.710907808036281,0.997528070347704
"ENSG00000108669",354.598065261764,-0.193158783786428,0.259596905293393,-0.744071981783149,0.456832928708969,0.997528070347704
"ENSG00000108671",279.896684486873,-0.0733935705972119,0.244760656891777,-0.299858529263809,0.764285068341748,0.997528070347704
"ENSG00000108679",568.48602525165,0.060101166762445,0.23453071019762,0.256261394133854,0.797749005139438,0.997528070347704
"ENSG00000108773",283.412898482455,-0.0813585485580882,0.24530761402493,-0.331659287794548,0.740146545786008,0.997528070347704
"ENSG00000108774",171.434883301006,0.106206471645486,0.273371510735206,0.388505998155601,0.697641616109916,0.997528070347704
"ENSG00000108788",126.897894434917,-0.249379929099432,0.293197373778438,-0.850553079264219,0.395017663176614,0.997528070347704
"ENSG00000108819",173.781130152426,0.211557313907832,0.271038928660917,0.7805421713886,0.435071815122749,0.997528070347704
"ENSG00000108829",457.45001009732,-0.131264953226723,0.233445262958194,-0.562294353560006,0.573915484760306,0.997528070347704
"ENSG00000108840",214.476790408919,-0.0180921846968318,0.263133779194392,-0.0687566026384857,0.945183362372352,0.997528070347704
"ENSG00000108848",726.060849842937,0.170270337252918,0.219433344651222,0.775954709725422,0.437775727737184,0.997528070347704
"ENSG00000108854",148.649399580386,-0.00940087124428056,0.283287693999896,-0.033184890990302,0.973527146730273,0.997528070347704
"ENSG00000108883",196.350748950177,0.0572114868909596,0.265644073854214,0.215368956140754,0.829479671500508,0.997528070347704
"ENSG00000108946",738.482307123026,-0.0173303112333041,0.226696573138363,-0.0764471689773917,0.939063343954172,0.997528070347704
"ENSG00000108953",1063.12287526006,-0.0598498348909803,0.219641914460741,-0.27248822265059,0.785246645757595,0.997528070347704
"ENSG00000109046",1007.20587848346,-0.0165147030178386,0.220405363706133,-0.074928770970645,0.940271384971385,0.997528070347704
"ENSG00000109065",139.52610093956,-0.0486311875255684,0.285398987388537,-0.170397197167917,0.864697776246128,0.997528070347704
"ENSG00000109079",157.784314257307,0.192442438762046,0.275951448562615,0.697377889351355,0.485566335038044,0.997528070347704
"ENSG00000109111",624.49063882935,0.0557873749069633,0.220359021327086,0.253165831700425,0.8001400689467,0.997528070347704
"ENSG00000109171",296.66463276336,-0.149782876678787,0.244438191712914,-0.612763805971462,0.540032526119838,0.997528070347704
"ENSG00000109180",362.757900646734,-0.0205064614247142,0.239675740235331,-0.0855591867770159,0.93181684367156,0.997528070347704
"ENSG00000109184",137.532116807405,0.0750867782923294,0.292925040190278,0.256334447350608,0.797692600438373,0.997528070347704
"ENSG00000109270",148.386650551803,-0.0384307920157835,0.280556213879058,-0.136980719423132,0.891046035113437,0.997528070347704
"ENSG00000109323",177.229175076499,-0.0847200998000926,0.287982944922343,-0.294184434508572,0.76861697412562,0.997528070347704
"ENSG00000109332",566.224324507293,0.0134652539655906,0.225061937083864,0.0598291036683517,0.952291745714252,0.997528070347704
"ENSG00000109339",280.599462423951,0.233032222122079,0.265514148089447,0.877664048409106,0.380126060197583,0.997528070347704
"ENSG00000109381",156.43640865161,0.083777936636006,0.283482612148929,0.295531129761119,0.767588175588333,0.997528070347704
"ENSG00000109390",113.626030747784,0.159671249291654,0.308728892650583,0.517189200922536,0.6050240897904,0.997528070347704
"ENSG00000109472",1253.30470467616,-0.225181761773339,0.257289498045055,-0.875207746465837,0.381460879050181,0.997528070347704
"ENSG00000109501",333.360925418,0.198325262167001,0.255559969351405,0.776041970385023,0.437724205079701,0.997528070347704
"ENSG00000109606",470.487330501015,-0.189850799397373,0.229834325797657,-0.826033268696839,0.408785219911613,0.997528070347704
"ENSG00000109685",216.505601431889,-0.0638797794680164,0.258713747274678,-0.246912969028255,0.804975579195562,0.997528070347704
"ENSG00000109689",206.270879572944,-0.114189230148632,0.264190087975421,-0.432223748527823,0.665578800501358,0.997528070347704
"ENSG00000109736",150.583827946177,-0.0824626848333521,0.280901305164309,-0.293564619734026,0.769090614436846,0.997528070347704
"ENSG00000109756",153.290267194401,-0.16580590048699,0.278095281133314,-0.596219755370483,0.551028429799585,0.997528070347704
"ENSG00000109787",359.054078738572,-0.131606644912923,0.247832293952327,-0.531031056583122,0.595397258131709,0.997528070347704
"ENSG00000109790",145.750039599618,0.252682910816195,0.305462580921597,0.827213958756706,0.408115801245918,0.997528070347704
"ENSG00000109861",115.13922745188,0.299290705042018,0.340531630358423,0.878892526744146,0.379459551083363,0.997528070347704
"ENSG00000109919",221.018250711077,-0.119350410423175,0.265448090731751,-0.449618643306743,0.652985442905614,0.997528070347704
"ENSG00000109920",444.711896026446,-0.0122606681842807,0.231862150157134,-0.0528791274296887,0.957828215022782,0.997528070347704
"ENSG00000109956",229.254626775159,-0.236229597226138,0.277806239123865,-0.850339423517449,0.39513640425294,0.997528070347704
"ENSG00000110013",166.285608349545,-0.173061020479727,0.285641262936574,-0.605868419361229,0.544602131814681,0.997528070347704
"ENSG00000110046",154.447700921668,-0.0946332034822796,0.282446842045506,-0.335047836955575,0.737589000880617,0.997528070347704
"ENSG00000110074",115.881176712637,-0.191939928646626,0.301498301818484,-0.636620264488861,0.524372222223205,0.997528070347704
"ENSG00000110075",384.431108876791,-0.209258901365541,0.2339915043537,-0.894301277918308,0.371160716417451,0.997528070347704
"ENSG00000110090",377.208636556465,-0.215245369075376,0.240613576235472,-0.894568679136916,0.371017701076589,0.997528070347704
"ENSG00000110092",685.807184942317,0.0658273707047182,0.231080438426591,0.284867776575688,0.775745444120729,0.997528070347704
"ENSG00000110107",446.306148906154,0.0911212343336648,0.235036938783778,0.387688993930829,0.698246201584029,0.997528070347704
"ENSG00000110108",260.799210819005,0.151229173604696,0.25517983228928,0.592637640083005,0.553423683253728,0.997528070347704
"ENSG00000110171",145.216555624277,-0.227293152642388,0.285159823278457,-0.797072848584415,0.425408724080774,0.997528070347704
"ENSG00000110172",102.769987180262,-0.127201075167778,0.318944775995136,-0.398818493800062,0.69002694915295,0.997528070347704
"ENSG00000110315",229.08351115585,-0.220072307469358,0.255003997380194,-0.863015128116776,0.388129149357249,0.997528070347704
"ENSG00000110330",181.095088118388,0.011573025202614,0.270486563362947,0.0427859523176571,0.965872162161887,0.997528070347704
"ENSG00000110400",160.355383585825,0.0952734506917903,0.291629651128055,0.326693291725524,0.743899874531814,0.997528070347704
"ENSG00000110422",312.783489311843,-0.203457780641647,0.250227131714272,-0.813092406278188,0.416165079913436,0.997528070347704
"ENSG00000110429",161.35002736913,-0.131297140102144,0.278764258327569,-0.47099703846488,0.63764284978018,0.997528070347704
"ENSG00000110435",107.489071175875,-0.154181156023783,0.311647709253158,-0.494728988681698,0.620791435989536,0.997528070347704
"ENSG00000110455",191.760176687456,0.146404539978344,0.268349305227304,0.545574507280102,0.58535845181984,0.997528070347704
"ENSG00000110497",126.335657623023,-0.0308804416593042,0.293598651041716,-0.105179099255863,0.916233695098459,0.997528070347704
"ENSG00000110514",332.058720293891,-0.0504698685590569,0.239390686547761,-0.210826366250416,0.833022763633684,0.997528070347704
"ENSG00000110583",104.909380571429,0.0657136349430739,0.308997442981108,0.212667245104328,0.831586516932703,0.997528070347704
"ENSG00000110660",164.922379815847,-0.232447356948221,0.299085593249496,-0.777193426211987,0.437044660078724,0.997528070347704
"ENSG00000110696",310.473122792773,-0.0506594722316574,0.244990409113212,-0.206781450812824,0.836180543175995,0.997528070347704
"ENSG00000110700",534.258312626728,0.192600031643058,0.228331358015761,0.843511085453991,0.398942668592382,0.997528070347704
"ENSG00000110711",119.975530083859,0.276797549242257,0.310658584255827,0.891002416383621,0.372927873901703,0.997528070347704
"ENSG00000110713",403.84142735006,-0.043215569152721,0.233148434306747,-0.185356463067058,0.852949454088047,0.997528070347704
"ENSG00000110717",161.735142477166,0.131149742085104,0.283760070157167,0.462185331475511,0.643948421399382,0.997528070347704
"ENSG00000110721",171.661488099015,-0.205643273963474,0.286890833301813,-0.716799737366075,0.473497673803621,0.997528070347704
"ENSG00000110768",112.940391399495,0.221988015830884,0.302628050757475,0.733534169338401,0.463232695350003,0.997528070347704
"ENSG00000110799",380.267648175238,0.0144166306344116,0.296854857351307,0.0485645771911709,0.961266299944527,0.997528070347704
"ENSG00000110841",296.412114820135,-0.0200144598481918,0.253947359675128,-0.0788134197331136,0.937181029848668,0.997528070347704
"ENSG00000110851",105.413543286046,0.176617198929718,0.310975240579521,0.567946176681402,0.570071515655256,0.997528070347704
"ENSG00000110888",162.349378455663,0.14531924636927,0.276300475414778,0.525946421739303,0.598925433744415,0.997528070347704
"ENSG00000110917",1541.57035867519,-0.185367154218295,0.209381816589618,-0.885306839139757,0.375991162340171,0.997528070347704
"ENSG00000110925",144.010009872144,0.136255394398821,0.295619313228423,0.460915063061315,0.644859544312294,0.997528070347704
"ENSG00000110955",1421.7567024419,-0.0520690071325494,0.209801011538311,-0.248182822145456,0.803992956594263,0.997528070347704
"ENSG00000110958",408.548735186484,0.0585674372258004,0.232247915476363,0.252176374137408,0.800904738774386,0.997528070347704
"ENSG00000111011",320.286104720742,-0.0847740802475774,0.242185945537824,-0.350037158677061,0.726310810960367,0.997528070347704
"ENSG00000111144",243.521200195509,0.145608825718554,0.254694106054781,0.571700806014078,0.567524688294255,0.997528070347704
"ENSG00000111186",141.304445457659,-0.021910386199989,0.298292290332876,-0.073452740516821,0.941445850038139,0.997528070347704
"ENSG00000111203",130.496882646048,-0.129676677884867,0.290946796812946,-0.445705810496475,0.655809766832803,0.997528070347704
"ENSG00000111224",117.835580742666,-0.23471954998975,0.303574568838482,-0.773185813580561,0.439412420686343,0.997528070347704
"ENSG00000111229",151.927543075231,0.1951806536095,0.280420046710874,0.696029602372688,0.486410291336883,0.997528070347704
"ENSG00000111237",211.472318840923,0.062661444638295,0.260521324110293,0.240523284810909,0.809924614321127,0.997528070347704
"ENSG00000111261",190.964985238047,-0.119230403135457,0.277587460886989,-0.429523735526361,0.667542124388273,0.997528070347704
"ENSG00000111269",271.665536514793,-0.173675723881912,0.250764155775923,-0.692585921399009,0.488569447990037,0.997528070347704
"ENSG00000111271",133.11614502783,-0.243366861265274,0.292435039695671,-0.832208279550012,0.405291391287673,0.997528070347704
"ENSG00000111276",169.817184090516,-0.0816299975121686,0.271663755893102,-0.300481737962459,0.763809724209542,0.997528070347704
"ENSG00000111321",405.925245268751,-0.0865748801476998,0.234462458912607,-0.36924836730459,0.711942607222836,0.997528070347704
"ENSG00000111328",154.453860514079,0.0464155450373274,0.295722384945235,0.156956481484901,0.875279145655849,0.997528070347704
"ENSG00000111348",361.851213679887,0.291773249437859,0.330522065759328,0.882764812592924,0.377363355812009,0.997528070347704
"ENSG00000111361",191.136237511862,-0.0909616047501901,0.268071508636752,-0.339318434893604,0.734369856544809,0.997528070347704
"ENSG00000111364",103.79643468466,0.187970936206637,0.316000196307784,0.594844365297651,0.55194750875968,0.997528070347704
"ENSG00000111481",449.519486391187,-0.100555784986558,0.244581385588562,-0.411134251875219,0.68097409558477,0.997528070347704
"ENSG00000111530",398.79901429241,-0.160950716277848,0.233634539206698,-0.688899495872284,0.490886516707922,0.997528070347704
"ENSG00000111540",155.953305304037,-0.0402596007710583,0.284775888612322,-0.141372926504552,0.887575340961044,0.997528070347704
"ENSG00000111596",204.965004082513,-0.0308789881903354,0.270817394592114,-0.114021435871367,0.909220800891797,0.997528070347704
"ENSG00000111640",1046.57827994411,0.0204637920189052,0.215830515915928,0.0948141736679923,0.924462428633078,0.997528070347704
"ENSG00000111642",637.373412302462,0.0999432520632532,0.223695749163554,0.446782079842654,0.655032411304947,0.997528070347704
"ENSG00000111652",239.1511386108,-0.150434008020746,0.254771220747533,-0.590467037757845,0.55487757821187,0.997528070347704
"ENSG00000111653",114.239033299632,-0.0307799067351998,0.305982204540546,-0.100593780548179,0.919872934066449,0.997528070347704
"ENSG00000111666",145.653307305971,-0.123744620529284,0.300171981248224,-0.412245739974495,0.68015931463431,0.997528070347704
"ENSG00000111667",255.856299375949,-0.0318431189197653,0.259924446117838,-0.122509134463362,0.90249581222952,0.997528070347704
"ENSG00000111676",686.378894921719,0.00741087551178724,0.221751191709035,0.0334197776105358,0.973339838218512,0.997528070347704
"ENSG00000111678",152.237299965007,-0.118307600646313,0.287036577209023,-0.412169075442118,0.680215501911961,0.997528070347704
"ENSG00000111684",303.351625225011,-0.163547635025963,0.245680347385699,-0.665692786445006,0.505607485213434,0.997528070347704
"ENSG00000111707",213.778033362093,-0.0650323756366316,0.262023229358449,-0.248193168963913,0.803984951412249,0.997528070347704
"ENSG00000111725",103.485805577884,0.169783181972278,0.316438737036135,0.536543608922603,0.591582905275055,0.997528070347704
"ENSG00000111726",145.043839846936,-0.147044716253629,0.302162111140285,-0.486641808593137,0.626512189909673,0.997528070347704
"ENSG00000111737",156.756081229936,-0.0086274016772083,0.28004765870976,-0.0308069052137647,0.975423533471004,0.997528070347704
"ENSG00000111790",108.09426175192,0.0950357990603403,0.329678501172081,0.28826811188011,0.773141514601754,0.997528070347704
"ENSG00000111801",119.997507363609,0.0580532882177416,0.332675982583467,0.174503995650411,0.861469390871146,0.997528070347704
"ENSG00000111802",226.603759268252,0.147457924870974,0.312588343117197,0.471732001905421,0.637118091818131,0.997528070347704
"ENSG00000111843",228.830245432923,0.20106197257137,0.268006549998589,0.750212905514543,0.453126487351917,0.997528070347704
"ENSG00000111845",145.955664983443,-0.141226873249187,0.885549315243017,-0.15947939975588,0.873291187209134,0.997528070347704
"ENSG00000111897",788.491334030636,0.018215847428749,0.221341400001424,0.0822975160933828,0.934410129592309,0.997528070347704
"ENSG00000111907",142.6800319869,0.210182151390079,0.288342787807061,0.728931536622021,0.466043542636763,0.997528070347704
"ENSG00000111911",178.997481692914,0.0463601283955731,0.277269389292531,0.167202475952587,0.867210736316669,0.997528070347704
"ENSG00000112033",186.990517573197,0.123841325891895,0.268649001121611,0.460978173657288,0.644814264493423,0.997528070347704
"ENSG00000112062",174.076634499141,0.120437859276608,0.272637722421023,0.441750533297885,0.658669737777239,0.997528070347704
"ENSG00000112078",297.421260309555,-0.0528737535359812,0.246950821961858,-0.214106408376918,0.830464078511988,0.997528070347704
"ENSG00000112081",643.731265860866,0.0944262356995861,0.222863128647056,0.423696087696621,0.671787468760626,0.997528070347704
"ENSG00000112110",114.39799374754,0.198363059215456,0.301074599157176,0.65885019782722,0.509991969017941,0.997528070347704
"ENSG00000112146",326.912534114912,0.179578847383695,0.26143671955879,0.686892215013862,0.49215065311184,0.997528070347704
"ENSG00000112210",156.134817430921,0.239577111128462,0.303495537659235,0.789392532675256,0.429882618954437,0.997528070347704
"ENSG00000112237",217.247144877296,-0.191599080609277,0.257464441537037,-0.744176863668823,0.456769483106321,0.997528070347704
"ENSG00000112249",164.569398674906,-0.170375590858375,0.274151014061597,-0.621466207015723,0.534292922239034,0.997528070347704
"ENSG00000112280",305.31422386502,0.915207073521624,1.39227018442821,0.657348755836129,0.510956693342127,0.997528070347704
"ENSG00000112308",521.553554330724,-0.112142135003152,0.223513104731187,-0.501725100807945,0.615860905412596,0.997528070347704
"ENSG00000112335",302.307196181585,0.0840125458372744,0.250056694451452,0.335973991904404,0.736890479085618,0.997528070347704
"ENSG00000112339",121.675821742991,0.0315829786799387,0.298543518037341,0.105790200663437,0.91574881189636,0.997528070347704
"ENSG00000112343",127.651022380095,0.0897684460778099,0.297936986306011,0.301300107753687,0.763185658759839,0.997528070347704
"ENSG00000112406",133.772934021525,0.0079664846019663,0.298401695975329,0.0266971827218601,0.978701260195102,0.997528070347704
"ENSG00000112419",154.803385777212,-0.118815389142216,0.291718380308593,-0.407294833518985,0.683791456920645,0.997528070347704
"ENSG00000112473",1062.40400222432,-0.183679151168213,0.21497457202379,-0.85442268561831,0.392870830748383,0.997528070347704
"ENSG00000112511",250.195188569681,0.152010260667253,0.249565307035272,0.609100128832284,0.542458072203848,0.997528070347704
"ENSG00000112514",268.060993019674,0.156892959169671,0.248234583624723,0.632035056835027,0.527363969911548,0.997528070347704
"ENSG00000112562",414.883919989487,0.107103562074418,0.281970701814606,0.379839328643578,0.70406468638666,0.997528070347704
"ENSG00000112576",116.752721325482,0.213966162496816,0.32353174912562,0.661345178873737,0.508390974268428,0.997528070347704
"ENSG00000112584",221.190117481965,-0.108828064744177,0.255987188146608,-0.425130904136693,0.670741250408005,0.997528070347704
"ENSG00000112624",196.926224785811,-0.154789122530053,0.268395694274658,-0.576719842501098,0.564128725964,0.997528070347704
"ENSG00000112640",169.400947464574,-0.087575166515957,0.280456106218477,-0.312259796004353,0.754843091607838,0.997528070347704
"ENSG00000112655",460.2170701788,0.100042278504197,0.232633255703014,0.430042893918457,0.667164439275643,0.997528070347704
"ENSG00000112659",201.973190151439,0.0371373469068276,0.265406241084541,0.139926426579389,0.8887181213033,0.997528070347704
"ENSG00000112679",128.468487118704,0.161618801761598,0.298725774645023,0.541027308251691,0.588488760273472,0.997528070347704
"ENSG00000112695",156.163187128973,0.114669180278117,0.284571555024441,0.402953767702707,0.686982235766502,0.997528070347704
"ENSG00000112697",736.726233658027,-0.140199252515157,0.221219528803751,-0.633756220679464,0.526239928218406,0.997528070347704
"ENSG00000112699",106.516605860734,0.183327073136418,0.316285622642862,0.579625060426552,0.562167489494198,0.997528070347704
"ENSG00000112739",290.708664866715,-0.0142099381210086,0.243253385190036,-0.0584161988533373,0.953417111986725,0.997528070347704
"ENSG00000112759",123.170484431114,0.254047222007137,0.300342471821534,0.845858464393586,0.397631705885682,0.997528070347704
"ENSG00000112773",124.424167188378,-0.306065778151846,0.34936781229868,-0.876056028567926,0.380999575499722,0.997528070347704
"ENSG00000112787",226.808637561542,-0.125270091814528,0.258152832460927,-0.485255538823067,0.62749508985462,0.997528070347704
"ENSG00000112855",112.679967079164,0.252959049118789,0.302158912598248,0.837172224852177,0.402495767460216,0.997528070347704
"ENSG00000112941",156.007941824725,0.0915942605158162,0.278070219647619,0.329392556426531,0.741858993282813,0.997528070347704
"ENSG00000112983",280.387936447712,0.177060999788869,0.249383081559471,0.709996037749036,0.477706593256755,0.997528070347704
"ENSG00000112992",192.586872774665,-0.253225544335454,0.282628992751398,-0.895964500564147,0.370271723265828,0.997528070347704
"ENSG00000113013",732.820761143878,0.0718730053586352,0.218819930065934,0.3284573088794,0.742565917916269,0.997528070347704
"ENSG00000113048",172.206759515602,0.145271996453476,0.27205941704753,0.533971578819109,0.593361197741554,0.997528070347704
"ENSG00000113108",152.447422613282,0.029501996378515,0.27938148317936,0.105597536539582,0.915901679380724,0.997528070347704
"ENSG00000113194",251.718257263908,-0.18092897182292,0.254940864571838,-0.70968995938247,0.477896419904075,0.997528070347704
"ENSG00000113231",230.464342193179,-0.0544462247546967,0.274538142235932,-0.198319345761096,0.842795216557788,0.997528070347704
"ENSG00000113240",131.570746021752,0.117258563995435,0.295273176479719,0.397118916771936,0.691279770911434,0.997528070347704
"ENSG00000113269",269.492989006119,0.0234305204169161,0.254266496294435,0.0921494603433087,0.926579291917879,0.997528070347704
"ENSG00000113282",374.158542202645,-0.0845777667929251,0.235889747627203,-0.358547870959575,0.719933349973505,0.997528070347704
"ENSG00000113312",111.136012231137,0.0392714760921387,0.303091033432227,0.129569903957321,0.896906715641586,0.997528070347704
"ENSG00000113328",424.773109269454,0.175743617289053,0.229807701968074,0.764742068189988,0.444425150495936,0.997528070347704
"ENSG00000113360",256.916323775263,-0.067594151129602,0.256309270138946,-0.263721055008892,0.791994870172065,0.997528070347704
"ENSG00000113369",377.730155849359,-0.0224773553090412,0.263381159008254,-0.0853415460455799,0.931989863022815,0.997528070347704
"ENSG00000113387",289.922554570981,-0.114067559813431,0.253174270942895,-0.450549573574794,0.652314217409267,0.997528070347704
"ENSG00000113391",109.619322992256,0.118902191997851,0.307130088914025,0.387139509574836,0.698652929332663,0.997528070347704
"ENSG00000113448",138.565530502551,0.20438710658925,0.299054243324319,0.683444930649574,0.494325736880996,0.997528070347704
"ENSG00000113504",406.662672428183,-0.066343177861391,0.246048195679235,-0.269634888718633,0.787441156797499,0.997528070347704
"ENSG00000113522",208.638214121752,-0.169678878407863,0.267120717217678,-0.635214221402343,0.525288709280232,0.997528070347704
"ENSG00000113552",129.073254017835,0.0371217628736503,0.301660937271932,0.12305790471037,0.902061245027049,0.997528070347704
"ENSG00000113558",482.818221552151,0.0424533935994278,0.225810527258602,0.188004492593073,0.850873129401206,0.997528070347704
"ENSG00000113575",351.870224096325,-0.0174319642231991,0.241541130947317,-0.072169754918475,0.942466814468793,0.997528070347704
"ENSG00000113583",195.927806913124,-0.230050302454315,0.268227229724741,-0.857669456939163,0.391075010007429,0.997528070347704
"ENSG00000113593",111.49258107932,0.0612521450692111,0.315201700155544,0.19432682323409,0.845919984042246,0.997528070347704
"ENSG00000113621",274.070336386112,-0.0783701911549766,0.248215302065258,-0.315734729095679,0.752203864062392,0.997528070347704
"ENSG00000113643",185.341475939477,0.113380592309633,0.271497853266119,0.417611376832871,0.676231277378305,0.997528070347704
"ENSG00000113645",400.138403531099,-0.193130666705479,0.237635817187314,-0.81271699271346,0.416380336313858,0.997528070347704
"ENSG00000113648",485.412605951292,-0.158805565970534,0.226855400068583,-0.700029912986527,0.483908623746324,0.997528070347704
"ENSG00000113649",205.71423600374,-0.0642765474853367,0.261143722257286,-0.24613476031413,0.805577915764693,0.997528070347704
"ENSG00000113712",254.167054314519,-0.188540029770501,0.255349672143798,-0.73836017954363,0.460295605739703,0.997528070347704
"ENSG00000113732",438.78042464008,0.107849412158943,0.231385856993164,0.466102006235105,0.641142487312327,0.997528070347704
"ENSG00000113758",159.896546973536,0.0844332344535784,0.285595797944401,0.295638924176383,0.76750584446187,0.997528070347704
"ENSG00000113811",104.672037392598,0.104697221349366,0.318422960755362,0.328799220700053,0.742307452152244,0.997528070347704
"ENSG00000113845",193.886419286909,0.150638943679241,0.265810888380913,0.566714721871634,0.570908017065891,0.997528070347704
"ENSG00000113971",167.811868313905,-0.0386972220755132,0.286116366158674,-0.135249942514832,0.892414261401587,0.997528070347704
"ENSG00000114021",114.817632964866,-0.114645947728045,0.300366762438187,-0.381686531483785,0.702693891421665,0.997528070347704
"ENSG00000114023",187.974828556413,-0.0236250509516383,0.284625178276163,-0.0830040795924092,0.933848295764622,0.997528070347704
"ENSG00000114030",178.6138238674,-0.133669016616024,0.270289345752678,-0.494540457167464,0.620924541492464,0.997528070347704
"ENSG00000114062",229.674262701647,-0.114171132958947,0.254418056696926,-0.448754048518469,0.653609090452526,0.997528070347704
"ENSG00000114098",141.731380211296,0.166845311233447,0.292112457391939,0.571168079318107,0.567885713762639,0.997528070347704
"ENSG00000114120",293.114159838148,-0.062907782934767,0.249846645808164,-0.251785581236374,0.801206802857204,0.997528070347704
"ENSG00000114125",130.785400514628,0.230678350073373,0.292431514300952,0.788828627532851,0.430212175166899,0.997528070347704
"ENSG00000114166",140.521626074843,-0.175437627764418,0.290550283824631,-0.603811586259911,0.54596891548186,0.997528070347704
"ENSG00000114302",227.024130756843,0.0136520650413637,0.257841459278515,0.0529475169725015,0.957773724397842,0.997528070347704
"ENSG00000114315",343.004126597436,-0.094149484702096,0.241112788389546,-0.39047901743804,0.696182368009866,0.997528070347704
"ENSG00000114316",262.605005052788,-0.108432828843426,0.258078913188852,-0.420153771974694,0.674373122999474,0.997528070347704
"ENSG00000114353",574.943284758748,0.122877771015507,0.227825282994819,0.539350898198166,0.589644754834156,0.997528070347704
"ENSG00000114354",281.836757828348,-0.0123503140323827,0.247436342932541,-0.0499130963786908,0.960191640911672,0.997528070347704
"ENSG00000114416",277.48450535811,0.0416646015641467,0.245900190895123,0.169437044406024,0.865452887500258,0.997528070347704
"ENSG00000114503",199.961745275962,0.180454514738678,0.263885516719401,0.683836373371569,0.494078495385343,0.997528070347704
"ENSG00000114520",161.253216728621,-0.248312640842661,0.280690101591366,-0.884650507569944,0.376345156749572,0.997528070347704
"ENSG00000114541",164.902276174375,-0.153875059724466,0.284145322328407,-0.541536487257819,0.58813785537929,0.997528070347704
"ENSG00000114650",321.334895587276,-0.0680477012124696,0.247835972640147,-0.274567491101357,0.783648545057102,0.997528070347704
"ENSG00000114686",138.86994672698,0.0476943038070008,0.286115902733102,0.166695745854754,0.867609453018633,0.997528070347704
"ENSG00000114735",170.713989252117,-0.188571632549485,0.282078135189184,-0.668508505357971,0.503809054527257,0.997528070347704
"ENSG00000114738",152.543973554559,-0.240390323693919,0.309285418514727,-0.777244284093117,0.437014659725035,0.997528070347704
"ENSG00000114745",266.749615101023,0.0753445711400679,0.247516180476044,0.304402609135124,0.760821180251434,0.997528070347704
"ENSG00000114770",340.766329299405,0.0911691260794711,0.242502043798046,0.375951990554752,0.70695258804988,0.997528070347704
"ENSG00000114779",183.316272203386,-0.117156741673298,0.278122419232815,-0.421241631640011,0.673578647010763,0.997528070347704
"ENSG00000114850",543.742039681861,-0.0951078351088831,0.223605862227948,-0.425336948509554,0.670591062347175,0.997528070347704
"ENSG00000114857",649.383507242158,-0.171786268654917,0.223884730999357,-0.767297831737397,0.442904457306747,0.997528070347704
"ENSG00000114861",466.722032839168,-0.166569655630523,0.23381645368094,-0.712394927765945,0.476220255580425,0.997528070347704
"ENSG00000114902",218.900404100293,-0.12011382301331,0.260392294490472,-0.461280251200771,0.644597551835291,0.997528070347704
"ENSG00000114933",103.911251776408,-0.270697116823842,0.310312487832517,-0.872337167977408,0.383024466746392,0.997528070347704
"ENSG00000114978",347.291211210755,0.0390667802997544,0.244369260318856,0.159867817452897,0.87298520036443,0.997528070347704
"ENSG00000114982",355.296573009098,0.136695939388055,0.238055418745045,0.574218978541528,0.565819628122056,0.997528070347704
"ENSG00000114999",115.602199080999,0.0788354160157552,0.304249214447373,0.259114608262667,0.795546813859412,0.997528070347704
"ENSG00000115053",1459.33292546175,0.161426360995229,0.207846053407461,0.776663104007893,0.437357560385853,0.997528070347704
"ENSG00000115073",270.603610775298,-0.0171726253725803,0.246545980548138,-0.0696528304148419,0.944469986420605,0.997528070347704
"ENSG00000115091",472.990444509071,-0.104808969988932,0.249148825495576,-0.420668127896886,0.673997437845443,0.997528070347704
"ENSG00000115112",143.259528687743,0.0225727262404095,0.374329529495529,0.0603017514296293,0.951915307047365,0.997528070347704
"ENSG00000115170",144.443551321944,0.16401762576644,0.286430267432095,0.572626724252613,0.56689746107152,0.997528070347704
"ENSG00000115204",139.065719554738,0.118935869195405,0.285491128871998,0.416600927900392,0.676970330528194,0.997528070347704
"ENSG00000115207",171.967312609028,0.0448285772095155,0.275662299978633,0.1626213566853,0.870816570630594,0.997528070347704
"ENSG00000115211",224.371139179412,-0.153931574527718,0.268706579650265,-0.572861203205623,0.566738675187538,0.997528070347704
"ENSG00000115216",313.108823240313,0.0757781132109174,0.244649150216118,0.30974198415967,0.75675717304574,0.997528070347704
"ENSG00000115233",133.666065926469,-0.068526815618724,0.302443278318033,-0.226577413126255,0.820752357258153,0.997528070347704
"ENSG00000115234",308.96054271173,0.010315441947111,0.242277595995815,0.0425769535342804,0.966038767242162,0.997528070347704
"ENSG00000115241",285.144872567412,0.0991904463088547,0.247059838248981,0.401483490849261,0.688064190536924,0.997528070347704
"ENSG00000115267",111.34974469178,-0.245647000411579,0.364524494388553,-0.673883385596961,0.500385455722353,0.997528070347704
"ENSG00000115268",238.21415545881,0.0706905985616529,0.261499487542777,0.27032786651289,0.786908028761777,0.997528070347704
"ENSG00000115275",282.413374478878,-0.142690642086627,0.246012055812541,-0.580014835514221,0.561904613364468,0.997528070347704
"ENSG00000115306",1659.0031335258,-0.12720918222657,0.214575438617652,-0.592841301157684,0.553287364513769,0.997528070347704
"ENSG00000115307",264.195160022326,0.0693866127999564,0.260341327639458,0.266521698376098,0.789837450662283,0.997528070347704
"ENSG00000115310",903.097397210915,-0.193756973360321,0.2335968821019,-0.829450169098576,0.406849722908931,0.997528070347704
"ENSG00000115365",244.808498750102,-0.137992925511747,0.258825185994837,-0.533151072533181,0.593929007457103,0.997528070347704
"ENSG00000115368",112.212107359233,0.0636512871407534,0.307168534697413,0.207219425008669,0.835838497581948,0.997528070347704
"ENSG00000115419",210.584235807072,0.252056765065178,0.28832773717854,0.87420227943279,0.382008104913304,0.997528070347704
"ENSG00000115446",126.709805421147,0.118727883516844,0.29501715435538,0.402443999489682,0.687357294104176,0.997528070347704
"ENSG00000115457",387.709956608825,0.0354822415781278,0.232956967314453,0.152312429145906,0.878940522255555,0.997528070347704
"ENSG00000115459",121.174745926242,-0.0147983100430117,0.314510092712288,-0.0470519400995794,0.962471831124807,0.997528070347704
"ENSG00000115461",1869.70594183974,0.0374694928146448,0.249571766312569,0.150135142962114,0.880657994129982,0.997528070347704
"ENSG00000115484",308.428817926627,-0.098530758262245,0.240870265328717,-0.409061525829183,0.682494510138773,0.997528070347704
"ENSG00000115486",167.64342941217,-0.173954211924863,0.279411569856882,-0.622573403148496,0.533564893598264,0.997528070347704
"ENSG00000115504",141.29158288988,-0.0466760211097972,0.297313956307839,-0.156992364870584,0.875250865437652,0.997528070347704
"ENSG00000115524",1285.95207578452,-0.05877455456102,0.210662103631872,-0.278999181854404,0.780245452631738,0.997528070347704
"ENSG00000115548",270.068627495462,0.0252483810804049,0.255208994815284,0.0989321755633231,0.921192121809702,0.997528070347704
"ENSG00000115561",277.115582844806,0.0276180869917978,0.248157606901291,0.111292526296739,0.911384381740751,0.997528070347704
"ENSG00000115568",129.010052962119,-0.122323537592444,0.296904883756389,-0.411995707328314,0.680342569591849,0.997528070347704
"ENSG00000115594",697.843069853976,-0.112020248798968,0.223920205338445,-0.500268605191991,0.616885957004838,0.997528070347704
"ENSG00000115649",268.665119422498,-0.0786613538757916,0.25043547652661,-0.314098285781142,0.753446391448204,0.997528070347704
"ENSG00000115685",264.319292833293,-0.0853774324633728,0.274598442021807,-0.310917395724309,0.75586341958145,0.997528070347704
"ENSG00000115687",209.565118525879,-0.281166956523371,0.334780435922948,-0.839854801396111,0.400989802545425,0.997528070347704
"ENSG00000115694",270.086726812129,-0.144624699357501,0.253508677690814,-0.570492105733317,0.568343974875363,0.997528070347704
"ENSG00000115738",207.021466529022,0.112374443475066,0.288095263830711,0.390060016887675,0.696492167637672,0.997528070347704
"ENSG00000115758",525.590717374303,-0.143481606342093,0.262660422360364,-0.546262756500253,0.584885333233517,0.997528070347704
"ENSG00000115806",358.648896517621,-0.11928091782403,0.240800790373538,-0.495351022889076,0.620352360472647,0.997528070347704
"ENSG00000115816",114.93566644724,-0.254639103563954,0.336363734279244,-0.757034952384483,0.449028922532499,0.997528070347704
"ENSG00000115839",284.991374119953,0.0115038481210238,0.247579019155628,0.0464653594648602,0.962939343393058,0.997528070347704
"ENSG00000115866",229.895296117476,0.0626786120539386,0.254201564565105,0.246570520370993,0.805240621549432,0.997528070347704
"ENSG00000115875",566.597600234057,0.112684860527326,0.230643778870188,0.488566659284352,0.625148522102091,0.997528070347704
"ENSG00000115904",254.919295811782,-0.148426691152351,0.255368225462774,-0.581226152483826,0.561088043904526,0.997528070347704
"ENSG00000115942",118.100581686549,-0.151136121011181,0.306845126277419,-0.492548546704108,0.622331611656398,0.997528070347704
"ENSG00000115944",271.79790726692,0.0217266354853962,0.247820633384061,0.0876708092813451,0.930138321082209,0.997528070347704
"ENSG00000115966",187.591639384575,-0.117065040896377,0.268323373147258,-0.436283427430419,0.662631104398149,0.997528070347704
"ENSG00000115970",151.606104717244,0.250776016756613,0.280307263277422,0.894646873664556,0.370975886425754,0.997528070347704
"ENSG00000115993",196.673961305679,-0.180722409844112,0.268598113657148,-0.672835737315693,0.501051799201421,0.997528070347704
"ENSG00000116001",458.97165228203,-0.142409083187112,0.234960367589804,-0.6060983162732,0.544449468990722,0.997528070347704
"ENSG00000116005",491.444763485315,-0.153426041120626,0.230198446537975,-0.66649468503392,0.5050949597717,0.997528070347704
"ENSG00000116030",139.34269171937,-0.0270053000913074,0.291326664068945,-0.0926976601253238,0.92614375595819,0.997528070347704
"ENSG00000116062",152.524464071171,-0.0742100585349594,0.284335377885269,-0.260994812136616,0.794096507961265,0.997528070347704
"ENSG00000116096",108.795428912756,-0.116446588443023,0.343589666381984,-0.33891178878926,0.73467618331126,0.997528070347704
"ENSG00000116117",111.142605043904,-0.0472277308709882,0.308517177072531,-0.153079745248302,0.878335388558415,0.997528070347704
"ENSG00000116120",114.795738814082,-0.0501692200905756,0.301608100256351,-0.166339100468238,0.867890096913928,0.997528070347704
"ENSG00000116128",245.027753703341,-0.0864187534462121,0.251040441606041,-0.344242357499631,0.730664029988322,0.997528070347704
"ENSG00000116138",149.581477756206,-0.172206637092134,0.287061158968784,-0.599895289598759,0.548576021855948,0.997528070347704
"ENSG00000116198",144.82154405644,-0.135644968745277,0.283605035706276,-0.478288294167533,0.632445026790216,0.997528070347704
"ENSG00000116199",213.229389442506,0.0225667163319376,0.26840343991135,0.0840775972893309,0.932994736338442,0.997528070347704
"ENSG00000116221",144.437541309573,0.0659755211401627,0.286072593137221,0.230625102588965,0.817606064215136,0.997528070347704
"ENSG00000116237",292.025977618594,-0.0248643357469257,0.243548624125222,-0.102091875231213,0.918683749944928,0.997528070347704
"ENSG00000116266",151.870477082215,-0.162423844652479,0.280429077675795,-0.579197585352604,0.562455859927925,0.997528070347704
"ENSG00000116285",245.820706348365,0.219928317606263,0.280039571986231,0.785347285193955,0.432249979006334,0.997528070347704
"ENSG00000116288",440.335711082488,-0.010752966717642,0.233297356638346,-0.0460912496934593,0.963237520330934,0.997528070347704
"ENSG00000116299",1381.91933611762,-0.227708772041808,0.269043636882485,-0.846363715122049,0.397349873799563,0.997528070347704
"ENSG00000116337",171.513142862812,0.062020080034341,0.273709714138856,0.226590715749597,0.82074201229512,0.997528070347704
"ENSG00000116350",386.391626489986,0.0916533623778663,0.235922145212119,0.38848986514369,0.697653552729225,0.997528070347704
"ENSG00000116459",215.736464078002,0.0934893525691672,0.266401218604223,0.350934402849182,0.72563756110867,0.997528070347704
"ENSG00000116478",594.395835925665,-0.09633838281321,0.221050179899556,-0.435821327342893,0.662966368742919,0.997528070347704
"ENSG00000116497",109.236207495545,-0.0111989483416184,0.311548378991906,-0.0359460972894659,0.971325339277456,0.997528070347704
"ENSG00000116521",151.375921441022,-0.1892815860665,0.279495830235284,-0.677225080270999,0.498263157222643,0.997528070347704
"ENSG00000116539",363.939982088809,-0.147279902784077,0.240092529547033,-0.613429760026021,0.539592213275478,0.997528070347704
"ENSG00000116560",1351.40813789292,-0.035411163618873,0.2141909639081,-0.165325198471334,0.868688026203756,0.997528070347704
"ENSG00000116580",254.111878230645,-0.133083420969965,0.250184591431908,-0.531940916937667,0.594766917047279,0.997528070347704
"ENSG00000116604",470.434950433676,0.193396912939433,0.231766691236134,0.834446537196284,0.404029402315752,0.997528070347704
"ENSG00000116667",355.455811732449,-0.0429165877565814,0.236938837408338,-0.181129392825624,0.85626601402211,0.997528070347704
"ENSG00000116679",427.17984548147,0.0658532618248496,0.242514396762008,0.271543721544395,0.785972877469665,0.997528070347704
"ENSG00000116685",134.329654760248,-0.225044074622851,0.290452697057587,-0.774804561646858,0.438455153389751,0.997528070347704
"ENSG00000116688",520.752612800572,0.170422094398637,0.232169029555475,0.734043187090622,0.462922417364578,0.997528070347704
"ENSG00000116698",299.177623582211,-0.0926636104714487,0.243329880559874,-0.380814761665277,0.703340704929768,0.997528070347704
"ENSG00000116704",108.359871820756,-0.0458342088177454,0.309188413098281,-0.148240383132262,0.882153062739454,0.997528070347704
"ENSG00000116729",457.279756439057,0.204759408828526,0.234016873185069,0.874977116144081,0.38158635716445,0.997528070347704
"ENSG00000116731",275.32862958791,-0.107936882642868,0.255048711165498,-0.423201051084039,0.672148579987355,0.997528070347704
"ENSG00000116741",310.769864865971,0.161256344866734,0.242854015413461,0.6640052650239,0.506686941315745,0.997528070347704
"ENSG00000116750",114.553358775651,-0.0607323707501827,0.31051261110846,-0.195587453061509,0.844933081612784,0.997528070347704
"ENSG00000116754",918.452552121407,-0.064273423312939,0.218480100661573,-0.294184335865439,0.768617049498313,0.997528070347704
"ENSG00000116786",211.95648022414,0.0140363961877392,0.258559133868872,0.054286986414712,0.95670651760114,0.997528070347704
"ENSG00000116791",103.145454482134,0.0720470302481315,0.311591618991259,0.231222619149306,0.817141858540652,0.997528070347704
"ENSG00000116857",264.758052830663,-0.0469457948948936,0.26681999174212,-0.175945567602995,0.860336705947192,0.997528070347704
"ENSG00000116871",298.443424890337,0.0170579442281223,0.24739617002602,0.0689499123059511,0.945029488745914,0.997528070347704
"ENSG00000116906",164.75747490777,-0.106753162003774,0.27481934117976,-0.388448504190054,0.697684155537562,0.997528070347704
"ENSG00000116977",361.571627888997,-0.193419692553872,0.243306816549733,-0.794962078320299,0.426635561449649,0.997528070347704
"ENSG00000116984",200.841339342361,-0.0125277523187348,0.27070053109819,-0.0462790090138045,0.963087869760731,0.997528070347704
"ENSG00000117000",110.880454005476,-0.203417559204394,0.307011237445056,-0.662573659834843,0.507603644508267,0.997528070347704
"ENSG00000117036",179.031902690951,-0.186011581240932,0.277350373277183,-0.67067362860562,0.502428466205727,0.997528070347704
"ENSG00000117054",107.312603243798,0.0461600912465492,0.315523518499462,0.146296832217367,0.88368706647862,0.997528070347704
"ENSG00000117114",220.450891240617,-0.0304016831442978,0.258969229863779,-0.117394962947102,0.906547075459571,0.997528070347704
"ENSG00000117139",284.019941954024,-0.212431896838071,0.245822149234216,-0.864169064910699,0.38749502336988,0.997528070347704
"ENSG00000117226",187.592989246903,-0.100280157312212,0.350714020188873,-0.285931418590586,0.774930649322657,0.997528070347704
"ENSG00000117228",140.9558124425,0.126666044875782,0.311293242496211,0.406902648641092,0.684079490568287,0.997528070347704
"ENSG00000117305",140.021399373869,-0.0948951911842696,0.293035716716902,-0.323834897149915,0.74606303451413,0.997528070347704
"ENSG00000117360",212.906493859104,0.0474982065274589,0.262805865918974,0.180734955672957,0.856575619933141,0.997528070347704
"ENSG00000117362",374.494460342506,0.0130005328665322,0.235097677136626,0.0552984318044836,0.955900711495237,0.997528070347704
"ENSG00000117394",137.633684621376,-0.0780260961671298,0.319688419313067,-0.244069198173612,0.807177227549995,0.997528070347704
"ENSG00000117395",106.615395191498,0.0566212877332352,0.313289035955514,0.180731788332597,0.856578106165869,0.997528070347704
"ENSG00000117408",163.127438374977,-0.0908811450565119,0.274106776811492,-0.331553805833164,0.740226205752104,0.997528070347704
"ENSG00000117411",106.694676599248,0.0306360918587897,0.316078604083831,0.0969255478319701,0.922785520088408,0.997528070347704
"ENSG00000117419",125.944189918339,-0.217526914236263,0.296478851732438,-0.733701284139394,0.463130815704591,0.997528070347704
"ENSG00000117448",406.77857790429,-0.201294225234045,0.250888192847232,-0.802326418591626,0.422364164275135,0.997528070347704
"ENSG00000117450",408.194552467331,0.0687372090924813,0.240044822353332,0.286351558923875,0.774608872262126,0.997528070347704
"ENSG00000117461",158.407353121238,0.107466442607564,0.290348233610778,0.370129486482865,0.711286012767177,0.997528070347704
"ENSG00000117481",106.49014151581,-0.147672559862467,0.308406842137788,-0.478823877054228,0.632063928875445,0.997528070347704
"ENSG00000117505",140.214725927001,-0.119181330527534,0.290977261079957,-0.409589842468085,0.682106849358849,0.997528070347704
"ENSG00000117523",580.096922249842,-0.152402174058523,0.229091289118019,-0.66524648163297,0.505892855012411,0.997528070347704
"ENSG00000117528",197.933256192318,-0.10587464472508,0.2650792923838,-0.399407451909851,0.689593004016294,0.997528070347704
"ENSG00000117569",105.852675842792,0.113672483506076,0.3078660426917,0.369227091472081,0.711958464241203,0.997528070347704
"ENSG00000117595",356.76376018529,0.0791039005529087,0.240565795051827,0.328824388919741,0.742288427566656,0.997528070347704
"ENSG00000117616",684.127615454399,-0.0886131158195473,0.222166533655086,-0.398858974669513,0.68999711952928,0.997528070347704
"ENSG00000117640",220.824555670795,0.0674008797253721,0.259630574558895,0.259603014166896,0.795170011059781,0.997528070347704
"ENSG00000117643",183.995625047939,0.229085575737463,0.276037253919324,0.829908182626741,0.406590698163754,0.997528070347704
"ENSG00000117676",176.7413943151,-0.0934895610433652,0.275425576556683,-0.339436744445281,0.73428074182008,0.997528070347704
"ENSG00000117682",131.831338313036,0.0346447223679546,0.292218073959859,0.118557767144525,0.905625726221436,0.997528070347704
"ENSG00000117691",113.168004043944,0.2343440293685,0.305340898157192,0.76748326471437,0.442794239548797,0.997528070347704
"ENSG00000117713",590.709090341912,-0.184585419981282,0.22046522062,-0.837254145856586,0.402449727896368,0.997528070347704
"ENSG00000117751",105.732437203325,0.165185671274371,0.308206758346045,0.535957329945715,0.591988040986204,0.997528070347704
"ENSG00000117758",214.0981720809,0.102976466250159,0.261359666297016,0.394002899181598,0.693578898779645,0.997528070347704
"ENSG00000117859",407.741473587044,-0.0991402538660568,0.230659484942037,-0.429812170485728,0.667332279005715,0.997528070347704
"ENSG00000117862",145.73605322687,-0.0118313525615463,0.292982872194021,-0.0403824034932365,0.967788258783636,0.997528070347704
"ENSG00000117868",330.700108420477,0.0363218770972725,0.259244021749136,0.140106903342289,0.888575526317469,0.997528070347704
"ENSG00000117899",242.423701311577,-0.0982443668253438,0.260115854910871,-0.377694650174275,0.705657442484411,0.997528070347704
"ENSG00000117906",210.54998643837,-0.09823551690424,0.26711268849115,-0.367768066201373,0.713046182245765,0.997528070347704
"ENSG00000117984",725.471148485383,0.0887582562758609,0.227960044405723,0.389358830435604,0.69701072245466,0.997528070347704
"ENSG00000118046",163.159583644401,0.0310203604130332,0.274409913442839,0.113043876672826,0.909995769580779,0.997528070347704
"ENSG00000118200",124.623239263817,-0.248126226923072,0.313487179045567,-0.791503587733665,0.428650183371821,0.997528070347704
"ENSG00000118503",213.53114430187,0.162216912721188,0.308812463630676,0.525292634934551,0.599379776554717,0.997528070347704
"ENSG00000118518",161.108888974794,0.209626927150196,0.278614318130732,0.752391077948245,0.451815910465088,0.997528070347704
"ENSG00000118564",452.040316952026,-0.104876024708987,0.227548212312807,-0.460895841118782,0.644873335698319,0.997528070347704
"ENSG00000118579",202.016727962546,-0.18689428237245,0.262507375539127,-0.711958214463932,0.476490651655699,0.997528070347704
"ENSG00000118640",218.090749408605,0.0928888393917526,0.28038468237701,0.331290706055235,0.740424910815711,0.997528070347704
"ENSG00000118680",603.710489394314,0.0413424274739063,0.222085333597085,0.186155595258313,0.852322745069013,0.997528070347704
"ENSG00000118762",214.189397667477,0.194181999897317,0.280080069503555,0.693308882140406,0.488115730150361,0.997528070347704
"ENSG00000118816",1510.95340662951,0.114459787251623,0.211134605660201,0.542117607361033,0.587737489904709,0.997528070347704
"ENSG00000118855",245.938947950018,0.183029346350433,0.252099351844303,0.726020693871009,0.467826084531588,0.997528070347704
"ENSG00000118898",363.823497681027,0.0540761852010497,0.234477704633243,0.230623995938687,0.817606924021984,0.997528070347704
"ENSG00000118900",219.931541811115,-0.15436750878829,0.257356071874977,-0.599820737329568,0.548625711388999,0.997528070347704
"ENSG00000119041",114.654051569971,-0.0828094973366488,0.308204266232756,-0.268683812683212,0.788173009484787,0.997528070347704
"ENSG00000119138",248.668212014014,-0.0268081042557245,0.251852506581251,-0.106443666650885,0.91523034887174,0.997528070347704
"ENSG00000119139",249.294690440693,-0.192733503330546,0.25073206799484,-0.76868310013904,0.442081459835294,0.997528070347704
"ENSG00000119185",115.605091959297,0.132494555726743,0.300081240205254,0.441528952746656,0.658830105909691,0.997528070347704
"ENSG00000119231",124.432052989787,0.00892151806360381,0.295462033240416,0.0301951420484012,0.97591142285034,0.997528070347704
"ENSG00000119242",107.729919332418,0.173898275385296,0.313774223182861,0.554214663082607,0.579431944436476,0.997528070347704
"ENSG00000119318",531.470972604351,0.0368934968598924,0.226688080015948,0.162750052218435,0.870715236352712,0.997528070347704
"ENSG00000119321",176.292842774592,0.0429470307463412,0.271116945559729,0.158407769966852,0.874135491534818,0.997528070347704
"ENSG00000119326",128.829294492381,0.0195562696407398,0.306609123792538,0.0637824126002599,0.949143482452564,0.997528070347704
"ENSG00000119335",416.133770409995,0.0319813099668793,0.2356333477752,0.135724888980444,0.892038771224269,0.997528070347704
"ENSG00000119383",534.061095398499,-0.0103118853193111,0.2264494462583,-0.0455372512041775,0.963679083514808,0.997528070347704
"ENSG00000119392",110.726054248817,-0.216214764594256,0.306132058424253,-0.706279393628925,0.480014405491191,0.997528070347704
"ENSG00000119396",402.378430237345,-0.0329814400817664,0.23150838070938,-0.142463266257169,0.886714092657917,0.997528070347704
"ENSG00000119402",369.890614662996,-0.0755517015664532,0.234009249980626,-0.322857757001948,0.746802969464274,0.997528070347704
"ENSG00000119408",181.862683120559,0.140118362820618,0.268848533487576,0.521179569041961,0.602241685415174,0.997528070347704
"ENSG00000119414",216.856710628032,0.0422056369274134,0.257375541425525,0.163984645524781,0.869743231275002,0.997528070347704
"ENSG00000119446",149.016387364922,-0.149920872796598,0.281108844480277,-0.533319657991467,0.593812322052805,0.997528070347704
"ENSG00000119487",249.986395158545,0.0786435449610086,0.251426368329491,0.312789567313589,0.754440542047764,0.997528070347704
"ENSG00000119508",243.300903967007,-0.109296001202454,0.368289049364935,-0.296766904666105,0.766644474025748,0.997528070347704
"ENSG00000119537",171.865452668823,0.0273808294633778,0.29733137255161,0.0920885987523064,0.926627646837918,0.997528070347704
"ENSG00000119596",367.642019053783,-0.143642651848364,0.234513073780161,-0.612514473214483,0.540197425202372,0.997528070347704
"ENSG00000119638",440.33333391108,-0.0440229266732635,0.228631850816464,-0.192549404276149,0.847311872819183,0.997528070347704
"ENSG00000119669",280.309734400126,0.172999592288024,0.247276177498197,0.699620942212621,0.484164060419721,0.997528070347704
"ENSG00000119688",147.457311344522,0.128944465373595,0.284110939578881,0.453852518191383,0.649934980591498,0.997528070347704
"ENSG00000119689",248.517391166601,0.0590198592354292,0.249910608325122,0.236163881281291,0.813305505413575,0.997528070347704
"ENSG00000119707",589.354913795933,-0.169896366289308,0.239793666472718,-0.708510649127746,0.478628201435047,0.997528070347704
"ENSG00000119760",184.782203702439,0.164788400926762,0.266677574648442,0.617931227040746,0.536620673578543,0.997528070347704
"ENSG00000119772",120.375962476351,-0.160501809246244,0.297399381525665,-0.539684408295897,0.589414694375538,0.997528070347704
"ENSG00000119777",490.447234736799,-0.136817484714961,0.226944849705131,-0.60286666515115,0.546597393476309,0.997528070347704
"ENSG00000119787",199.943509612373,0.0793984442831948,0.261141559430046,0.304043693606203,0.761094603196288,0.997528070347704
"ENSG00000119801",402.227165254368,0.0634309941217365,0.235339595616707,0.269529629960974,0.787522144152138,0.997528070347704
"ENSG00000119812",161.630028438968,-0.053932219809523,0.280595603129978,-0.192206218514909,0.847580675050595,0.997528070347704
"ENSG00000119820",195.650849264899,-0.0583330335056368,0.267481954058471,-0.218082127113837,0.827365122763809,0.997528070347704
"ENSG00000119862",141.409475273286,-0.237703878202626,0.310661918851052,-0.76515293242811,0.444180483240983,0.997528070347704
"ENSG00000119906",165.523286338274,-0.10178723954472,0.274698647134433,-0.370541466463455,0.710979085987624,0.997528070347704
"ENSG00000119943",115.021756050038,-0.104614926131984,0.319897408841117,-0.327026487994914,0.743647851201624,0.997528070347704
"ENSG00000119977",191.660644411219,-0.00822901346380402,0.287065900100313,-0.0286659385908547,0.977131022264169,0.997528070347704
"ENSG00000120008",290.221910253814,-0.123914987858842,0.246594018369643,-0.502506057032956,0.615311592801044,0.997528070347704
"ENSG00000120029",132.340801645067,-0.0140340607136202,0.296303570600749,-0.0473637920905459,0.962223286342616,0.997528070347704
"ENSG00000120053",110.145518342737,0.131727215022165,0.318337493317418,0.413797362193899,0.679022515950358,0.997528070347704
"ENSG00000120063",190.592988793999,-0.246690604422338,0.276630310443379,-0.891769972809364,0.372516239342301,0.997528070347704
"ENSG00000120253",163.519134979511,-0.146792390409312,0.27861148254555,-0.526871287098921,0.598282974327568,0.997528070347704
"ENSG00000120265",172.610918023273,-0.0915614549784458,0.272065638165366,-0.33654178306337,0.736462348769895,0.997528070347704
"ENSG00000120314",131.101473851251,-0.110292213975792,0.291678761898422,-0.378129052859191,0.70533472673396,0.997528070347704
"ENSG00000120438",436.835294147097,-0.0242535279669528,0.234405208110378,-0.103468383499108,0.917591241100229,0.997528070347704
"ENSG00000120451",366.736221095046,-0.18340668550753,0.234115648344419,-0.783402078436517,0.433391036021844,0.997528070347704
"ENSG00000120533",114.898287885423,-0.0437819645873782,0.306696936011297,-0.142753185463077,0.886485110892192,0.997528070347704
"ENSG00000120549",628.448322464707,-0.189792858881909,0.228827616221346,-0.829414132856768,0.406870107004131,0.997528070347704
"ENSG00000120594",214.960985023208,0.181275916305154,0.27600945108712,0.656774308238944,0.511326046254688,0.997528070347704
"ENSG00000120616",157.445324353259,-0.0812464902701635,0.276324684310688,-0.294025452242309,0.76873845446703,0.997528070347704
"ENSG00000120685",183.783008200185,-0.0598646516543787,0.271956584672709,-0.220125766494766,0.825773208167264,0.997528070347704
"ENSG00000120686",296.501295361226,-0.00836854978789689,0.243976589540586,-0.0343006261529234,0.97263742556698,0.997528070347704
"ENSG00000120690",230.794053303972,-0.0137639458905239,0.294844019722531,-0.0466821267172951,0.962766575627487,0.997528070347704
"ENSG00000120694",260.828371247167,-0.0552218481998536,0.248414391354252,-0.222297298875509,0.824082454690242,0.997528070347704
"ENSG00000120705",351.829602012938,0.167168841627774,0.238273664671956,0.701583374133788,0.482939023044572,0.997528070347704
"ENSG00000120709",242.865651036978,-0.064601745593485,0.25284743836012,-0.255496935276344,0.79833931037932,0.997528070347704
"ENSG00000120725",206.297479368416,0.0397126142651265,0.272547240347831,0.145709104280213,0.884151033905378,0.997528070347704
"ENSG00000120727",229.549803094599,-0.1049790659686,0.255577595639588,-0.410752224606729,0.681254228295932,0.997528070347704
"ENSG00000120733",423.933712830069,0.0580933794037248,0.232298233219058,0.250081021274675,0.802524692581383,0.997528070347704
"ENSG00000120738",1970.55642815115,0.039937583723677,0.267563122048389,0.149264156502309,0.881345197349094,0.997528070347704
"ENSG00000120802",114.772627810283,0.121655156693358,0.317930055980712,0.382647549059466,0.701981109517463,0.997528070347704
"ENSG00000120875",104.997138362806,0.0594359361190611,0.334340502453778,0.177770672960205,0.858903080045164,0.997528070347704
"ENSG00000120896",239.617354307344,0.179890304156653,0.264072008075541,0.681216860005826,0.495734281294417,0.997528070347704
"ENSG00000120948",547.704273556196,-0.0466613068229021,0.223316732577291,-0.208946755956822,0.834489803665609,0.997528070347704
"ENSG00000120963",119.390702238155,0.0111346500233905,0.300686523991305,0.0370307583977808,0.970460480898017,0.997528070347704
"ENSG00000121005",242.381248951969,0.206265296308939,0.272060699012239,0.75815910588269,0.448355739282382,0.997528070347704
"ENSG00000121022",186.833569356138,-0.0411196286454037,0.270389124121521,-0.152075749270608,0.879127190998069,0.997528070347704
"ENSG00000121039",133.255538859251,0.0114402448759472,0.328596202740665,0.0348155115017445,0.972226851740291,0.997528070347704
"ENSG00000121057",421.897895202487,-0.0664288993339009,0.24207556287073,-0.274413900131565,0.783766562106922,0.997528070347704
"ENSG00000121060",237.713065673498,-0.195225643275117,0.275123727597938,-0.709592171419025,0.477957075683521,0.997528070347704
"ENSG00000121064",274.498169358489,0.206004184099457,0.267251568383367,0.770824977176365,0.440810680332027,0.997528070347704
"ENSG00000121067",345.740552581683,0.174857495507182,0.263108841382787,0.664582362904288,0.506317653106955,0.997528070347704
"ENSG00000121073",154.196901633114,-0.106388038130158,0.285787183105754,-0.372263153910542,0.709696929281555,0.997528070347704
"ENSG00000121089",170.259745511142,0.245069745243609,0.280911996647014,0.87240754460037,0.382986086111561,0.997528070347704
"ENSG00000121210",118.743739917233,-0.140192506825577,0.34163840481211,-0.410353475636553,0.681546669575218,0.997528070347704
"ENSG00000121390",109.511277336354,-0.165578828166354,0.313313211773853,-0.528477006216604,0.597168302237593,0.997528070347704
"ENSG00000121413",163.614571478283,0.165799117679022,0.302968390934001,0.547248896717875,0.584207747421175,0.997528070347704
"ENSG00000121440",335.699385869442,0.0792135998026412,0.244823146006557,0.323554374227835,0.746275435297194,0.997528070347704
"ENSG00000121579",336.880824476367,-0.0560502935941415,0.237098664121644,-0.236400714452718,0.813121741848621,0.997528070347704
"ENSG00000121644",104.804725937489,0.20842655543531,0.319927360443887,0.65148087098936,0.514736121394341,0.997528070347704
"ENSG00000121671",271.001481095728,-0.0247930766443463,0.255656305482329,-0.0969781543137411,0.922743742996189,0.997528070347704
"ENSG00000121749",199.426990169778,-0.155665142866746,0.265517215791223,-0.586271373789734,0.557693164774026,0.997528070347704
"ENSG00000121774",386.810228389727,0.0636143741439242,0.236675722767106,0.268782845152742,0.788096795298482,0.997528070347704
"ENSG00000121848",181.563151066516,0.189905775229724,0.278339124236473,0.682282003116395,0.49506065067143,0.997528070347704
"ENSG00000121858",775.322042170301,0.0803271258143331,0.237866004380716,0.337699058860743,0.735589984061184,0.997528070347704
"ENSG00000121940",130.509644614727,-0.214993975961195,0.302459679825624,-0.710818632371576,0.477196632966133,0.997528070347704
"ENSG00000121966",195.688424522245,0.273370142382236,0.312986382933208,0.873425034726105,0.382431450453873,0.997528070347704
"ENSG00000122034",171.209859950135,0.0524821623192335,0.281837728791668,0.186214111731037,0.852276857945372,0.997528070347704
"ENSG00000122068",220.200411692506,0.0173511244029535,0.260492657493526,0.0666088809178229,0.946893075499882,0.997528070347704
"ENSG00000122085",235.303757923455,0.0900499589275042,0.289099301706202,0.311484525891445,0.75543230475845,0.997528070347704
"ENSG00000122203",275.520653873059,0.062804843765829,0.248449882786613,0.252786771567006,0.800432990545706,0.997528070347704
"ENSG00000122257",235.239842319436,-0.0927795229738531,0.264811508471235,-0.350360615025654,0.726068080118358,0.997528070347704
"ENSG00000122299",254.226720364431,-0.170617870364396,0.249824141563853,-0.682951892864957,0.494637241579119,0.997528070347704
"ENSG00000122359",732.674376038902,-0.0342554210991634,0.217988486826243,-0.157143258333951,0.87513194584831,0.997528070347704
"ENSG00000122378",215.003361414164,-0.180664735007766,0.280806593263091,-0.643377824246808,0.519978969122239,0.997528070347704
"ENSG00000122497",123.507286829857,-0.121158647239504,0.295832106406474,-0.409552055425086,0.682134573421733,0.997528070347704
"ENSG00000122515",494.013375698697,0.0121149725398396,0.226267504020806,0.0535426975794351,0.957299511670697,0.997528070347704
"ENSG00000122545",247.581967687365,0.181498985770945,0.257057784840073,0.706062980679087,0.480148971945474,0.997528070347704
"ENSG00000122550",106.316586902601,-0.0639540082862868,0.308089120633784,-0.207582819395648,0.835554720292245,0.997528070347704
"ENSG00000122557",107.074201033473,-0.123929610362985,0.329520857066162,-0.376090337547592,0.706849737428378,0.997528070347704
"ENSG00000122566",2784.11114100101,0.027293891627181,0.208617785321252,0.130832045720124,0.895908172055137,0.997528070347704
"ENSG00000122641",109.757858580285,0.379446522157356,0.442588609126225,0.857334586415302,0.391259999263613,0.997528070347704
"ENSG00000122642",301.830465591691,0.154619836984208,0.252611803384492,0.612084767665692,0.540481675003736,0.997528070347704
"ENSG00000122692",153.512281465037,0.167227594077574,0.282174965868101,0.592637952708185,0.553423473988217,0.997528070347704
"ENSG00000122694",149.024603589365,0.253740669497611,0.313862409239946,0.808445554573015,0.418834136594191,0.997528070347704
"ENSG00000122729",186.382074672086,0.0609138162580778,0.272503184447581,0.223534328164137,0.82311966893943,0.997528070347704
"ENSG00000122741",132.656017872336,-0.138399822047057,0.289535844453907,-0.478005831395737,0.632646054568437,0.997528070347704
"ENSG00000122877",152.891431463122,0.0272307172101499,0.331219650099493,0.0822134713383407,0.934476961131923,0.997528070347704
"ENSG00000122882",110.557383798932,-0.226856681669167,0.313522706165545,-0.723573371905585,0.46932769399852,0.997528070347704
"ENSG00000122912",232.672348565949,-0.146092111924258,0.2783130839097,-0.524920028451332,0.599638785648271,0.997528070347704
"ENSG00000122958",150.800260680705,0.0842093268435926,0.286861177199252,0.293554281781049,0.769098515062476,0.997528070347704
"ENSG00000122965",128.847347999949,0.0154214538475507,0.294342461881657,0.0523928955033035,0.958215634911076,0.997528070347704
"ENSG00000123064",156.181140840394,0.0511604394960942,0.279486974660767,0.183051247945244,0.854757807842878,0.997528070347704
"ENSG00000123091",330.058638282104,-0.0484007298890086,0.244973448203578,-0.197575411718851,0.843377274162983,0.997528070347704
"ENSG00000123095",154.458729739935,0.202102768859505,0.312043793778793,0.647674374202665,0.51719558195616,0.997528070347704
"ENSG00000123104",181.102271254118,-0.224187729867606,0.286369686225589,-0.782861247719498,0.433708596208336,0.997528070347704
"ENSG00000123130",104.772449695069,0.0708554123777277,0.318448652795807,0.222501843721603,0.823923238158792,0.997528070347704
"ENSG00000123131",174.776024022255,-0.0800130686213873,0.282140914748774,-0.283592575336452,0.776722627634586,0.997528070347704
"ENSG00000123136",103.861916634175,0.132691154714728,0.310605973807525,0.427200910169723,0.669232998455613,0.997528070347704
"ENSG00000123143",302.599168691257,0.0817243594773795,0.242626937113416,0.336831352897875,0.736244036555529,0.997528070347704
"ENSG00000123159",205.852287366815,0.114485776782207,0.262437969581703,0.436239378641303,0.662663059904367,0.997528070347704
"ENSG00000123200",352.083552441427,-0.0770599644659213,0.236698494036658,-0.32556170152053,0.744755992526712,0.997528070347704
"ENSG00000123384",1281.61636366112,-0.0792586727025534,0.278680964628591,-0.284406481828368,0.776098892234279,0.997528070347704
"ENSG00000123416",102.604242828482,0.0365857276771173,0.326469632608862,0.112064719112635,0.910772091239094,0.997528070347704
"ENSG00000123472",168.188581201579,-0.0454157761686468,0.279302930693969,-0.162604008686213,0.870830230528475,0.997528070347704
"ENSG00000123562",818.254055024935,0.151009270513737,0.219082078628112,0.689281713316555,0.49064600340876,0.997528070347704
"ENSG00000123643",238.451520953575,-0.223152008576406,0.263330634094789,-0.847421377096903,0.396760293333941,0.997528070347704
"ENSG00000123684",200.921662743264,-0.265145476311221,0.297867737911436,-0.890144995796946,0.373388034908256,0.997528070347704
"ENSG00000123989",337.444508532656,0.0187627809574178,0.244551984527711,0.0767230778914075,0.938843845148098,0.997528070347704
"ENSG00000123992",231.178214428775,-0.154858126371641,0.268764819289928,-0.576184512469948,0.564490472402504,0.997528070347704
"ENSG00000124006",437.009568779507,-0.0985138458785953,0.233301253214939,-0.422260251589112,0.672835067514009,0.997528070347704
"ENSG00000124098",454.969438852086,-0.0107321335991286,0.248990896923911,-0.0431025139140255,0.965619815349868,0.997528070347704
"ENSG00000124126",128.021882355465,-0.0176432203414427,0.299084656039501,-0.0589907238140377,0.952959496570179,0.997528070347704
"ENSG00000124155",317.037476053052,-0.186109129394826,0.246201323836117,-0.755922537275668,0.449695640609936,0.997528070347704
"ENSG00000124160",157.443469607808,-0.0701078998741754,0.282532226894378,-0.248141249742758,0.804025120761034,0.997528070347704
"ENSG00000124164",273.411418281052,-0.149033581183819,0.247781079373458,-0.601472806400985,0.547525118761066,0.997528070347704
"ENSG00000124177",367.418013360336,-0.140179642207095,0.238208152532755,-0.588475418312225,0.556213228759462,0.997528070347704
"ENSG00000124181",431.239344002785,0.0414211827283764,0.229442507473096,0.180529681202309,0.856736754944473,0.997528070347704
"ENSG00000124193",1359.89668782268,-0.0807866248541671,0.209993743204539,-0.384709675732953,0.700452525736323,0.997528070347704
"ENSG00000124201",289.198660231174,-0.138492189294562,0.259579794627285,-0.53352453527215,0.593670531604912,0.997528070347704
"ENSG00000124209",127.774688941174,-0.00996829517731675,0.293921191425351,-0.0339148570029135,0.972945045828675,0.997528070347704
"ENSG00000124214",406.561995424319,-0.0455515890526271,0.2326072809511,-0.195830452367496,0.844742873988444,0.997528070347704
"ENSG00000124226",256.51536526891,0.0214691288220368,0.252903073405151,0.0848907391000475,0.932348254338228,0.997528070347704
"ENSG00000124228",189.394758491404,-0.121173047911255,0.265412536912899,-0.456546059657387,0.647997357387784,0.997528070347704
"ENSG00000124275",136.244659196066,-0.0677822689327625,0.300238555500837,-0.225761374383423,0.821387020262681,0.997528070347704
"ENSG00000124299",129.732831632092,-0.139988306030569,0.298577044255247,-0.468851536727305,0.639175759206017,0.997528070347704
"ENSG00000124333",143.244284264695,0.0220670137244404,0.284781041920098,0.0774876500754985,0.93823561554614,0.997528070347704
"ENSG00000124356",182.533757489803,-0.202447186583151,0.273890494253712,-0.739153752432234,0.459813639966836,0.997528070347704
"ENSG00000124357",247.229641915309,0.120817140571201,0.251331086343193,0.480709101007208,0.630723261926616,0.997528070347704
"ENSG00000124383",131.385783213193,-0.15794288184813,0.290906870018009,-0.54293280127194,0.587176070717041,0.997528070347704
"ENSG00000124422",901.656108355727,-0.146797809099005,0.221362949830999,-0.663154377058486,0.507231687522443,0.997528070347704
"ENSG00000124486",415.400653833654,-0.205812288466034,0.237679004407763,-0.865925406322141,0.38653106950445,0.997528070347704
"ENSG00000124535",143.205503974189,-0.0894296162955326,0.283823496251215,-0.315088840341737,0.752694201408744,0.997528070347704
"ENSG00000124541",108.168319360152,0.102205173419105,0.307693090078679,0.332165968995178,0.739763939054255,0.997528070347704
"ENSG00000124570",500.186873510872,-0.0731115979303553,0.229915407678833,-0.317993468417237,0.750489891412938,0.997528070347704
"ENSG00000124571",188.756421885458,-0.0224157230144905,0.266436478937143,-0.0841315840229925,0.932951813235993,0.997528070347704
"ENSG00000124574",111.39960420932,0.0154004329975313,0.309435766170562,0.049769401863657,0.960306150229058,0.997528070347704
"ENSG00000124587",157.645441608263,-0.0366109086649962,0.293685524274103,-0.124660242466791,0.900792533718515,0.997528070347704
"ENSG00000124702",229.206743184144,-0.0982455962438532,0.254680267298828,-0.385760535301219,0.699674025488502,0.997528070347704
"ENSG00000124766",313.366049994536,-0.105764264303286,0.262220068315126,-0.403341609141002,0.686696935781778,0.997528070347704
"ENSG00000124782",299.516572806448,-0.148336885310636,0.251417829220628,-0.590001456024289,0.555189673350228,0.997528070347704
"ENSG00000124783",624.723677661901,-0.0751883938435437,0.235497130593044,-0.31927520158823,0.749517835674393,0.997528070347704
"ENSG00000124788",230.242438547911,-0.155850471666927,0.256144484763173,-0.608447501069656,0.542890715149578,0.997528070347704
"ENSG00000124789",156.702776798244,0.125953570268517,0.27848279141469,0.452284931606273,0.651063729841109,0.997528070347704
"ENSG00000124831",503.65794401635,-0.109546248592144,0.228997747969888,-0.478372602190604,0.632385030323547,0.997528070347704
"ENSG00000124839",116.627107115549,0.0450035334782358,0.307827075271135,0.146197450106026,0.883765518454463,0.997528070347704
"ENSG00000124942",3701.10407406462,0.182952952216735,0.20618531090395,0.887322920409021,0.374905068920602,0.997528070347704
"ENSG00000125037",168.069130545007,0.0953426416674972,0.276281308573047,0.345092623746168,0.730024738628307,0.997528070347704
"ENSG00000125124",223.525802022512,-0.02663709223177,0.25776294236322,-0.103339494760403,0.917693531108866,0.997528070347704
"ENSG00000125144",141.978817331363,0.229324208323992,0.97076572416592,0.236230227968779,0.813254024663255,0.997528070347704
"ENSG00000125166",374.489030351456,-0.118982487915222,0.243685158705552,-0.488263169358581,0.625363445676401,0.997528070347704
"ENSG00000125266",280.824391249628,-0.0744848291156179,0.263878881826338,-0.282269003870636,0.777737250927049,0.997528070347704
"ENSG00000125347",197.809381788926,0.0892138780111956,0.290889115405571,0.306693765034177,0.759076476011352,0.997528070347704
"ENSG00000125356",208.68220579694,0.201086293159052,0.268439166620581,0.749094462222321,0.453800272562495,0.997528070347704
"ENSG00000125386",162.034813574046,-0.036018359078373,0.278149901919276,-0.129492618296253,0.896967865522489,0.997528070347704
"ENSG00000125445",113.780901531136,0.0290273172085112,0.302123786417281,0.0960775632820247,0.923458970765049,0.997528070347704
"ENSG00000125447",180.957375131394,0.224699183133328,0.273836816623588,0.820558703186344,0.411897678692213,0.997528070347704
"ENSG00000125450",122.404565781126,0.0981209971009199,0.308304587285146,0.318259932377099,0.750287774694342,0.997528070347704
"ENSG00000125484",124.013169986617,-0.194739530017046,0.294488805663314,-0.661279906984613,0.50843282473573,0.997528070347704
"ENSG00000125505",194.750414197938,-0.0941419015598404,0.269790706294472,-0.348944197718531,0.727131203148864,0.997528070347704
"ENSG00000125520",153.613410748703,-0.197325175362736,0.298514057667289,-0.661024733323167,0.508596452118949,0.997528070347704
"ENSG00000125629",115.528429053295,0.209192929068148,0.303915240450278,0.688326550383619,0.491247165738631,0.997528070347704
"ENSG00000125633",164.445990253714,0.193933461309625,0.279760133906924,0.693213356032158,0.488175667674325,0.997528070347704
"ENSG00000125651",224.545996738657,-0.0403092511681745,0.267573512655302,-0.150647389452567,0.880253876577936,0.997528070347704
"ENSG00000125686",153.032736536831,0.0328529254654754,0.296624322060437,0.110756006915649,0.911809832036777,0.997528070347704
"ENSG00000125734",204.959166062549,0.0102632372438107,0.275069211839714,0.0373114721751966,0.970236658390034,0.997528070347704
"ENSG00000125740",1062.98391038126,0.00995896687275141,0.322459625901125,0.0308843838819223,0.975361743839888,0.997528070347704
"ENSG00000125743",184.470071124517,0.251638324667077,0.279040179484385,0.901799608687389,0.367163327703939,0.997528070347704
"ENSG00000125746",170.196886356938,-0.0240900665087191,0.275479837055571,-0.0874476577531137,0.930315689029854,0.997528070347704
"ENSG00000125753",199.054865499846,0.0122222288538985,0.26758654674136,0.0456757972429463,0.963568654672854,0.997528070347704
"ENSG00000125755",395.837808515577,-0.0135226880962097,0.234559864818622,-0.057651329679382,0.954026362459761,0.997528070347704
"ENSG00000125772",184.508963049204,0.0411420234848326,0.285378294726321,0.144166617591881,0.885368900829191,0.997528070347704
"ENSG00000125779",108.785568555184,0.148329256649788,0.312943144306428,0.473981486248974,0.635513109495226,0.997528070347704
"ENSG00000125817",209.087868905096,0.1433507783234,0.26099704121662,0.549242924958766,0.582838750117868,0.997528070347704
"ENSG00000125826",315.926595602477,-0.150449886567935,0.259835218591641,-0.579020378312854,0.562575422972887,0.997528070347704
"ENSG00000125827",327.288656874107,-0.0876500238367684,0.241292036383661,-0.363252866320885,0.716415999167912,0.997528070347704
"ENSG00000125834",176.332504691908,-0.140691458827685,0.269967436179829,-0.521142330417837,0.602267624497075,0.997528070347704
"ENSG00000125835",170.647880725366,0.0460012168048383,0.272773174658639,0.168642744516231,0.866077656801605,0.997528070347704
"ENSG00000125844",1017.82666514036,-0.088812245775338,0.212403991420158,-0.418128892877808,0.67585288131155,0.997528070347704
"ENSG00000125863",119.860187639699,0.0245335167259651,0.319246261015284,0.076848250776508,0.938744265631169,0.997528070347704
"ENSG00000125875",267.122605577745,-0.0082108309951094,0.250993309319952,-0.032713346094189,0.973903180943993,0.997528070347704
"ENSG00000125901",159.83871691492,-0.132368597503067,0.282468974968411,-0.468612871618451,0.639346375144547,0.997528070347704
"ENSG00000125912",182.441326115803,-0.1204407586638,0.268283163225073,-0.448931484242109,0.653481083170281,0.997528070347704
"ENSG00000125944",375.308784784126,0.122100085187562,0.233940341933338,0.521928300944155,0.601720252642203,0.997528070347704
"ENSG00000125952",188.665031916832,0.0603536664374267,0.268832111930279,0.224503189012923,0.822365785771142,0.997528070347704
"ENSG00000125970",256.844602508532,0.0511092951921979,0.249711065305731,0.204673730135358,0.837827046209615,0.997528070347704
"ENSG00000125971",279.196599167703,0.0800240506342734,0.247122391314548,0.323823552404911,0.746071623928908,0.997528070347704
"ENSG00000125977",119.70748221121,0.157843330474734,0.30195471970421,0.522738411339803,0.601156304055335,0.997528070347704
"ENSG00000125991",651.665925068576,0.0862043384982042,0.225258586013619,0.38269057807631,0.701949201237387,0.997528070347704
"ENSG00000126001",165.084980680358,-0.00997411130588183,0.278345473418832,-0.0358335674849419,0.97141506726404,0.997528070347704
"ENSG00000126012",407.084983615354,-0.0567058489278472,0.233902752054405,-0.24243344052086,0.808444325280181,0.997528070347704
"ENSG00000126067",195.596144452281,-0.0456836748182283,0.267564262605773,-0.170739075440498,0.864428936182535,0.997528070347704
"ENSG00000126070",130.868312119588,-0.1289592288767,0.30048719962689,-0.429167129371323,0.667801602372155,0.997528070347704
"ENSG00000126088",134.650250049483,0.10649575676315,0.289645366396236,0.367676369514103,0.713114562567217,0.997528070347704
"ENSG00000126107",155.034585652066,0.112593556944356,0.290176078117466,0.388018053296514,0.698002673652877,0.997528070347704
"ENSG00000126214",124.489378289452,-0.198858689639441,0.294615375955112,-0.674977295379652,0.499690190079742,0.997528070347704
"ENSG00000126226",195.044236528511,-0.0980009344627476,0.26852432503674,-0.364961105290327,0.71514044006987,0.997528070347704
"ENSG00000126247",886.577410576434,-0.0278351900085689,0.215919003960362,-0.128914961156818,0.897424938164504,0.997528070347704
"ENSG00000126254",106.283325055648,-0.0897604566210917,0.308111245141268,-0.291324831652726,0.770802897752667,0.997528070347704
"ENSG00000126261",176.261873559917,0.0111605787257358,0.268905554257033,0.0415037121734868,0.966894333519303,0.997528070347704
"ENSG00000126267",227.525568234961,0.0346311826965899,0.254434938330485,0.136110169946895,0.891734187896236,0.997528070347704
"ENSG00000126351",189.196777904717,0.242720692965064,0.27747712687593,0.874741264974945,0.381714701954145,0.997528070347704
"ENSG00000126432",235.44265137077,-0.0500224055871993,0.266928567856726,-0.187399969920226,0.851347046185151,0.997528070347704
"ENSG00000126457",263.617316877659,0.0913269527984905,0.254222387595535,0.359240402319684,0.719415254440616,0.997528070347704
"ENSG00000126461",208.740839066263,-0.078253110388886,0.259779177104641,-0.301229341246874,0.763239617206886,0.997528070347704
"ENSG00000126464",178.516722982676,-0.0275711771281914,0.275229953569556,-0.100175060056549,0.92020534559233,0.997528070347704
"ENSG00000126524",235.888543250948,0.216062517335137,0.272653618290547,0.79244324241791,0.428102273865351,0.997528070347704
"ENSG00000126581",212.050736501674,0.0071127197531239,0.265989290613825,0.0267406245443561,0.978666611005875,0.997528070347704
"ENSG00000126602",146.142849862503,0.0528856620804522,0.288933381199935,0.183037563402397,0.854768545135317,0.997528070347704
"ENSG00000126653",127.328835692843,0.06320469491777,0.293066720450909,0.215666571832258,0.829247659819648,0.997528070347704
"ENSG00000126709",650.738909156933,-0.591691717366706,0.684530919491426,-0.864375443853296,0.387381678015865,0.997528070347704
"ENSG00000126746",189.528075971835,0.0420809704331456,0.271264403903885,0.155128980535374,0.876719635574275,0.997528070347704
"ENSG00000126775",143.89151226756,0.116246880015341,0.282489885871496,0.411508113491261,0.680699993172706,0.997528070347704
"ENSG00000126777",702.123195020807,-0.00801411572518101,0.226944160963661,-0.0353131611368677,0.971830028807251,0.997528070347704
"ENSG00000126804",215.822376187915,-0.166734884090932,0.264301274072842,-0.630851609307715,0.528137554762896,0.997528070347704
"ENSG00000126858",118.711914533017,-0.161800225033237,0.301589010268376,-0.536492443439022,0.591618257028975,0.997528070347704
"ENSG00000126883",245.948990879365,-0.0195635877696913,0.254530733582447,-0.0768613970279322,0.93873380737249,0.997528070347704
"ENSG00000126934",153.951338928328,-0.147199268942037,0.300894363458226,-0.489205803825147,0.624696001003883,0.997528070347704
"ENSG00000126945",360.116984426685,0.0908433033432452,0.236596043081791,0.383959520877704,0.70100844981986,0.997528070347704
"ENSG00000127022",3140.34311897682,-0.118720638706305,0.202494416493276,-0.586290924768525,0.557680028581545,0.997528070347704
"ENSG00000127125",140.074239878846,0.0797606549742625,0.293304366731847,0.271938177610508,0.785669555503004,0.997528070347704
"ENSG00000127324",206.78365413229,0.175491188900332,0.319440284809949,0.549370875388307,0.582750957051104,0.997528070347704
"ENSG00000127415",119.404548843277,-0.2273451299242,0.303388651678043,-0.749352781215625,0.453644602955441,0.997528070347704
"ENSG00000127419",131.469607699277,-0.0160598938379517,0.296166098180832,-0.0542259696048867,0.956755130366669,0.997528070347704
"ENSG00000127445",117.565402950257,-0.158834476850859,0.308061788993466,-0.515592918452562,0.606138757314519,0.997528070347704
"ENSG00000127463",269.780102631178,-0.136603566878736,0.256950586638933,-0.531633605766744,0.594979784699005,0.997528070347704
"ENSG00000127481",796.997648872128,-0.157515612549689,0.216018080833249,-0.729177909284732,0.465892842271357,0.997528070347704
"ENSG00000127483",547.301714191185,0.0615430732340581,0.224489156119941,0.27414719845611,0.783971503581413,0.997528070347704
"ENSG00000127511",363.00241522545,0.0357956844815001,0.23694667484341,0.151070634374406,0.879919996980172,0.997528070347704
"ENSG00000127527",116.379221827902,0.0110859211880002,0.300351418254103,0.0369098346611477,0.970556898166235,0.997528070347704
"ENSG00000127663",385.3467355264,0.0293549143528847,0.233693397311964,0.125612938536291,0.900038320614006,0.997528070347704
"ENSG00000127804",142.850426002366,0.153885008575369,0.285998930047338,0.53806148348142,0.590534602338499,0.997528070347704
"ENSG00000127837",322.141753302803,0.0115046327565688,0.24347157285648,0.0472524682105311,0.962312010607034,0.997528070347704
"ENSG00000127838",422.764954482502,-0.036128971916223,0.27763644767107,-0.130130507789189,0.896463173609652,0.997528070347704
"ENSG00000127863",324.015486252706,-0.389344964199603,0.69231389812533,-0.562382129340296,0.573855692148202,0.997528070347704
"ENSG00000127884",362.17767334122,-0.218688824994895,0.268835404627141,-0.813467353000633,0.415950156766856,0.997528070347704
"ENSG00000127946",175.182838181104,0.0182215180491789,0.299405518199256,0.0608589920411968,0.95147150848635,0.997528070347704
"ENSG00000127947",207.116631062561,0.0765970634088496,0.277027919621018,0.276495825812924,0.782167265257638,0.997528070347704
"ENSG00000127948",225.077414312588,-0.0822021098402939,0.260218580897877,-0.315896388169738,0.752081153485478,0.997528070347704
"ENSG00000128016",1174.59126218739,-0.088858435062882,0.257521999721149,-0.345051821433121,0.730055412462969,0.997528070347704
"ENSG00000128050",217.759835340826,0.166103114865369,0.257691275978633,0.644581832406082,0.519198211307793,0.997528070347704
"ENSG00000128159",410.959468068007,-0.0699265173554477,0.230974517677871,-0.302745593143616,0.762083748975173,0.997528070347704
"ENSG00000128191",179.28079455603,0.176865508605772,0.281390640608249,0.628540836409708,0.529649703891618,0.997528070347704
"ENSG00000128272",625.694915776432,0.0520168284101096,0.225017173641462,0.231168259596898,0.817184087377996,0.997528070347704
"ENSG00000128284",151.21890508765,0.226781602075196,0.382157180956955,0.593424939725888,0.552896802372165,0.997528070347704
"ENSG00000128335",222.442489535613,-0.0898445178143381,0.271942122385751,-0.330381027500011,0.741112075330786,0.997528070347704
"ENSG00000128463",170.748127210162,0.19285625759798,0.272970100352936,0.706510556828851,0.479870689988444,0.997528070347704
"ENSG00000128487",130.687703783758,0.0484731726735807,0.320539076335456,0.151223910756053,0.879799089139848,0.997528070347704
"ENSG00000128524",115.895347016867,0.0256650605736879,0.299368270343187,0.0857307307292994,0.931680472464394,0.997528070347704
"ENSG00000128590",184.5856551184,-0.190699111893953,0.276109047817856,-0.690665928556437,0.489775505538209,0.997528070347704
"ENSG00000128595",754.457706766716,0.117415266919282,0.235925602637719,0.49767920737107,0.618710165706846,0.997528070347704
"ENSG00000128602",153.73645609057,-0.151494569328348,0.280554810262833,-0.539982077606948,0.589209392418712,0.997528070347704
"ENSG00000128607",202.406453297273,-0.135584324719401,0.267929044847516,-0.506045639048073,0.612824611022864,0.997528070347704
"ENSG00000128609",152.873194101276,0.0142326400248512,0.282724523851285,0.0503410168703217,0.959850638452144,0.997528070347704
"ENSG00000128641",201.796459816605,-0.0200210434411709,0.283554815121837,-0.0706073124964154,0.943710290410521,0.997528070347704
"ENSG00000128699",223.370527074139,-0.0318528168113578,0.261339675000309,-0.121882820935321,0.902991821090779,0.997528070347704
"ENSG00000128708",143.060338332347,0.0131747185154311,0.284048669465161,0.046381905397543,0.963005858391235,0.997528070347704
"ENSG00000128731",427.562692347865,-0.164826579788267,0.230092205653032,-0.716350122858216,0.473775184476828,0.997528070347704
"ENSG00000128789",111.873653110306,0.263373394051797,0.303442561976551,0.867951391974306,0.385420943157577,0.997528070347704
"ENSG00000128791",306.586532886114,-0.0566717945973652,0.260343156557789,-0.217681138028245,0.827677560950501,0.997528070347704
"ENSG00000128908",151.23047337214,0.0710654337612444,0.287326981694655,0.247332963100438,0.804650550212306,0.997528070347704
"ENSG00000128915",123.283591883225,-0.0997729548867532,0.304814083493431,-0.32732396660702,0.743422867230616,0.997528070347704
"ENSG00000128951",114.77891422001,0.0446766114581241,0.30280652345039,0.147541773370822,0.882704410110007,0.997528070347704
"ENSG00000128989",295.951378237185,-0.119669232405851,0.252654971710717,-0.473646853634327,0.635751758045147,0.997528070347704
"ENSG00000129003",255.657313672097,-0.0759862505377359,0.265449378509899,-0.286255145761821,0.774682709750143,0.997528070347704
"ENSG00000129055",168.135034816071,-0.0719205514223822,0.27432030826786,-0.262177276908552,0.793184771215463,0.997528070347704
"ENSG00000129071",112.160012182952,-0.0766754885551867,0.307019552173346,-0.249741386215999,0.802787350506937,0.997528070347704
"ENSG00000129084",123.40631716056,-0.100569458543552,0.297486702725017,-0.338063710486292,0.735315177022285,0.997528070347704
"ENSG00000129103",446.821254956095,-0.0558062541253459,0.252627078647003,-0.220903691022466,0.825167423394856,0.997528070347704
"ENSG00000129128",422.799714696567,-0.0623209127094599,0.235427082211234,-0.264714289129843,0.791229568937027,0.997528070347704
"ENSG00000129187",225.844728523304,-0.0394988850562963,0.258817555892521,-0.152612850855832,0.878703590202817,0.997528070347704
"ENSG00000129197",185.796374646022,-0.14555625570388,0.275391172906756,-0.528543649992602,0.597122059301339,0.997528070347704
"ENSG00000129245",136.874471924735,-0.0698339194322077,0.28873750041458,-0.241859541389454,0.808889000789892,0.997528070347704
"ENSG00000129250",643.251231264183,0.104545410371209,0.220993863890657,0.473069290389603,0.636163745399466,0.997528070347704
"ENSG00000129255",153.476475636743,-0.185932220734165,0.286812765518758,-0.648270380845389,0.516810087677993,0.997528070347704
"ENSG00000129347",119.667110063298,0.157225961290747,0.305596289377072,0.514489104600178,0.606910075969397,0.997528070347704
"ENSG00000129351",1057.23948531721,0.105961394015474,0.212180658730782,0.499392332219682,0.617503019945347,0.997528070347704
"ENSG00000129422",364.997228737984,-0.0798750390114025,0.242141608354831,-0.329869118959327,0.741498858145514,0.997528070347704
"ENSG00000129472",130.087133424729,0.223585319031079,0.300181888457135,0.744832808469078,0.456372798487736,0.997528070347704
"ENSG00000129473",505.972596807933,0.108742330919681,0.224634275883267,0.484086101696206,0.628324764413058,0.997528070347704
"ENSG00000129515",124.747728875505,0.0688430548366096,0.295232048233731,0.233182864964943,0.815619410913615,0.997528070347704
"ENSG00000129518",128.912670315726,0.109958593254084,0.297239873007966,0.369932176801654,0.711433025870061,0.997528070347704
"ENSG00000129562",199.829837649408,0.111653071330592,0.26574486215296,0.420151382894191,0.674374868171475,0.997528070347704
"ENSG00000129566",231.826494516026,-0.20742391117162,0.253418032075184,-0.818504940130232,0.413068922343206,0.997528070347704
"ENSG00000129625",613.258820759564,-0.0810719342772717,0.226158539191321,-0.358473903161746,0.719988694261344,0.997528070347704
"ENSG00000129657",439.297986489275,-0.133592380362505,0.237972016359418,-0.561378528476792,0.574539518177082,0.997528070347704
"ENSG00000129824",709.219990950174,0.0678266593036201,0.238356688644353,0.284559496481439,0.775981645910937,0.997528070347704
"ENSG00000129933",302.764932631132,-0.0803605405680533,0.247873659860926,-0.324199596734647,0.745786927364578,0.997528070347704
"ENSG00000130023",113.659488112927,-0.0505776976980944,0.305479794519293,-0.165568062456256,0.868496882808857,0.997528070347704
"ENSG00000130024",277.604842564214,-0.174051871532371,0.25958241319965,-0.670507178768326,0.502534531712163,0.997528070347704
"ENSG00000130038",136.77595403958,-0.1776143699433,0.288386233483907,-0.615890598512953,0.537966726926653,0.997528070347704
"ENSG00000130066",1970.71286135455,-0.0744776632661603,0.216332861364018,-0.344273462647168,0.73064063959926,0.997528070347704
"ENSG00000130158",170.745492804704,0.00988498085656413,0.273138757910783,0.0361903266023965,0.971130599191301,0.997528070347704
"ENSG00000130175",742.457395200013,-0.0150815264334744,0.22081363221999,-0.0682997978061841,0.945546985082123,0.997528070347704
"ENSG00000130177",242.069616316489,-0.0555887648124598,0.25180421863404,-0.220761848685505,0.825277870997922,0.997528070347704
"ENSG00000130227",251.323858569926,0.0639851963157311,0.250265271543567,0.255669497893528,0.798206049670704,0.997528070347704
"ENSG00000130254",334.631692609442,-0.0334746756574042,0.240315932464531,-0.139294450077066,0.889217475325425,0.997528070347704
"ENSG00000130255",566.636551671092,0.206784420348914,0.241903985401648,0.854820229627787,0.392650677173318,0.997528070347704
"ENSG00000130303",123.853321605308,0.249005410763979,0.302529454278058,0.823078239962432,0.410463502177719,0.997528070347704
"ENSG00000130309",232.526596610098,0.0582926948431553,0.270336626130602,0.215630030149868,0.829276145745762,0.997528070347704
"ENSG00000130340",351.624584890107,0.0241634106216745,0.235738111480543,0.102501078293693,0.918358957004151,0.997528070347704
"ENSG00000130382",152.481646715244,-0.0639505265965399,0.279835581479875,-0.228528932090571,0.819235066575009,0.997528070347704
"ENSG00000130402",1073.22605619228,0.119259486291868,0.231493061253425,0.515175209339471,0.606430590852391,0.997528070347704
"ENSG00000130414",322.568487235742,0.0455675010164382,0.239652389621011,0.19013998186498,0.849199440528349,0.997528070347704
"ENSG00000130449",146.030054237831,-0.110414602158389,0.301734220519403,-0.365933310342864,0.71441483961623,0.997528070347704
"ENSG00000130508",592.597175320003,-0.137827875090791,0.231517412618555,-0.595324012703417,0.551626907776193,0.997528070347704
"ENSG00000130517",206.020714956888,0.0830277425793449,0.267022806572262,0.310938768284109,0.755847171442791,0.997528070347704
"ENSG00000130522",377.307091784131,-0.0593071626129042,0.244578770837079,-0.242486959967635,0.808402859842559,0.997528070347704
"ENSG00000130559",139.35445750709,-0.148450482042195,0.286501212328413,-0.518149577224225,0.604353912017676,0.997528070347704
"ENSG00000130638",333.368176686265,-0.00826896820073864,0.254893074111847,-0.032440929317327,0.974120422776984,0.997528070347704
"ENSG00000130640",266.131128669069,-0.202833640650155,0.24834678109855,-0.816735533083739,0.414079580406936,0.997528070347704
"ENSG00000130703",227.536588927299,-0.014412618908917,0.259645415774033,-0.055508851816048,0.955733078095256,0.997528070347704
"ENSG00000130706",137.98354586291,-0.0284063548704752,0.297898604404609,-0.095355783647423,0.924032235520918,0.997528070347704
"ENSG00000130714",191.15196360083,0.0229758146517435,0.270067282421364,0.085074409775769,0.932202234575294,0.997528070347704
"ENSG00000130723",1078.46154425732,-0.145918107422087,0.21115113584273,-0.691060016512392,0.489527825698455,0.997528070347704
"ENSG00000130724",263.809344404065,0.0609543547230204,0.249770225105521,0.244041717531659,0.807198510556591,0.997528070347704
"ENSG00000130726",577.758449609572,0.0348311454484556,0.22209092830817,0.156832814891586,0.875376610316965,0.997528070347704
"ENSG00000130733",118.7229177219,-0.236319193618543,0.298595658412758,-0.791435464516605,0.428689921642604,0.997528070347704
"ENSG00000130741",394.496922020634,0.199266420824609,0.234210331198164,0.850801157255575,0.394879818703267,0.997528070347704
"ENSG00000130764",175.688111739751,0.0795026020688315,0.2717781021373,0.292527622511204,0.769883243320687,0.997528070347704
"ENSG00000130770",256.093454648353,0.0608911772008959,0.256661066256326,0.23724352933251,0.812467868551322,0.997528070347704
"ENSG00000130779",424.129316817377,-0.161105296330897,0.24488779890019,-0.657873920442068,0.510619149956054,0.997528070347704
"ENSG00000130787",226.799042679688,-0.0804293156495485,0.26021117228142,-0.309092476485075,0.757251182063922,0.997528070347704
"ENSG00000130803",114.62113271988,0.110394922269522,0.307700151459377,0.358774351413008,0.71976390158429,0.997528070347704
"ENSG00000130816",157.761394170058,0.133542711618977,0.280404691396989,0.476249919192369,0.633896339585937,0.997528070347704
"ENSG00000130821",155.680895334707,0.0772324671591778,0.282749980511119,0.273147559619869,0.784739788932318,0.997528070347704
"ENSG00000130826",167.960529914832,0.0253920513549459,0.277764729709051,0.0914156789508275,0.927162303911806,0.997528070347704
"ENSG00000130844",246.953567172765,-0.0897582999112721,0.256305424281182,-0.350200547503052,0.726188195902577,0.997528070347704
"ENSG00000130939",277.241532728504,0.058399871126322,0.246778713734113,0.23664873782122,0.812929306616336,0.997528070347704
"ENSG00000130985",1158.13537010541,-0.0810863467716387,0.209745461491292,-0.386594046875265,0.699056765839207,0.997528070347704
"ENSG00000131018",318.73857758172,0.21005520977267,0.265671890775327,0.790656509274097,0.429144461384342,0.997528070347704
"ENSG00000131037",171.292452213812,0.04664579612539,0.285768800132185,0.163229142243007,0.870338021715041,0.997528070347704
"ENSG00000131043",113.829848954406,0.0283113398515647,0.30194316597145,0.0937638040605352,0.925296785145042,0.997528070347704
"ENSG00000131051",855.256220409619,-0.0150891827431533,0.225844940749627,-0.0668121353220006,0.946731262407785,0.997528070347704
"ENSG00000131067",116.961671021958,0.174512249748723,0.317304014376606,0.549984374107526,0.582330091230353,0.997528070347704
"ENSG00000131069",139.596278432854,0.145634235989156,0.299927637051239,0.48556457624569,0.627275917251673,0.997528070347704
"ENSG00000131100",223.340382762828,0.122590104021188,0.258305114571907,0.474594179926937,0.635076255399505,0.997528070347704
"ENSG00000131165",255.817067939051,-0.210104277512637,0.250306018840738,-0.839389633879796,0.401250698973527,0.997528070347704
"ENSG00000131174",193.355789523586,0.10781235188425,0.266347450806559,0.404780866337449,0.685638594368847,0.997528070347704
"ENSG00000131238",406.486602543707,0.148727981123766,0.236511393573261,0.628840661233075,0.529453377016902,0.997528070347704
"ENSG00000131368",219.965959325012,0.0870197758342193,0.256222746585217,0.339625489906602,0.734138579813579,0.997528070347704
"ENSG00000131374",209.639651323762,0.111673908060358,0.267150793075055,0.418018253941637,0.675933771130001,0.997528070347704
"ENSG00000131381",184.938827768118,0.0491781429770116,0.267038156358709,0.184161483316082,0.853886774491865,0.997528070347704
"ENSG00000131408",163.577507745537,0.0939400468354983,0.276842957077607,0.339326121304088,0.734364066773805,0.997528070347704
"ENSG00000131446",383.87308764558,0.19307900950458,0.238150736160571,0.810742862345799,0.41751335314301,0.997528070347704
"ENSG00000131467",295.696465674165,-0.0641874075992735,0.244917536915787,-0.262077629914038,0.793261592913889,0.997528070347704
"ENSG00000131475",107.530721058784,-0.105834608996122,0.306818103856471,-0.344942516969701,0.730137586085296,0.997528070347704
"ENSG00000131495",104.229806966045,-0.0475542782126259,0.31349094770777,-0.15169266787555,0.879429340435618,0.997528070347704
"ENSG00000131507",636.614001942444,-0.196828432201992,0.223982950993532,-0.878765242304876,0.379528575672434,0.997528070347704
"ENSG00000131508",217.930045596206,0.0806941112168849,0.261454900879834,0.308634915411175,0.757599257984582,0.997528070347704
"ENSG00000131558",220.668613385812,0.174883890184373,0.261834511685089,0.667917644083175,0.504186164007165,0.997528070347704
"ENSG00000131584",201.860663627446,0.238909129846206,0.280086755330185,0.852982603781331,0.39366895137191,0.997528070347704
"ENSG00000131626",242.209825670441,-0.166967454409921,0.258304433276835,-0.646397943278716,0.518021672045124,0.997528070347704
"ENSG00000131653",187.75949274411,-0.198756039844761,0.270089489777851,-0.735889575000635,0.461797902129268,0.997528070347704
"ENSG00000131748",138.098799794382,0.0304319429661616,0.286918398354226,0.106064801493108,0.915530937912226,0.997528070347704
"ENSG00000131778",143.380937905258,0.0749724004805523,0.290048926574233,0.258481909814497,0.796035008551649,0.997528070347704
"ENSG00000131779",108.692535877192,-0.0379392725119529,0.308131002833509,-0.123127086086993,0.902006462873903,0.997528070347704
"ENSG00000131788",192.274281043722,0.0385699247939774,0.265119942297584,0.145481039486213,0.884331084781405,0.997528070347704
"ENSG00000131795",161.147075636146,0.217068626847581,0.281333821812308,0.7715696088343,0.440369379993733,0.997528070347704
"ENSG00000131828",186.618482663892,0.231191913727533,0.269134406188677,0.859020282845054,0.390329325844835,0.997528070347704
"ENSG00000131871",195.127233008292,-0.175983199170766,0.269323150559256,-0.653427671573472,0.513480604234045,0.997528070347704
"ENSG00000131873",221.097600837582,-0.087587244441544,0.257760379961523,-0.339801037128431,0.734006366824944,0.997528070347704
"ENSG00000131966",127.680021481367,0.190661178821763,0.293965590491375,0.64858332059567,0.516607739344501,0.997528070347704
"ENSG00000132002",313.137507520323,-0.0309605070558997,0.241849657079485,-0.128015509427513,0.898136699280516,0.997528070347704
"ENSG00000132024",132.893867402332,0.0139886952831159,0.292393736092576,0.047841980030266,0.961842179617233,0.997528070347704
"ENSG00000132128",330.573638528195,-0.0313474483872212,0.246635085976011,-0.127100522876417,0.898860837623939,0.997528070347704
"ENSG00000132153",313.040660348811,0.043674157910747,0.246256353581308,0.177352410508779,0.859231585584227,0.997528070347704
"ENSG00000132155",405.133692102338,-0.0390540472015606,0.237191103994911,-0.164652242616985,0.869217708678216,0.997528070347704
"ENSG00000132256",150.576242249746,-0.227040484681745,0.284856447858539,-0.797034739387377,0.425430855912397,0.997528070347704
"ENSG00000132286",127.233729989894,-0.0662478350658143,0.294085116915097,-0.225267554375899,0.821771138857062,0.997528070347704
"ENSG00000132305",183.53076605715,0.110401107823822,0.266401774510717,0.414415812456912,0.678569610550012,0.997528070347704
"ENSG00000132313",107.875386997492,0.094090886710532,0.306050256748831,0.307436065272608,0.758511480384613,0.997528070347704
"ENSG00000132329",127.948335681727,0.123890954420021,0.302037594602715,0.410183886489297,0.681671060245791,0.997528070347704
"ENSG00000132341",308.411680315113,0.11534203279519,0.243900011314513,0.472907041592773,0.636279500954555,0.997528070347704
"ENSG00000132359",265.56645900118,-0.181392907309208,0.265721706281048,-0.682642415058681,0.494832825402129,0.997528070347704
"ENSG00000132361",243.333034699832,0.0292011500062194,0.251668163056836,0.116030369719927,0.907628472790434,0.997528070347704
"ENSG00000132376",148.936718074959,-0.244053329153474,0.288870414196426,-0.844854014670822,0.398192352160508,0.997528070347704
"ENSG00000132382",210.595963068131,0.1319939245689,0.259221245696779,0.509194083278569,0.610616189947222,0.997528070347704
"ENSG00000132383",285.921007496027,0.0485506423859852,0.247498065222018,0.196165745144039,0.844480438544103,0.997528070347704
"ENSG00000132424",938.860635438403,-0.158542948386385,0.217196315765462,-0.729952291444884,0.46541934719388,0.997528070347704
"ENSG00000132432",155.621114688307,0.0937528432418984,0.289249605663749,0.324124359743763,0.745843885194218,0.997528070347704
"ENSG00000132463",321.26710693413,-0.148861798257695,0.240221743405773,-0.619684946696285,0.535465228182682,0.997528070347704
"ENSG00000132471",418.185826349241,-0.125598821240697,0.229778950536359,-0.54660716722537,0.584648644013272,0.997528070347704
"ENSG00000132475",1100.12942696783,0.102069024451119,0.211926658613929,0.481624280393439,0.630072874630906,0.997528070347704
"ENSG00000132478",132.341548533455,-0.123581562579661,0.292934896755485,-0.421873815473802,0.673117123311818,0.997528070347704
"ENSG00000132485",367.103013455425,-0.124822185457777,0.238618390894342,-0.523103793424903,0.600902025836271,0.997528070347704
"ENSG00000132507",320.008032998718,-0.0779463741676073,0.256563668265417,-0.303809088381802,0.761273342300645,0.997528070347704
"ENSG00000132510",339.186018968709,-0.211086793371163,0.249417766687358,-0.846318192062708,0.397375261914248,0.997528070347704
"ENSG00000132530",292.137314538817,0.0420864546530549,0.36271039397154,0.116033219208924,0.907626214480678,0.997528070347704
"ENSG00000132561",466.969658079827,0.1928717433188,0.226513502754389,0.851480114754715,0.394502704909091,0.997528070347704
"ENSG00000132581",132.472903945679,-0.103249298105496,0.299928436514155,-0.344246445270365,0.730660956060047,0.997528070347704
"ENSG00000132589",550.933195482913,0.0289868714385732,0.223513259307562,0.129687480413349,0.896813688094042,0.997528070347704
"ENSG00000132591",109.592743696104,-0.0393173273433549,0.315855388501252,-0.124478887410841,0.900936115761881,0.997528070347704
"ENSG00000132600",133.366756653919,-0.0883354154442848,0.29192749708215,-0.302593679345755,0.762199531938498,0.997528070347704
"ENSG00000132604",104.370818890185,-0.218112792199021,0.310387644049792,-0.702710937050159,0.482235910354403,0.997528070347704
"ENSG00000132612",224.050300877222,0.0512509365460267,0.256446112098435,0.199850705969581,0.841597343544244,0.997528070347704
"ENSG00000132635",193.284109776426,0.15838979774783,0.264007297304174,0.599944771849782,0.548543042866816,0.997528070347704
"ENSG00000132640",153.413727241622,0.0943988166509959,0.285411740088707,0.330746088516388,0.740836286072469,0.997528070347704
"ENSG00000132676",281.580802862118,-0.0385844276942208,0.249384785117007,-0.154718451152173,0.877043283238187,0.997528070347704
"ENSG00000132680",304.715587057133,0.0686953746341041,0.242996442341765,0.282701153860873,0.777405931661856,0.997528070347704
"ENSG00000132694",267.746122297501,-0.161038417334941,0.259523268756771,-0.620516295538294,0.534917928930344,0.997528070347704
"ENSG00000132698",132.508255492382,-0.249410933384696,0.308934893757826,-0.80732522749667,0.419479133281466,0.997528070347704
"ENSG00000132716",350.885778403183,-0.0539053492132804,0.239415054992454,-0.22515438394206,0.821859174661737,0.997528070347704
"ENSG00000132780",225.05506687898,0.137122187950469,0.255410183841115,0.536870479823036,0.591357083357893,0.997528070347704
"ENSG00000132792",109.254485415153,0.24672331949859,0.309129024346015,0.798124084338412,0.424798486331917,0.997528070347704
"ENSG00000132793",111.51557923945,0.171561567208794,0.307156903901619,0.558547000017113,0.576470919719179,0.997528070347704
"ENSG00000132823",112.670288847846,0.194522984860276,0.303689772259718,0.64053189349399,0.521826861245227,0.997528070347704
"ENSG00000132824",613.794862402163,0.095874467461384,0.23265106286389,0.412095548935765,0.680269391004769,0.997528070347704
"ENSG00000132842",146.700052227465,-0.0472881762196035,0.293445578643587,-0.161148027645149,0.871976813932321,0.997528070347704
"ENSG00000132879",123.597707208645,0.166742278130195,0.304415401449098,0.547745867444477,0.583866412874164,0.997528070347704
"ENSG00000132932",139.57989963187,-0.370669068660841,0.420329458909488,-0.881853652662159,0.377855953250517,0.997528070347704
"ENSG00000132963",144.867384511147,0.0413998618680983,0.282713551441971,0.146437486483898,0.883576036322327,0.997528070347704
"ENSG00000132967",140.099381827911,0.0403174099448789,0.306614711314384,0.131492092378894,0.895386041630154,0.997528070347704
"ENSG00000132970",171.947801661434,-0.244299120387619,0.283240358384442,-0.862515221280832,0.38840406066388,0.997528070347704
"ENSG00000133026",444.165831008559,0.071421622993387,0.238842959201366,0.299031728765227,0.764915836490006,0.997528070347704
"ENSG00000133030",464.386160559878,0.176909814408341,0.235741950523585,0.750438409521183,0.45299070513217,0.997528070347704
"ENSG00000133056",126.658974939837,0.10124142133136,0.292577677518034,0.346032623507718,0.72931819745866,0.997528070347704
"ENSG00000133065",190.516159325123,0.0493638269768546,0.322296635525423,0.153162712655624,0.878269961661646,0.997528070347704
"ENSG00000133103",113.640660884473,-0.178312396564061,0.304359828296169,-0.585860484815844,0.557969273589636,0.997528070347704
"ENSG00000133110",325.329213598915,0.221277822495763,0.257432242081625,0.859557531358494,0.390032993770036,0.997528070347704
"ENSG00000133121",146.716121216456,-0.131467446180104,0.284596267027307,-0.4619436774534,0.644121710947645,0.997528070347704
"ENSG00000133131",133.255150612639,-0.0735859456793772,0.301562674554203,-0.244015429920691,0.807218869726849,0.997528070347704
"ENSG00000133226",410.711564505724,-0.113419894443273,0.259403943947588,-0.437232729453755,0.66194257583063,0.997528070347704
"ENSG00000133243",266.511708280966,0.0257458085966708,0.261125530534794,0.0985955243209751,0.921459423781265,0.997528070347704
"ENSG00000133275",143.189774594081,-0.0979412867385814,0.286831559531479,-0.341459241439688,0.732757883622017,0.997528070347704
"ENSG00000133422",165.390138518601,0.0505933581900396,0.27441475000424,0.18436821704831,0.853724601514736,0.997528070347704
"ENSG00000133460",111.785483750083,0.0509484375787536,0.304006539657084,0.167589939467167,0.866905886398314,0.997528070347704
"ENSG00000133606",375.963833386149,0.111240989100517,0.233881062620938,0.475630595542533,0.634337574344402,0.997528070347704
"ENSG00000133612",297.107717131622,-0.0541510628268288,0.241909747002945,-0.22384820577804,0.822875418791325,0.997528070347704
"ENSG00000133624",122.258649380329,0.0317109303322189,0.297142451352321,0.106719622820299,0.915011414750708,0.997528070347704
"ENSG00000133639",417.999237277264,-0.055149652010942,0.239669013747382,-0.23010756020831,0.818008190318841,0.997528070347704
"ENSG00000133704",200.82755959532,-0.0873000341302663,0.282404092706981,-0.309131618077673,0.757221408551025,0.997528070347704
"ENSG00000133706",519.812971167084,-0.0388696739853096,0.223979955712939,-0.173540859321923,0.862226313980527,0.997528070347704
"ENSG00000133835",688.5447330584,0.0411197514721178,0.218795347781487,0.187937046601121,0.850926001158115,0.997528070347704
"ENSG00000133884",169.642900788741,0.229089623676511,0.271590677828855,0.84351062970163,0.398942923373027,0.997528070347704
"ENSG00000133895",123.282391254204,-0.054027741025984,0.300813240085796,-0.179605595187814,0.857462211793039,0.997528070347704
"ENSG00000133935",114.922927100376,-0.268821431230344,0.306145314201758,-0.878084421874192,0.379897906257242,0.997528070347704
"ENSG00000133943",162.313486876378,0.234784772300172,0.277685110363305,0.845507243773333,0.397827689974176,0.997528070347704
"ENSG00000133961",309.386793504482,-0.0271013871813466,0.24169207684689,-0.112131880924318,0.91071883950122,0.997528070347704
"ENSG00000134046",193.494138768883,-0.00773086532206883,0.271079220447372,-0.0285188415006886,0.977248340796041,0.997528070347704
"ENSG00000134049",110.740259427745,-0.0546964435839919,0.304898609807695,-0.179392236712689,0.857629726717406,0.997528070347704
"ENSG00000134086",179.36436321236,-0.0441400984410243,0.276511586804251,-0.159632002952094,0.87317096753354,0.997528070347704
"ENSG00000134108",250.428350163809,0.0842512494326323,0.257303120352775,0.327439672387648,0.743335364516255,0.997528070347704
"ENSG00000134153",166.316534029104,-0.0734882992044814,0.275098541719535,-0.267134455694074,0.789365639424023,0.997528070347704
"ENSG00000134186",316.843798534734,0.0944227574954197,0.248393482292099,0.380133796684661,0.703846099359621,0.997528070347704
"ENSG00000134243",423.11969323111,0.176959758000987,0.25430492807642,0.695856581858333,0.48651865040535,0.997528070347704
"ENSG00000134248",151.999313931528,0.0332308810224426,0.284953493712307,0.116618612355015,0.907162287838934,0.997528070347704
"ENSG00000134250",910.728535435798,-0.10245209860884,0.230362242993686,-0.4447434496097,0.656505165743622,0.997528070347704
"ENSG00000134265",145.599333474872,-0.120652321063314,0.285690694380384,-0.422317994378461,0.672792925589473,0.997528070347704
"ENSG00000134283",125.550476556007,0.0983775972749165,0.294320770276,0.334252989290096,0.738188661376589,0.997528070347704
"ENSG00000134285",126.157121382187,-0.051067271531792,0.300772648622921,-0.169786952921425,0.86517768800744,0.997528070347704
"ENSG00000134291",297.442103651213,-0.107183367237269,0.261882906459065,-0.40927973759915,0.682334383602256,0.997528070347704
"ENSG00000134294",451.112895895679,-0.00900271250297219,0.231876089938264,-0.0388255317974748,0.969029488747162,0.997528070347704
"ENSG00000134308",742.226486769221,-0.0818128022231387,0.226105031783944,-0.361835389410155,0.717475044550696,0.997528070347704
"ENSG00000134313",321.014326997584,-0.159560201320135,0.245346058677906,-0.650347522107979,0.515467766897668,0.997528070347704
"ENSG00000134318",188.077723300874,-0.161027924613377,0.289123371819208,-0.556952292027327,0.577560025398207,0.997528070347704
"ENSG00000134324",125.384342715464,0.27307550658844,0.306257750251847,0.891652558552004,0.372579189451752,0.997528070347704
"ENSG00000134330",105.826753582558,-0.0974594402389315,0.309663091343431,-0.314727337430228,0.752968686016536,0.997528070347704
"ENSG00000134352",529.102526641507,0.050502679615369,0.227232641131302,0.222250990720066,0.824118501697311,0.997528070347704
"ENSG00000134375",116.590678242453,0.230637283264272,0.312061111212863,0.739077299211917,0.459860060496993,0.997528070347704
"ENSG00000134419",158.251015425874,0.179483025093492,0.281949894262525,0.636577735072226,0.524399931728248,0.997528070347704
"ENSG00000134440",475.184989226912,-0.0217905228935605,0.2279159454655,-0.0956077155946907,0.923832137117429,0.997528070347704
"ENSG00000134452",260.319849087677,-0.130280927167289,0.247900973669377,-0.525536165666874,0.599210518983473,0.997528070347704
"ENSG00000134480",114.879586383268,-0.189916783687514,0.324859234743606,-0.584612544068218,0.558808271139125,0.997528070347704
"ENSG00000134590",225.151110532981,0.207884430245954,0.25860778077281,0.803859921092563,0.42147787897561,0.997528070347704
"ENSG00000134644",459.104646109045,-0.211099761981365,0.235132604955233,-0.897790257635927,0.369297379564537,0.997528070347704
"ENSG00000134686",267.461763064885,0.0845707349084843,0.251751470427621,0.335929457590988,0.736924062651836,0.997528070347704
"ENSG00000134697",142.633486714868,0.0916875832331995,0.283680093107812,0.323207674633532,0.746537969056834,0.997528070347704
"ENSG00000134698",174.543726751507,0.099509942109176,0.273436700697869,0.363923137805588,0.715915406193357,0.997528070347704
"ENSG00000134744",168.422489079011,-0.165902417148503,0.276058626060767,-0.600968060719043,0.547861259634417,0.997528070347704
"ENSG00000134748",132.645003998259,0.11706169063843,0.290491304671153,0.402978294895776,0.686964192000354,0.997528070347704
"ENSG00000134759",429.67677828454,-0.105819213528759,0.233192268116972,-0.453785257904343,0.649983395259686,0.997528070347704
"ENSG00000134779",113.012939299335,-0.0537083609356884,0.303692777059303,-0.176850965820635,0.859625455007642,0.997528070347704
"ENSG00000134825",183.976896967263,0.106369882411011,0.271026110381347,0.3924709772846,0.694710251493678,0.997528070347704
"ENSG00000134851",318.569639904653,-0.00882276802138057,0.241701055442472,-0.0365028113147007,0.970881437099913,0.997528070347704
"ENSG00000134882",146.555284656882,-0.116959627763873,0.285887141943037,-0.409111186214793,0.682458067467748,0.997528070347704
"ENSG00000134884",657.714282667645,0.194889108675045,0.230194718008407,0.846627196145861,0.397202950200438,0.997528070347704
"ENSG00000134900",170.155477004667,-0.102404850622816,0.276862231731321,-0.369876562731003,0.711474465193203,0.997528070347704
"ENSG00000134905",191.278410176808,-0.0166093325712422,0.265541794908909,-0.062548845001744,0.950125765372344,0.997528070347704
"ENSG00000134910",742.946337514075,-0.10663781505512,0.216214164118977,-0.493204575609762,0.621868045163493,0.997528070347704
"ENSG00000135018",475.616535117453,-0.177671498352789,0.231793128899448,-0.76650890902751,0.443373552915077,0.997528070347704
"ENSG00000135048",244.310780388999,0.141703716697979,0.271445642696749,0.522033491826157,0.601647011798277,0.997528070347704
"ENSG00000135063",211.035426894547,0.0214507827431161,0.27031041350077,0.0793561093903437,0.936749378129236,0.997528070347704
"ENSG00000135108",279.769804535995,-0.189807779740331,0.255919115098236,-0.741670975485643,0.458286709293399,0.997528070347704
"ENSG00000135111",910.200458549977,-0.179461399740231,0.246168594138416,-0.729018258272714,0.465990493954835,0.997528070347704
"ENSG00000135124",137.531201279988,0.0297037279752156,0.2959353223836,0.100372364258406,0.920048709074729,0.997528070347704
"ENSG00000135148",186.558732495112,0.151438561503034,0.266645924355876,0.567938781996601,0.570076536964922,0.997528070347704
"ENSG00000135164",296.155131791189,0.0214952132248474,0.242111875466835,0.0887821515710486,0.929255042651823,0.997528070347704
"ENSG00000135213",155.59344916514,-0.235308862185204,0.279472406524156,-0.841975295921979,0.399801781588427,0.997528070347704
"ENSG00000135241",132.267834412748,-0.118237301844889,0.291931235194295,-0.405017646591315,0.685464539697396,0.997528070347704
"ENSG00000135250",157.339974933749,-0.161928872208075,0.280247729805267,-0.57780618712092,0.563394977630393,0.997528070347704
"ENSG00000135316",389.087924945431,-0.124878903283896,0.236756341739274,-0.527457479561068,0.597875936687525,0.997528070347704
"ENSG00000135317",190.674497134056,-0.0546906584151635,0.264152470180501,-0.207042010160996,0.835977049877754,0.997528070347704
"ENSG00000135365",235.953394259567,0.0192934477877993,0.258647838104919,0.0745935010675519,0.940538145115306,0.997528070347704
"ENSG00000135372",167.746797543106,0.232579774288455,0.271925317874922,0.855307538503772,0.392380915281951,0.997528070347704
"ENSG00000135414",126.60241034961,-0.238627606622308,0.318847608965428,-0.748406448449115,0.454215034152581,0.997528070347704
"ENSG00000135452",117.864875855122,-0.201539484250948,0.302183892956297,-0.666943172514148,0.504808432894477,0.997528070347704
"ENSG00000135457",206.325395296355,0.111071898192493,0.263999049731476,0.420728401505493,0.67395341936869,0.997528070347704
"ENSG00000135473",320.210328661168,0.124294336127094,0.247130353508754,0.5029505051175,0.614999071061948,0.997528070347704
"ENSG00000135486",556.079886665343,0.188635293803892,0.22722399150308,0.830173312932647,0.406440801484695,0.997528070347704
"ENSG00000135503",234.443133193932,0.10417434284179,0.256948290841865,0.405429211069952,0.685162042707288,0.997528070347704
"ENSG00000135506",896.3263586135,-0.0697193714784813,0.216837432346312,-0.321528302212748,0.747810067871826,0.997528070347704
"ENSG00000135535",1135.42881707075,-0.181251858304091,0.216746380139099,-0.836239378889607,0.403020249101648,0.997528070347704
"ENSG00000135541",145.502766648886,-0.139224456228268,0.292603198340405,-0.475813172986232,0.634207484226784,0.997528070347704
"ENSG00000135597",147.380943253804,-0.115191394969618,0.281861544348362,-0.408680777067086,0.682773942586486,0.997528070347704
"ENSG00000135624",472.647082210897,-0.0224820468289867,0.229949916684029,-0.097769319307382,0.922115470279843,0.997528070347704
"ENSG00000135631",128.716137087107,0.044532137130712,0.296359834421282,0.150263740083646,0.88055653935434,0.997528070347704
"ENSG00000135655",141.728044957724,-0.163857003409603,0.29300410104722,-0.559231092069924,0.576004016199778,0.997528070347704
"ENSG00000135677",582.980073168424,-0.0190811125459703,0.245068138937492,-0.0778604376264399,0.937939070034798,0.997528070347704
"ENSG00000135686",299.361375504598,-0.153988132508489,0.251510091624018,-0.612254289735165,0.540369527387859,0.997528070347704
"ENSG00000135709",161.103665179029,-0.122415000870186,0.292736137787814,-0.418175226998852,0.675819006838617,0.997528070347704
"ENSG00000135720",566.503664742457,-0.177264044520392,0.22407197442577,-0.791103148774705,0.428883801879843,0.997528070347704
"ENSG00000135749",115.505133926954,0.0298363506617688,0.311150415128936,0.0958904414426222,0.923607586220485,0.997528070347704
"ENSG00000135766",146.459918157221,-0.115320871896024,0.297301470501802,-0.387892033299999,0.698095933969445,0.997528070347704
"ENSG00000135823",139.974156393978,-0.179913655145832,0.285701681110683,-0.629725574054752,0.528874147303714,0.997528070347704
"ENSG00000135829",454.090190093435,-0.109024765421264,0.228930144159495,-0.476235953205476,0.633906288166123,0.997528070347704
"ENSG00000135842",919.912994861995,-0.159112800017255,0.212466018643965,-0.74888587376358,0.453925995267083,0.997528070347704
"ENSG00000135862",739.826472553623,-0.0973630923020528,0.250493501715704,-0.388685102149094,0.697509104269668,0.997528070347704
"ENSG00000135870",159.361121453114,-0.142798756456961,0.28038770689818,-0.509290360967277,0.610548713309283,0.997528070347704
"ENSG00000135924",364.949152819925,-0.201365370563535,0.240082499909766,-0.838734062829308,0.401618559160028,0.997528070347704
"ENSG00000135926",495.599566568503,0.115262273612154,0.241356011384825,0.477561229781747,0.632962530983766,0.997528070347704
"ENSG00000135930",177.78548569147,-0.048483594897373,0.274430899935201,-0.176669591175123,0.859767927836202,0.997528070347704
"ENSG00000135932",504.133879785132,-0.164415072222405,0.230194671687774,-0.714243605279492,0.475076557530974,0.997528070347704
"ENSG00000135956",301.665994249257,0.0625101900542667,0.253042259337635,0.247034587099774,0.804881456783015,0.997528070347704
"ENSG00000135999",140.087714663016,-0.236556499321454,0.299450286228355,-0.789969187543406,0.429545763253849,0.997528070347704
"ENSG00000136021",195.038046284466,-0.110355231860862,0.272299109398701,-0.405272099877783,0.685277512372268,0.997528070347704
"ENSG00000136045",117.612479843613,0.266184866202727,0.302795394924857,0.87909152736218,0.379351651276144,0.997528070347704
"ENSG00000136051",152.146704144888,-0.181499390724168,0.282338404577948,-0.642843438162376,0.520325693991219,0.997528070347704
"ENSG00000136100",269.090021214259,-0.175888596112216,0.250764396804719,-0.701409762922554,0.483047330967642,0.997528070347704
"ENSG00000136141",141.12914572756,0.0520325898456698,0.304088828928424,0.171109836652096,0.86413740141266,0.997528070347704
"ENSG00000136143",105.293490805306,-0.214185324779826,0.308906369515077,-0.693366488739146,0.488079587009236,0.997528070347704
"ENSG00000136144",145.312887691541,-0.077525838848053,0.2885531970112,-0.268670871267609,0.788182969190965,0.997528070347704
"ENSG00000136147",114.378159995989,0.0515532084134263,0.303884280584152,0.169647499746701,0.865287364555065,0.997528070347704
"ENSG00000136156",1792.26316095062,-0.111785986117979,0.205813265200752,-0.543142765889952,0.587031509558614,0.997528070347704
"ENSG00000136161",107.5948731987,0.105936380776906,0.30691609640986,0.345163978090734,0.729971097821036,0.997528070347704
"ENSG00000136167",1865.84122526814,-0.0622281557024356,0.212228842376436,-0.293212529482962,0.769359707627316,0.997528070347704
"ENSG00000136238",577.42552747073,0.116321834021637,0.224770939716192,0.517512780649096,0.604798249481019,0.997528070347704
"ENSG00000136270",108.250072296669,0.0911619607956147,0.307817402693814,0.296155967784231,0.767110973826154,0.997528070347704
"ENSG00000136271",192.882594724799,0.103574718610977,0.267751812019321,0.386831065044306,0.698881277579271,0.997528070347704
"ENSG00000136279",407.49680890175,-0.0116525187639076,0.235207786342704,-0.0495413818781049,0.960487859699848,0.997528070347704
"ENSG00000136295",275.052047753679,-0.17462632265169,0.253316163952987,-0.689361152192796,0.49059602382976,0.997528070347704
"ENSG00000136379",146.912495025657,0.0481446492929606,0.292689863107712,0.16449032016952,0.869345166346271,0.997528070347704
"ENSG00000136436",348.683059499483,0.137057155981511,0.238031740057725,0.575793614533393,0.564754690116244,0.997528070347704
"ENSG00000136444",140.605781577556,0.0176302838995963,0.293214066210991,0.0601276880315486,0.952053937992264,0.997528070347704
"ENSG00000136448",294.108444019068,0.152687572449188,0.245444766576213,0.622085264147513,0.533885803994556,0.997528070347704
"ENSG00000136450",682.551296228291,-0.0827374437077294,0.218886524106339,-0.37799240517673,0.70543623595498,0.997528070347704
"ENSG00000136478",227.278233825478,0.0294439765017788,0.256669403524521,0.114715568343797,0.908670573641548,0.997528070347704
"ENSG00000136504",134.087596318004,-0.034203878300147,0.289463290438901,-0.118163095044919,0.905938430934874,0.997528070347704
"ENSG00000136521",121.20855717445,0.118976331543081,0.307278653435332,0.387193611443368,0.698612879343689,0.997528070347704
"ENSG00000136527",446.184634396101,-0.10883511216586,0.232600314356699,-0.467906126725859,0.639851721942275,0.997528070347704
"ENSG00000136536",266.016897033779,-0.169428798138727,0.248509589683025,-0.681779718661296,0.495378250502336,0.997528070347704
"ENSG00000136628",334.140782188862,-0.180433404610635,0.243441732421745,-0.741176965903477,0.458586147718683,0.997528070347704
"ENSG00000136643",287.045663735639,-0.179432483602618,0.270431055421182,-0.663505466571362,0.507006879553757,0.997528070347704
"ENSG00000136699",194.696248767079,-0.110037419102573,0.275703544942245,-0.399114995513111,0.689808473537487,0.997528070347704
"ENSG00000136709",232.629638413669,0.0496900422972349,0.255355262847746,0.194591808068049,0.845712516682302,0.997528070347704
"ENSG00000136710",102.742497270508,0.193239420568057,0.339024457998449,0.569986666180116,0.568686741772036,0.997528070347704
"ENSG00000136715",156.016965546879,-0.080822594896681,0.279721573300915,-0.288939440540523,0.772627721127192,0.997528070347704
"ENSG00000136717",191.086997160278,0.242703406243,0.282964601297067,0.857716495740045,0.391049029076626,0.997528070347704
"ENSG00000136718",132.258913098529,-0.0970766476982168,0.289829972164489,-0.334943439331811,0.737667752947419,0.997528070347704
"ENSG00000136720",119.203770107962,0.0160284657885794,0.307150759167708,0.0521843599931579,0.958381794870345,0.997528070347704
"ENSG00000136754",203.765135109764,-0.00751228782525914,0.267768931163195,-0.0280551137603066,0.977618193997998,0.997528070347704
"ENSG00000136758",441.744621410881,-0.178494455664343,0.228106486290082,-0.782504954450761,0.433917874814324,0.997528070347704
"ENSG00000136807",196.697155534759,0.0671917893048322,0.264279078445209,0.254245586522138,0.799305834406653,0.997528070347704
"ENSG00000136810",139.762388325753,0.196087096226459,0.291972203949096,0.671595081909395,0.5018415100833,0.997528070347704
"ENSG00000136811",265.404894954715,0.035900752094214,0.253694961936711,0.141511490098767,0.88746588359944,0.997528070347704
"ENSG00000136813",685.520407949887,-0.18297291340888,0.221336386178697,-0.826673447451863,0.408422175146033,0.997528070347704
"ENSG00000136819",158.12922589238,0.132479043791538,0.287529922015348,0.46074872090866,0.644978895757032,0.997528070347704
"ENSG00000136826",155.281901735637,-0.233481889712312,0.290582097825341,-0.803497157807189,0.421687438864257,0.997528070347704
"ENSG00000136827",149.155408108991,-0.0443147500571533,0.2825649084781,-0.156830337835768,0.875378562564441,0.997528070347704
"ENSG00000136830",641.554729215997,-0.100884611517526,0.223549277759137,-0.451285785974331,0.651783587973885,0.997528070347704
"ENSG00000136854",143.749135082241,0.0270148640514046,0.30384513566756,0.0889099770909673,0.929153454385097,0.997528070347704
"ENSG00000136861",222.205720900084,-0.0499037847794121,0.257916649945435,-0.193488031075039,0.846576778766205,0.997528070347704
"ENSG00000136868",213.56252838877,-0.130107209571657,0.274567547354765,-0.473862300279598,0.635598104518713,0.997528070347704
"ENSG00000136870",145.313964113749,-0.171595404173434,0.292463597175636,-0.586723974643534,0.557389103420925,0.997528070347704
"ENSG00000136874",110.352542702818,-0.230693824513486,0.308745891135259,-0.747196419894772,0.454945004829647,0.997528070347704
"ENSG00000136875",108.360013440968,-0.258885819252763,0.309486544169952,-0.836501050302847,0.402873086126476,0.997528070347704
"ENSG00000136877",143.179457317146,0.150639044184703,0.285056829135626,0.5284526760558,0.59718518491126,0.997528070347704
"ENSG00000136878",210.131264384496,0.067433357294796,0.258623693116849,0.26073928680745,0.794293567197774,0.997528070347704
"ENSG00000136930",263.971289972427,0.0378868388314255,0.247551546728873,0.153046261807123,0.878361793350954,0.997528070347704
"ENSG00000136935",128.204602257968,0.0193452870971167,0.295373363808203,0.0654943521233632,0.947780403035593,0.997528070347704
"ENSG00000136937",144.464212717329,0.0272973485002283,0.292058735953949,0.0934652696180005,0.925533939713105,0.997528070347704
"ENSG00000136986",236.579057397376,0.0201254940885235,0.257242052439438,0.0782356302077074,0.937640620057687,0.997528070347704
"ENSG00000137038",115.135296689603,0.226808273770747,0.305435048961869,0.742574483647626,0.457739341640319,0.997528070347704
"ENSG00000137040",102.370778667148,-0.250517273249081,0.314721602154586,-0.79599643473482,0.426034107665715,0.997528070347704
"ENSG00000137055",124.355041579983,-0.030281146509107,0.299925001833239,-0.100962395012149,0.919580312025105,0.997528070347704
"ENSG00000137073",179.44013719379,-0.166220699987269,0.270724702758568,-0.613984236730343,0.539225743777279,0.997528070347704
"ENSG00000137075",203.361009680582,-0.11467508447882,0.272346032133785,-0.421063907486959,0.673708416078003,0.997528070347704
"ENSG00000137100",139.994938720138,0.0778586510303113,0.288441976699226,0.269928295185339,0.787215418467547,0.997528070347704
"ENSG00000137103",149.467462969914,-0.0811348312970891,0.298901978132636,-0.271442938598038,0.786050381000244,0.997528070347704
"ENSG00000137106",252.343506825412,-0.0401542762266342,0.254002530741958,-0.158086126580475,0.874388932528888,0.997528070347704
"ENSG00000137161",181.855795460838,0.115622450571139,0.278220866702753,0.41557792534184,0.677718882527504,0.997528070347704
"ENSG00000137166",301.107476763338,0.0813450153319372,0.241908806633489,0.336263141734981,0.736672441862284,0.997528070347704
"ENSG00000137171",111.204783026415,-0.0207719273323763,0.306535093987259,-0.0677636190433702,0.945973804961867,0.997528070347704
"ENSG00000137177",293.680378167479,-0.120478687190614,0.252649737247536,-0.476860528347091,0.63346144082615,0.997528070347704
"ENSG00000137193",214.725941040832,0.0717361092061983,0.309395462954535,0.231858956563755,0.816647563784466,0.997528070347704
"ENSG00000137198",256.245560078166,-0.117205115494938,0.330630597103865,-0.354489622320462,0.722971979958083,0.997528070347704
"ENSG00000137200",245.619100444682,0.0803495582919271,0.254458310519414,0.315767082348041,0.752179305172985,0.997528070347704
"ENSG00000137203",102.682906636977,-0.241050317595732,0.322082182454731,-0.748412457213811,0.45421141090959,0.997528070347704
"ENSG00000137207",394.925031697135,-0.194007195200228,0.233557131299965,-0.830662691052915,0.406164208499524,0.997528070347704
"ENSG00000137216",207.010477989078,-0.23431461467729,0.277602056194934,-0.844066567405943,0.398632208622787,0.997528070347704
"ENSG00000137269",107.17005668628,-0.0131224584689639,0.317615157705115,-0.0413155926303343,0.967044302562605,0.997528070347704
"ENSG00000137275",153.074868563449,0.0992156855634105,0.282305059384786,0.351448485477471,0.725251913149502,0.997528070347704
"ENSG00000137343",124.81200988013,-0.0512065065165987,0.306018430444262,-0.167331446155905,0.867109262487534,0.997528070347704
"ENSG00000137393",263.416678980265,-0.00774765096516241,0.260813940741202,-0.0297056627538564,0.976301795691713,0.997528070347704
"ENSG00000137409",686.784400728474,0.113926453610849,0.222349398993432,0.512375810893082,0.608388016809914,0.997528070347704
"ENSG00000137413",111.183904891745,0.0468401478410424,0.306492033568236,0.152826640535223,0.878534988404733,0.997528070347704
"ENSG00000137414",165.274095194974,0.0925623108994597,0.281231883031415,0.329131640060597,0.742056190000825,0.997528070347704
"ENSG00000137449",127.460294120691,-0.0266812309690567,0.311944930014557,-0.0855318628445463,0.931838565389664,0.997528070347704
"ENSG00000137460",126.944528170203,-0.176177456452248,0.357283420127058,-0.493102804461499,0.621939949387697,0.997528070347704
"ENSG00000137486",125.350579632842,0.0811897164784704,0.301187589751204,0.269565278388586,0.787494715565653,0.997528070347704
"ENSG00000137501",156.841791208096,0.24056819358447,0.327963438531015,0.73352137866953,0.463240493550959,0.997528070347704
"ENSG00000137504",353.441290941432,-0.108192177620125,0.246060017877744,-0.439698324633466,0.660155616166448,0.997528070347704
"ENSG00000137509",260.595554541158,0.101807240915489,0.248522841701209,0.409649431893623,0.682063129927432,0.997528070347704
"ENSG00000137642",770.583450091302,-0.122561099843666,0.230679622834864,-0.531304405380458,0.595207853110504,0.997528070347704
"ENSG00000137710",223.074662509064,-0.0255947630114159,0.259174544591125,-0.0987549261513869,0.921332857201028,0.997528070347704
"ENSG00000137767",121.017113948153,0.0613393658050974,0.309901729799565,0.197931666418158,0.84309852806241,0.997528070347704
"ENSG00000137770",110.353569008872,0.0802847660698008,0.31488009937607,0.254969323970882,0.798746792277475,0.997528070347704
"ENSG00000137776",401.325180139189,0.0189359690872083,0.23602891092571,0.0802273289866952,0.93605645482457,0.997528070347704
"ENSG00000137801",2070.48318370708,0.288593684596474,0.611088753630221,0.472261488829668,0.636740155147086,0.997528070347704
"ENSG00000137802",121.304030916102,0.136942280865629,0.300857559180117,0.455173143193803,0.648984680307309,0.997528070347704
"ENSG00000137815",228.646075801532,0.0405037950886379,0.255627484576622,0.158448514077903,0.874103387868974,0.997528070347704
"ENSG00000137822",130.878465680871,0.12737269039285,0.290336569438064,0.438707017305383,0.660873841767022,0.997528070347704
"ENSG00000137824",120.663954318318,0.197789054794538,0.300088615949631,0.659102159435919,0.509830169087724,0.997528070347704
"ENSG00000137831",223.738703501584,0.127559256761637,0.267941677047329,0.476070979951004,0.63402381080088,0.997528070347704
"ENSG00000137857",109.693621903496,0.203698216333426,0.39519419977516,0.515438274269502,0.606246792543307,0.997528070347704
"ENSG00000137871",171.016462100081,-0.0472658115869677,0.277994005666354,-0.170024571118615,0.864990813028183,0.997528070347704
"ENSG00000137941",130.958989308927,-0.0574456313843109,0.298210890429319,-0.192634250552049,0.847245419220404,0.997528070347704
"ENSG00000137955",175.638298919713,0.173492923957615,0.276671243232461,0.627072484767943,0.530611722419146,0.997528070347704
"ENSG00000137959",136.915159583874,-0.929823097442565,1.09146116075936,-0.851906719974956,0.394265866793896,0.997528070347704
"ENSG00000138002",178.296924046002,0.094478984495513,0.268314278520312,0.352120599084557,0.724747820624202,0.997528070347704
"ENSG00000138029",443.281122404919,-0.0065880945331274,0.230210999416443,-0.0286176357768631,0.977169546528723,0.997528070347704
"ENSG00000138031",130.792073367044,0.266659513145189,0.309625081154693,0.861233567225009,0.38910941596412,0.997528070347704
"ENSG00000138032",243.821620958448,0.0636105841928686,0.267405662213379,0.237880468447635,0.811973804656732,0.997528070347704
"ENSG00000138069",482.65204380945,-0.0610216104873104,0.228564513531138,-0.266977622836439,0.789486390332914,0.997528070347704
"ENSG00000138071",510.47554678144,-0.0227420180545423,0.226885091779264,-0.10023584130714,0.920157092040216,0.997528070347704
"ENSG00000138073",213.359109918468,-0.0687938099606758,0.264862197551076,-0.259734347131246,0.795068696457885,0.997528070347704
"ENSG00000138081",131.519782968336,-0.194549017717726,0.305411028658514,-0.637007178726525,0.524120167594145,0.997528070347704
"ENSG00000138085",226.512811276248,-0.0791539641170225,0.25627919637428,-0.308858328092394,0.757429297314656,0.997528070347704
"ENSG00000138095",384.25881950186,0.0307339351354641,0.233302164582402,0.131734462003283,0.895194326312338,0.997528070347704
"ENSG00000138101",122.405877561624,-0.0790196389326106,0.3037088389101,-0.260182216678919,0.794723221041419,0.997528070347704
"ENSG00000138107",296.241806686901,0.129735654873518,0.243766653779781,0.532212478047637,0.594578841630409,0.997528070347704
"ENSG00000138162",474.264729303398,-0.192795286030204,0.236125216309437,-0.81649596363969,0.414216531151907,0.997528070347704
"ENSG00000138193",111.127566326393,0.259043585937922,0.32954881437344,0.786055281158978,0.431835101305203,0.997528070347704
"ENSG00000138246",199.618511355421,-0.0854607002294148,0.266303793262203,-0.320914318127156,0.748275323073942,0.997528070347704
"ENSG00000138279",448.287121293073,-0.0406765870907503,0.232441091776184,-0.174997401620869,0.861081675287552,0.997528070347704
"ENSG00000138297",110.540827851572,0.0703729168515785,0.312883902788433,0.224917025850204,0.822043823905875,0.997528070347704
"ENSG00000138363",183.678419648948,0.0437898583444629,0.266619373964663,0.164241096561373,0.869541349978544,0.997528070347704
"ENSG00000138381",118.896866904876,-0.0613057512191199,0.303610428516087,-0.201922415902363,0.839977377657717,0.997528070347704
"ENSG00000138386",105.134613137275,0.254912181155069,0.323630197746344,0.787665004471757,0.430892680629705,0.997528070347704
"ENSG00000138398",227.441416680459,-0.120898407390783,0.269610225820603,-0.448419220831883,0.653850672628962,0.997528070347704
"ENSG00000138413",908.267620750393,-0.15949548288785,0.247287650212178,-0.64497957237654,0.518940423700684,0.997528070347704
"ENSG00000138434",307.94571942255,-0.0457766672146534,0.253645118512333,-0.180475254099667,0.856779479777331,0.997528070347704
"ENSG00000138443",313.523684889854,-0.126486470802067,0.241735732788772,-0.523242754982322,0.600805331885978,0.997528070347704
"ENSG00000138592",152.442080920963,-0.253251311147285,0.289809594946801,-0.873854128928249,0.382197698140171,0.997528070347704
"ENSG00000138594",136.035401495654,-0.158874865748086,0.289186826354308,-0.549384865662706,0.582741358011737,0.997528070347704
"ENSG00000138614",147.051740973779,-0.0946197988261077,0.291941046645298,-0.324105842304075,0.745857903952665,0.997528070347704
"ENSG00000138641",180.715497977066,-0.224387954530945,0.268754249073883,-0.83491872334736,0.403763471976066,0.997528070347704
"ENSG00000138650",107.782183913112,0.102565254051284,0.323319795700861,0.317225407831752,0.751072572120585,0.997528070347704
"ENSG00000138663",120.12976892711,0.0775805203353366,0.305757997290372,0.253731778147604,0.799702781853189,0.997528070347704
"ENSG00000138698",105.314689392174,0.0695181347700595,0.313239256087924,0.221933022183357,0.824366023495198,0.997528070347704
"ENSG00000138709",105.139451550422,-0.106982891211525,0.322901290854358,-0.331317632482858,0.740404573942252,0.997528070347704
"ENSG00000138750",113.304655631774,0.102634051617269,0.314669312926581,0.326164793963293,0.744299676461252,0.997528070347704
"ENSG00000138758",240.278840155861,-0.0364364963206475,0.26403063862549,-0.138001015754578,0.890239614773146,0.997528070347704
"ENSG00000138759",128.62465761341,-0.0614478324406907,0.298790118481996,-0.20565550411398,0.837060018087057,0.997528070347704
"ENSG00000138764",567.410334298407,-0.0284115408890411,0.238295055183716,-0.119228411462994,0.905094398098071,0.997528070347704
"ENSG00000138767",151.715459215304,-0.17061420686916,0.282187720639681,-0.604612441967359,0.545436537706331,0.997528070347704
"ENSG00000138768",409.203686496819,0.0287275085828434,0.232299547871803,0.123665796365205,0.90157989427148,0.997528070347704
"ENSG00000138777",178.573235523108,-0.0191584472890098,0.270619615380899,-0.070794747313657,0.943561112373546,0.997528070347704
"ENSG00000138796",145.460774223583,0.0830351149441781,0.287746935483614,0.288569936651529,0.772910504255388,0.997528070347704
"ENSG00000138801",298.991959225451,-0.138585288109638,0.243888681585347,-0.568231732644558,0.569877626982457,0.997528070347704
"ENSG00000138802",210.894310663155,-0.15662439738175,0.258575095396322,-0.605721123844853,0.544699954438572,0.997528070347704
"ENSG00000138821",123.548810433395,0.109502082161099,0.318663263944807,0.343629450114668,0.731124973969727,0.997528070347704
"ENSG00000138834",517.854881198534,0.0869232603481868,0.223857212109258,0.388297788260501,0.697795673826074,0.997528070347704
"ENSG00000138835",116.095061040115,0.168998173697611,0.329158175808776,0.513425417073005,0.607653769872029,0.997528070347704
"ENSG00000138867",332.303650576357,-0.197875541369758,0.25026004253776,-0.790679724031062,0.429130910947792,0.997528070347704
"ENSG00000138942",180.887378313984,-0.207833574812569,0.289139572887041,-0.718800172309045,0.47226405149559,0.997528070347704
"ENSG00000139182",207.224655191256,0.180707903841828,0.269894219747831,0.669550848516387,0.503144155784302,0.997528070347704
"ENSG00000139192",109.342629476143,0.128464058167591,0.314338020688642,0.4086812593849,0.682773588584748,0.997528070347704
"ENSG00000139197",125.611517755491,0.0610216507143324,0.295460678338417,0.206530530754549,0.836376518683763,0.997528070347704
"ENSG00000139239",550.052827612529,0.176757552166842,0.22305297985332,0.792446495371091,0.428100377787493,0.997528070347704
"ENSG00000139428",121.056679850395,-0.171385365296102,0.328762592068466,-0.521304337630998,0.602154779787217,0.997528070347704
"ENSG00000139433",159.97808314198,0.113092098467543,0.291781213838678,0.387592117325517,0.698317903258797,0.997528070347704
"ENSG00000139505",139.898715167919,-0.130774593208941,0.288376684851307,-0.45348531999517,0.650199311734128,0.997528070347704
"ENSG00000139613",480.433101610683,-0.0616612824515943,0.231318825349922,-0.266564047946888,0.789804839834237,0.997528070347704
"ENSG00000139631",289.629659977083,0.062085590868592,0.256458530718398,0.242088226485102,0.808711800815426,0.997528070347704
"ENSG00000139641",360.27007760321,0.138680945969974,0.237136373453668,0.58481515910114,0.558672010258087,0.997528070347704
"ENSG00000139645",413.851665913416,-0.0920812709017137,0.231925406353866,-0.397029684454743,0.691345570785294,0.997528070347704
"ENSG00000139651",176.117782211023,0.217381764977519,0.27071285544007,0.802997569598767,0.421976139317309,0.997528070347704
"ENSG00000139679",217.357019436605,0.0971939416492844,0.256969399671216,0.378231578443351,0.70525856867983,0.997528070347704
"ENSG00000139687",163.642058943697,-0.253234871581889,0.282884256646292,-0.895188988542845,0.370686070053079,0.997528070347704
"ENSG00000139697",177.823859176879,-0.0776279457875878,0.274926341505952,-0.28235906884138,0.777668196889808,0.997528070347704
"ENSG00000139718",255.208678085528,-0.0472791532769659,0.263160074956919,-0.179659294004631,0.857420052054282,0.997528070347704
"ENSG00000139722",109.240919439789,0.099344047135667,0.310343265541319,0.32011020752258,0.748884787996121,0.997528070347704
"ENSG00000139726",195.983656604049,0.0606902401569004,0.282692159143732,0.214686676633443,0.83001161089174,0.997528070347704
"ENSG00000139793",229.05273292003,0.101276246190536,0.269507802242285,0.375782242101806,0.707078790612312,0.997528070347704
"ENSG00000139842",346.619803577319,-0.0533206305908074,0.236128123603459,-0.225812282658677,0.821347423621725,0.997528070347704
"ENSG00000139990",332.998927047543,0.0396703801462337,0.237636855385041,0.166936984930036,0.867419631690686,0.997528070347704
"ENSG00000140105",291.904771916311,-0.123889275583737,0.263266183727713,-0.470585602106314,0.637936691354488,0.997528070347704
"ENSG00000140157",127.195224759982,-0.025290014505899,0.296900037214821,-0.0851802335329466,0.93211810481615,0.997528070347704
"ENSG00000140181",232.52370260708,0.052199369915273,0.255942080973087,0.203949931628328,0.838392625225216,0.997528070347704
"ENSG00000140259",124.965181154581,0.126583826111059,0.298062779166256,0.424688471553342,0.671063788943205,0.997528070347704
"ENSG00000140262",304.700725065389,-0.161865805903339,0.241025312369814,-0.671571812569557,0.501856327941541,0.997528070347704
"ENSG00000140264",1032.34446011079,-0.119684527079232,0.233443510158436,-0.512691601484243,0.608167065457599,0.997528070347704
"ENSG00000140299",220.749388137672,0.0416256643271807,0.256424947158944,0.16233079030871,0.871045369072066,0.997528070347704
"ENSG00000140319",461.510733925007,0.169499112977728,0.227083938292587,0.746416123712529,0.455416082224484,0.997528070347704
"ENSG00000140320",112.42392919037,0.0748034091854985,0.30459298213261,0.245584808493491,0.806003650214343,0.997528070347704
"ENSG00000140332",388.436429407094,-0.208643442071492,0.238367875392397,-0.875300170914501,0.38141060115903,0.997528070347704
"ENSG00000140350",357.027213146689,-0.0251485567649027,0.252033991296504,-0.0997824009195521,0.920517080342762,0.997528070347704
"ENSG00000140367",181.236851051291,-0.16612624703948,0.269663771128871,-0.616049558099848,0.537861812075742,0.997528070347704
"ENSG00000140374",236.505236434828,-0.0511198951082225,0.262076024244915,-0.195057503850295,0.845347930519968,0.997528070347704
"ENSG00000140395",191.446116550074,-0.148671119893059,0.274826186883608,-0.540964169313397,0.588532279730254,0.997528070347704
"ENSG00000140398",182.658929125419,0.0656480699565578,0.28123963248662,0.233423964382691,0.815432206194323,0.997528070347704
"ENSG00000140400",489.078735928539,0.08060719506599,0.230186750320634,0.35018173267449,0.726202315123318,0.997528070347704
"ENSG00000140450",127.912610984491,-0.0415351675206503,0.293589461107082,-0.141473632479952,0.887495788752964,0.997528070347704
"ENSG00000140455",173.92852701459,-0.0838521957018458,0.272595281687998,-0.307606922550552,0.758381452036676,0.997528070347704
"ENSG00000140463",144.079373696319,-0.171308849907834,0.303094352045647,-0.565199743088692,0.571937911413724,0.997528070347704
"ENSG00000140464",220.818500627612,0.0469503252808067,0.268966012514404,0.174558580252932,0.861426496959343,0.997528070347704
"ENSG00000140474",209.992894799623,-0.0786777865480588,0.264236204151596,-0.297755513104935,0.765889770618448,0.997528070347704
"ENSG00000140506",106.877644193021,-0.386889907727319,0.446386966779892,-0.866714166227193,0.386098641596123,0.997528070347704
"ENSG00000140521",142.059187242525,0.118579046958791,0.290723004442421,0.40787638111478,0.683364433679524,0.997528070347704
"ENSG00000140553",285.613991451345,-0.00813096254672291,0.251574214492953,-0.0323203336363817,0.974216593777732,0.997528070347704
"ENSG00000140575",658.467987649006,-0.121282403410709,0.225353676979624,-0.538186929258202,0.59044800289202,0.997528070347704
"ENSG00000140577",188.276103637812,0.248853413119233,0.285980500869755,0.870176156634433,0.384204143945683,0.997528070347704
"ENSG00000140612",198.502125535813,0.124300696589374,0.262131704903094,0.474191767971469,0.635363163117512,0.997528070347704
"ENSG00000140632",233.60670675757,-0.168734498272604,0.25416986969286,-0.663865069752381,0.506776674436581,0.997528070347704
"ENSG00000140688",192.765831743124,-0.113986863326449,0.264216523237961,-0.431414591069271,0.666166942409489,0.997528070347704
"ENSG00000140694",146.732250284807,0.184143666788082,0.281012467323286,0.655286466618713,0.512283332479201,0.997528070347704
"ENSG00000140718",130.36156779175,-0.181210600491978,0.312707241382694,-0.579489620037968,0.562258848503176,0.997528070347704
"ENSG00000140740",418.732017118175,0.0667579116113187,0.232442133032024,0.287202284458994,0.773957437227877,0.997528070347704
"ENSG00000140750",102.854909473575,0.0539779636250991,0.313861743179465,0.171980067013885,0.86345319972323,0.997528070347704
"ENSG00000140829",256.92726284894,0.0605723039022743,0.250320607406095,0.241978894706051,0.80879651691221,0.997528070347704
"ENSG00000140853",171.37897216718,0.29172405460848,0.341813286553381,0.853460254719857,0.39340411942752,0.997528070347704
"ENSG00000140939",194.266962198917,-0.218212985357995,0.317030826982963,-0.688302104355679,0.49126255681811,0.997528070347704
"ENSG00000140941",166.739808284985,0.225733037216583,0.275058609190635,0.820672502783341,0.411832837398853,0.997528070347704
"ENSG00000140943",615.095147435885,-0.0419214389963262,0.221762570913612,-0.189037486459591,0.850063436489616,0.997528070347704
"ENSG00000140948",127.227839422627,-0.0680104901215369,0.293222156780675,-0.231941852103651,0.816583177476067,0.997528070347704
"ENSG00000140983",251.291410289458,0.0428283693538142,0.251569266661668,0.170244839213263,0.864817589790667,0.997528070347704
"ENSG00000140988",496.390238969734,0.172862971222541,0.234368873471389,0.737567957135928,0.460777033082658,0.997528070347704
"ENSG00000140990",164.785784953158,0.0384427767229379,0.277342997416484,0.138610951352807,0.889757588927383,0.997528070347704
"ENSG00000140992",171.237067210116,-0.135336877647684,0.274449418582503,-0.493121385888453,0.621926820809326,0.997528070347704
"ENSG00000140995",160.928279914314,-0.134600196809741,0.274853438953179,-0.489716255042637,0.624334697742767,0.997528070347704
"ENSG00000141030",132.082670993206,0.184022681619632,0.296399347785886,0.620860615903135,0.534691336241855,0.997528070347704
"ENSG00000141076",105.2306607554,-0.0353832934060105,0.311307871325345,-0.11366013090312,0.909507218572962,0.997528070347704
"ENSG00000141084",194.09655840449,-0.221283853751868,0.271719830351189,-0.814382422754593,0.415425904984167,0.997528070347704
"ENSG00000141098",137.823474491533,-0.18073527451822,0.297965563987307,-0.606564302598132,0.544140096475623,0.997528070347704
"ENSG00000141141",104.953612494568,-0.0438827932159698,0.310595887017766,-0.141285815589244,0.887644154729427,0.997528070347704
"ENSG00000141252",231.431659880484,-0.0474716745263073,0.257447285700078,-0.184393765881886,0.853704560074628,0.997528070347704
"ENSG00000141258",692.33107849353,-0.136610160711455,0.231214033658442,-0.59083853410585,0.554628613212812,0.997528070347704
"ENSG00000141279",393.318024304668,-0.145535780467583,0.23991660834697,-0.606609861111023,0.544109854460077,0.997528070347704
"ENSG00000141295",106.944606181331,0.125735280068381,0.310183291419036,0.405358004595166,0.685214375354753,0.997528070347704
"ENSG00000141349",131.623077795662,-0.170246705575573,0.296894673079827,-0.573424587950752,0.566357246072425,0.997528070347704
"ENSG00000141376",110.740254334097,-0.250647675454582,0.306151304535573,-0.818705234115566,0.412954609638557,0.997528070347704
"ENSG00000141380",382.685330040635,-0.0940444241163848,0.234716793649444,-0.400671901887186,0.688661700508633,0.997528070347704
"ENSG00000141385",122.33292342837,-0.0743933712093348,0.296874266370287,-0.250588817006271,0.802132028647892,0.997528070347704
"ENSG00000141447",153.134442237419,-0.137663947948962,0.279143132710894,-0.493166163939056,0.621895183682408,0.997528070347704
"ENSG00000141456",181.333048098612,0.241506687945661,0.270725719917428,0.892071458963417,0.372354631696767,0.997528070347704
"ENSG00000141458",167.445185555316,0.185507782555017,0.2927850374807,0.63359720889851,0.5263437228085,0.997528070347704
"ENSG00000141503",422.272886177263,0.0989049355283423,0.231223252158813,0.427746494372506,0.668835695577721,0.997528070347704
"ENSG00000141504",156.007260213804,0.0453209942898441,0.298828954183798,0.151661991434635,0.879453536756797,0.997528070347704
"ENSG00000141510",199.991692433625,-0.0270193172307201,0.26785033768778,-0.100874680480019,0.919649942613539,0.997528070347704
"ENSG00000141524",190.869172961157,-0.150636117266253,0.264351751943139,-0.569832112550758,0.568791572972543,0.997528070347704
"ENSG00000141543",255.363470282112,0.110727178227759,0.250064249987936,0.442794914639341,0.657914081962535,0.997528070347704
"ENSG00000141551",830.931075893216,-0.154456822006773,0.21654555174036,-0.713276355784799,0.475674765486068,0.997528070347704
"ENSG00000141552",121.483120823156,-0.214844482063964,0.297851070715581,-0.721315124192113,0.470715653750493,0.997528070347704
"ENSG00000141556",365.869233094536,-0.179234029435534,0.244950417241481,-0.731715550657089,0.464342202865778,0.997528070347704
"ENSG00000141560",102.603322751561,0.12016126358052,0.317187350109048,0.378833719375028,0.704811345982461,0.997528070347704
"ENSG00000141562",172.849154649093,0.176060385681458,0.273374975570453,0.644025245229825,0.519559063676646,0.997528070347704
"ENSG00000141564",117.322390951412,-0.0361510714734934,0.300921540638983,-0.120134542036205,0.904376569943119,0.997528070347704
"ENSG00000141568",168.364791992194,0.0436507673643875,0.278838040262629,0.156545237957038,0.87560326402589,0.997528070347704
"ENSG00000141580",483.883670493418,0.0847595108152507,0.251991975579967,0.336357975765595,0.73660093563301,0.997528070347704
"ENSG00000141627",121.65944429252,0.11160820678493,0.304447380139058,0.366592764680558,0.713922805991384,0.997528070347704
"ENSG00000141646",368.424522324245,-0.127342127453212,0.241469663509902,-0.52736283971336,0.597941643756821,0.997528070347704
"ENSG00000141699",306.183128953674,0.0945323131251469,0.244774945582092,0.386200936130708,0.699347860496216,0.997528070347704
"ENSG00000141720",342.277792520165,0.0672231145590522,0.241431233406404,0.278435866025233,0.780677790485886,0.997528070347704
"ENSG00000141741",106.451791426914,-0.168081681463655,0.319522126264544,-0.526040820486073,0.598859845151018,0.997528070347704
"ENSG00000141867",361.068758906007,0.0695654149456345,0.236675107864069,0.293927889474496,0.768813006212087,0.997528070347704
"ENSG00000141905",757.648594771737,0.0137219394126454,0.217182876463056,0.0631814977134237,0.949621978025228,0.997528070347704
"ENSG00000141934",105.714131771281,0.1310768061905,0.334731924717655,0.391587406253714,0.695363094617933,0.997528070347704
"ENSG00000141959",531.880685306075,-0.0881000922022536,0.223537888027611,-0.39411704646405,0.693494626196571,0.997528070347704
"ENSG00000141985",171.891051855706,0.0467192482357144,0.275941429961169,0.169308567554676,0.865553937335758,0.997528070347704
"ENSG00000142002",117.219226052009,0.0892432946279725,0.301288383838703,0.296205560569337,0.767073102567168,0.997528070347704
"ENSG00000142039",104.080188759769,0.0699958244288115,0.309775578875338,0.225956560820373,0.821235206018164,0.997528070347704
"ENSG00000142082",117.065321142537,-0.12262994291026,0.302151309750576,-0.405856069303455,0.684848358234331,0.997528070347704
"ENSG00000142102",186.450915130311,0.104575288782751,0.292893669915519,0.357041819350054,0.721060498919033,0.997528070347704
"ENSG00000142166",352.945128826117,-0.0488094051014537,0.237383298100313,-0.205614318665452,0.83709219183349,0.997528070347704
"ENSG00000142168",440.421390287993,0.115705772100387,0.23776166730629,0.486646032605974,0.626509195991127,0.997528070347704
"ENSG00000142186",296.331360201225,-0.184694214911487,0.243181456216433,-0.759491360011877,0.447558680548733,0.997528070347704
"ENSG00000142188",255.722745487916,0.0172697283747346,0.255231181471359,0.0676630820543867,0.94605383818258,0.997528070347704
"ENSG00000142192",2521.5566849761,0.145903126457539,0.208523711772911,0.699695613592532,0.484117416402105,0.997528070347704
"ENSG00000142207",246.197847330522,0.139780672054859,0.263442532488854,0.530592652349231,0.595701088462247,0.997528070347704
"ENSG00000142208",542.237517367736,-0.0875318294831652,0.238007948669799,-0.367768513498693,0.713045848691552,0.997528070347704
"ENSG00000142230",168.470117923346,0.167832946965032,0.274320640097478,0.611813048064463,0.540661455846566,0.997528070347704
"ENSG00000142507",158.385955431823,-0.0411649629036157,0.276202054195558,-0.14903930755877,0.881522616379906,0.997528070347704
"ENSG00000142528",110.704341874585,0.076458205988541,0.322476593661758,0.237096916462524,0.812581604482088,0.997528070347704
"ENSG00000142583",181.469999605326,-0.281632809771205,0.806882006609742,-0.349038406438799,0.727060476393835,0.997528070347704
"ENSG00000142657",180.462207376411,-0.108343376437202,0.288097505008647,-0.376064959097616,0.706868604003349,0.997528070347704
"ENSG00000142675",103.715964048754,0.0350009970813719,0.318783318794364,0.10979557278513,0.912571502223377,0.997528070347704
"ENSG00000142751",129.514383419416,0.137268627472316,0.291479389953975,0.47093767931239,0.637685239668127,0.997528070347704
"ENSG00000142784",294.482031037146,-0.0272489309574744,0.244362027980646,-0.111510496056419,0.911211542860388,0.997528070347704
"ENSG00000142798",1007.32176541091,0.00792636274930279,0.284034174921384,0.0279063698989626,0.977736827978706,0.997528070347704
"ENSG00000142864",404.059842306747,-0.0668129474785492,0.235539028968421,-0.283659772952138,0.776671125435375,0.997528070347704
"ENSG00000142875",253.295573403841,-0.0393017281713386,0.255861788327677,-0.153605305537088,0.877920953378348,0.997528070347704
"ENSG00000142892",121.323815371962,-0.0156305033887769,0.300619051749747,-0.0519943872412605,0.958533165699018,0.997528070347704
"ENSG00000143061",114.495322038123,-0.121225583098677,0.301288127659321,-0.402357650268091,0.687420832553584,0.997528070347704
"ENSG00000143079",166.694291606807,-0.0847307328229619,0.292027444249443,-0.290146472502724,0.771704184249523,0.997528070347704
"ENSG00000143093",155.288680131965,0.194489993151613,0.278175592543473,0.699162681288143,0.484450369782916,0.997528070347704
"ENSG00000143106",199.703286318826,-0.0359909940197338,0.269468466417128,-0.133562915536176,0.893748210490265,0.997528070347704
"ENSG00000143126",113.140083716187,-0.171547053154935,0.316012910271171,-0.542848243154784,0.58723429384495,0.997528070347704
"ENSG00000143157",147.900070909596,0.167825689570792,0.294883871993228,0.569124680968127,0.56927153007639,0.997528070347704
"ENSG00000143162",242.388709281015,0.0107967562316502,0.27932661402658,0.0386528017363316,0.969167204020942,0.997528070347704
"ENSG00000143164",280.265072294534,-0.0683358745676265,0.249897134557877,-0.273456014966028,0.784502699173634,0.997528070347704
"ENSG00000143198",159.409807672131,-0.176619439719813,0.316033441869621,-0.558863133834669,0.576255131261368,0.997528070347704
"ENSG00000143217",102.627055137924,-0.0347095954146937,0.319520756543286,-0.108630174108866,0.913495826893413,0.997528070347704
"ENSG00000143222",232.0769276663,-0.0165904821949693,0.25384911165537,-0.0653556834876494,0.947890808055329,0.997528070347704
"ENSG00000143248",482.96760437251,0.107563889482324,0.255938770468555,0.420271963037893,0.67428678915319,0.997528070347704
"ENSG00000143294",125.776192497936,0.0840419661593676,0.303355876279771,0.277040837942627,0.781748748750843,0.997528070347704
"ENSG00000143303",114.252631226521,-0.166898385536754,0.302052463884924,-0.552547671322223,0.580573182701026,0.997528070347704
"ENSG00000143319",114.835048251366,0.177795163350462,0.304640988484419,0.583621935560898,0.559474698770512,0.997528070347704
"ENSG00000143321",353.270168747432,0.180115734799932,0.243164924194827,0.740714292558168,0.458866691478142,0.997528070347704
"ENSG00000143322",103.263713386833,-0.0444218801438753,0.319042503324183,-0.139234991203469,0.889264458811954,0.997528070347704
"ENSG00000143324",122.311227250785,-0.104697882515168,0.317593457610039,-0.329660073299502,0.74165682559525,0.997528070347704
"ENSG00000143337",279.756336989997,-0.0957895807360929,0.277891893546206,-0.34470088174834,0.730319255181998,0.997528070347704
"ENSG00000143367",110.347009553194,0.0845147458255879,0.305445967692157,0.276692949866556,0.782015885797956,0.997528070347704
"ENSG00000143368",136.494098575279,-0.0269265038658449,0.290434754971557,-0.0927110251267344,0.926133137954147,0.997528070347704
"ENSG00000143373",145.752426147218,0.0257067327610859,0.286936470731231,0.0895903288124187,0.928612769990117,0.997528070347704
"ENSG00000143375",342.281335703391,-0.15663472396404,0.237277215814967,-0.660133858306002,0.509167932566863,0.997528070347704
"ENSG00000143376",238.706584966958,-0.11893768538785,0.25954410901633,-0.458256154757751,0.646768420289845,0.997528070347704
"ENSG00000143379",141.143701669016,0.131165746184283,0.286710622333807,0.457484780705372,0.647322638978271,0.997528070347704
"ENSG00000143384",1346.210863271,0.0616956708511915,0.25165415071046,0.245160553390495,0.806332118304885,0.997528070347704
"ENSG00000143390",153.914483657004,0.208171983141069,0.281578410491802,0.739303779638069,0.459722554732195,0.997528070347704
"ENSG00000143393",346.015181348555,-0.0262683105425708,0.236323378402727,-0.111154091990874,0.911494155248379,0.997528070347704
"ENSG00000143398",171.915129031384,0.072087857090947,0.282358317737075,0.2553062989916,0.798486535227436,0.997528070347704
"ENSG00000143409",108.850048486259,0.0393524360919468,0.321310307455256,0.12247486364074,0.902522952017496,0.997528070347704
"ENSG00000143418",327.437471957857,-0.0339560304499399,0.23906285819349,-0.142038084487624,0.887049923565883,0.997528070347704
"ENSG00000143420",357.083569713184,-0.0239490002030265,0.238648487505063,-0.100352616743563,0.920064386158056,0.997528070347704
"ENSG00000143437",219.600789354052,0.0651282618973336,0.258388742901621,0.252055337883394,0.800998290786883,0.997528070347704
"ENSG00000143442",604.115289212188,-0.0370251520648758,0.222674250599232,-0.166274959790988,0.867940570915643,0.997528070347704
"ENSG00000143457",157.82690461711,0.0331984874532028,0.278622993797284,0.119152001781148,0.905154932686323,0.997528070347704
"ENSG00000143458",141.128427298039,0.168984257347223,0.288965629986165,0.584790161221989,0.558688820739055,0.997528070347704
"ENSG00000143486",160.682046500217,0.0637774653131737,0.279719139515301,0.228005367897555,0.819642067450369,0.997528070347704
"ENSG00000143514",116.398561427859,-0.0860454681759446,0.301445887742786,-0.285442501207263,0.775305150011987,0.997528070347704
"ENSG00000143515",384.973671848488,0.134139531122079,0.234033164132932,0.573164626556461,0.566533232773236,0.997528070347704
"ENSG00000143537",305.540727360504,0.00736625707011697,0.246491861640258,0.0298843824745323,0.976159261267103,0.997528070347704
"ENSG00000143543",299.573413683498,0.11751838226609,0.251042653478845,0.468121176372097,0.639697936381268,0.997528070347704
"ENSG00000143545",222.243286914807,0.244516848458942,0.281658177698133,0.868133318397745,0.385321353111527,0.997528070347704
"ENSG00000143549",302.950236187587,0.139289534173015,0.268007478540417,0.519722564950774,0.603256957115228,0.997528070347704
"ENSG00000143569",530.957284858023,-0.0823999753990113,0.227003171952827,-0.362990414143352,0.716612045077946,0.997528070347704
"ENSG00000143612",486.744862258952,-0.074041803886029,0.22604393711575,-0.327554920652946,0.743248211094208,0.997528070347704
"ENSG00000143614",226.699867918733,0.0729775665818317,0.258548139613703,0.28225910536764,0.77774484035092,0.997528070347704
"ENSG00000143621",362.684647883493,-0.0582595912162998,0.234444541940808,-0.248500522699347,0.803747165703968,0.997528070347704
"ENSG00000143622",108.656104000962,0.235994957361932,0.307588153141715,0.767243325048353,0.442936858006049,0.997528070347704
"ENSG00000143624",599.505775598331,0.116383149676967,0.221474364736797,0.525492644782065,0.599240765072437,0.997528070347704
"ENSG00000143641",219.390617468249,0.0905976854555031,0.268284873800008,0.337692111270645,0.73559522019992,0.997528070347704
"ENSG00000143727",200.200208153729,-0.0795376422201266,0.261897525330603,-0.303697570718636,0.761358308931113,0.997528070347704
"ENSG00000143772",296.245302992948,-0.163506763948012,0.244886910110026,-0.667682743330583,0.504336127696286,0.997528070347704
"ENSG00000143774",287.026754369089,-0.0444800863730891,0.246368395258266,-0.180542988586101,0.856726308820303,0.997528070347704
"ENSG00000143776",305.775544159231,-0.170225626179591,0.244378488562605,-0.696565508612607,0.486074747463319,0.997528070347704
"ENSG00000143799",461.460374796744,0.00872416223421566,0.227639328650699,0.0383244946553257,0.969428961218664,0.997528070347704
"ENSG00000143811",161.516762093034,0.205536975540138,0.274925347019436,0.747610134054347,0.454695350291568,0.997528070347704
"ENSG00000143815",197.553247281165,0.159608753516314,0.282403499318293,0.565179800893407,0.571951474159613,0.997528070347704
"ENSG00000143819",440.503648956853,0.0470442851716784,0.23567035352227,0.199619020672589,0.841778550831551,0.997528070347704
"ENSG00000143842",201.034296089321,-0.0677571660258645,0.268587668309744,-0.252272066146107,0.800830777997567,0.997528070347704
"ENSG00000143850",213.020872016437,0.136457297486352,0.280265418876131,0.486885959864573,0.626339149161721,0.997528070347704
"ENSG00000143862",117.946324384065,-0.181433786668455,0.302113060874639,-0.600549298144181,0.548140216526003,0.997528070347704
"ENSG00000143889",145.3949965779,0.201869681439395,0.290127682933958,0.695796000567607,0.486556594263305,0.997528070347704
"ENSG00000143924",300.446640781912,-0.154866087490332,0.243247640117526,-0.636660184721658,0.524346213381585,0.997528070347704
"ENSG00000143933",1054.88050754796,0.0749198956358827,0.231043116495973,0.324268027423308,0.745735123422235,0.997528070347704
"ENSG00000143970",145.733342828164,-0.117369492457324,0.287385994107397,-0.408403662196088,0.682977345211468,0.997528070347704
"ENSG00000144021",263.576583002173,0.0763096682277907,0.251151382542429,0.303839331702262,0.761250300052176,0.997528070347704
"ENSG00000144026",121.649936832708,-0.11986703886719,0.297190982757626,-0.403333364138264,0.686703000422916,0.997528070347704
"ENSG00000144028",1037.49129239734,-0.158487236376303,0.211997520169842,-0.747590048455904,0.454707469101216,0.997528070347704
"ENSG00000144029",112.079274178909,0.0492416472260809,0.319065013683905,0.154331077097861,0.877348694865577,0.997528070347704
"ENSG00000144036",132.11348292636,0.0200568216915779,0.290677890158466,0.0690001626220822,0.944989490055759,0.997528070347704
"ENSG00000144043",326.354721159398,-0.198171311432029,0.245387168727164,-0.807586282770831,0.41932878591227,0.997528070347704
"ENSG00000144115",178.209854814398,-0.18728160222849,0.277708355645467,-0.674382309431052,0.500068286790287,0.997528070347704
"ENSG00000144118",271.267581282474,-0.0972850376372864,0.247200456408463,-0.393547160271165,0.693915399178276,0.997528070347704
"ENSG00000144136",150.861475091057,0.232477456514968,0.297450011132139,0.781568155368777,0.434468407802767,0.997528070347704
"ENSG00000144233",116.911574521682,0.156318568917432,0.307997984551883,0.507531142273106,0.61178219102666,0.997528070347704
"ENSG00000144283",280.699700776884,0.0338805485778589,0.257000624715176,0.131830607864893,0.89511827625605,0.997528070347704
"ENSG00000144426",119.408253557133,-0.248304814466217,0.303025981038307,-0.819417574741975,0.412548211200387,0.997528070347704
"ENSG00000144445",113.389311389588,-0.220871493055401,0.314047450763452,-0.703306116698162,0.48186499961656,0.997528070347704
"ENSG00000144455",117.102071375663,-0.213095032099183,0.304852585382199,-0.699010086570274,0.484545727309449,0.997528070347704
"ENSG00000144468",132.158390981849,-0.00850081734984831,0.300624249585817,-0.0282772176947144,0.977441050978834,0.997528070347704
"ENSG00000144524",134.569908990646,0.20420576859648,0.297666756122023,0.686021412860663,0.492699605632235,0.997528070347704
"ENSG00000144560",137.925622087424,-0.0138990371006824,0.294725446754804,-0.0471592706151554,0.96238628872288,0.997528070347704
"ENSG00000144566",191.356005406168,-0.0468821888285473,0.268512833039332,-0.174599434588961,0.861394392893201,0.997528070347704
"ENSG00000144567",323.526577586147,-0.10999122461742,0.241114438025018,-0.456178508090866,0.648261618850392,0.997528070347704
"ENSG00000144579",456.242945807126,-0.171950715439763,0.23821186718423,-0.721839417457646,0.470393211852806,0.997528070347704
"ENSG00000144580",190.33333927323,0.0468841691454717,0.264947528501847,0.176956431375599,0.859542612144852,0.997528070347704
"ENSG00000144591",231.857502570099,-0.225890794249185,0.253912095845654,-0.88964172225374,0.373658295702033,0.997528070347704
"ENSG00000144635",120.480758700862,-0.256597453401945,0.311748188927535,-0.823092041960798,0.410455653952154,0.997528070347704
"ENSG00000144659",123.540695051518,-0.106197091518412,0.312956952079663,-0.339334502118297,0.734357753962001,0.997528070347704
"ENSG00000144677",266.482621317181,0.084419009462984,0.263157398258111,0.320792841173266,0.74836738483815,0.997528070347704
"ENSG00000144711",393.694615878133,-0.111401809492478,0.236928335373188,-0.47019200686574,0.638217844325406,0.997528070347704
"ENSG00000144724",131.807126943653,-0.273521883456102,0.332063992100633,-0.823702328354861,0.410108716147856,0.997528070347704
"ENSG00000144744",179.448827820048,0.0403406084631055,0.268079353197014,0.150480102186231,0.880385848134365,0.997528070347704
"ENSG00000144827",134.543368037883,-0.0854518304920705,0.296229136695468,-0.288465312512177,0.772990579098788,0.997528070347704
"ENSG00000144837",172.722478169169,-0.158995499112095,0.391111129989415,-0.40652256333487,0.684358681750479,0.997528070347704
"ENSG00000144848",123.122011201998,0.203009863674474,0.294299061007924,0.689808057760021,0.490314900774493,0.997528070347704
"ENSG00000144867",187.806776003158,0.0881753745640242,0.266730491992238,0.330578532305898,0.740962864075709,0.997528070347704
"ENSG00000144895",262.271505543395,-0.0557782056643672,0.247534338113365,-0.225335224557096,0.821718498981819,0.997528070347704
"ENSG00000144959",103.379974967149,0.268805677985196,0.317293469416013,0.847183140831546,0.396893049084847,0.997528070347704
"ENSG00000145020",133.067887930182,0.266824609204082,0.307254617841267,0.868415293735074,0.385167025433377,0.997528070347704
"ENSG00000145041",170.835151482648,-0.0826799910237039,0.275079605051218,-0.300567506661606,0.763744312240742,0.997528070347704
"ENSG00000145050",291.885872636773,-0.0742304542360519,0.251432061651319,-0.295230662901668,0.767817679751653,0.997528070347704
"ENSG00000145113",296.979600007837,0.221468486610648,0.300396168944145,0.73725469731882,0.460967476255648,0.997528070347704
"ENSG00000145147",154.294020281627,0.222290985390182,0.301778335795785,0.736603523258238,0.461363491760091,0.997528070347704
"ENSG00000145216",108.429984037777,0.0542215720851693,0.310769129302524,0.174475412686137,0.861491852224519,0.997528070347704
"ENSG00000145246",106.058570246767,0.212947510052469,0.327807915271588,0.649610641268506,0.515943757650337,0.997528070347704
"ENSG00000145293",135.880164778255,0.0342545296012695,0.29499369267235,0.116119532221036,0.90755780905468,0.997528070347704
"ENSG00000145348",115.925482885221,-0.0425427884510574,0.304292835420359,-0.139808708911229,0.888811132166352,0.997528070347704
"ENSG00000145349",206.962457728657,-0.20814470265083,0.273916818406968,-0.759882886568807,0.447324591936383,0.997528070347704
"ENSG00000145390",128.071669707194,0.0915140011025997,0.326741182011039,0.280081012559684,0.779415351738126,0.997528070347704
"ENSG00000145439",116.795162282243,-0.0376827405763782,0.307370265563964,-0.122597221651345,0.902426054648529,0.997528070347704
"ENSG00000145476",105.901014540295,-0.0502567934032673,0.31433449804022,-0.159883161780215,0.872973112833603,0.997528070347704
"ENSG00000145494",149.13212000764,0.130663271445277,0.294437692361408,0.443772230373596,0.657207267487802,0.997528070347704
"ENSG00000145569",128.035747739841,-0.234013120876152,0.301180541461961,-0.776986188218629,0.43716691913696,0.997528070347704
"ENSG00000145592",1130.02742703062,0.171336628469505,0.213221764486941,0.803560691291429,0.421650732639272,0.997528070347704
"ENSG00000145675",300.223576383375,-0.0806359776986059,0.25261324289903,-0.319207246513343,0.749569362264698,0.997528070347704
"ENSG00000145685",120.098191733991,0.285309212366484,0.319251526479126,0.893681591793856,0.371492277283351,0.997528070347704
"ENSG00000145715",143.171841371275,-0.186830671070736,0.289042497630248,-0.646377860011907,0.518034675134311,0.997528070347704
"ENSG00000145743",128.576242850485,-0.0247291921344551,0.294740015449959,-0.0839017128254635,0.933134577726678,0.997528070347704
"ENSG00000145817",133.352217821277,-0.110291737406343,0.29990012740581,-0.367761555689845,0.713051037207393,0.997528070347704
"ENSG00000145833",249.657660782253,-0.177286085225055,0.250684550736832,-0.70720786224744,0.479437313355844,0.997528070347704
"ENSG00000145860",245.415618171337,0.0938747719390602,0.253857340394526,0.369793411500992,0.711536424677135,0.997528070347704
"ENSG00000145868",192.990376473823,-0.211408832792676,0.264666450368365,-0.798774580225168,0.424421132630529,0.997528070347704
"ENSG00000145901",251.55084713596,0.16394461501821,0.250101813354424,0.655511500773812,0.512138484188544,0.997528070347704
"ENSG00000145907",389.851886995896,-0.0364236631581585,0.245020467928131,-0.148655593821012,0.881825402795997,0.997528070347704
"ENSG00000145916",149.208472952775,0.0748634885830521,0.282455596733377,0.26504515912892,0.790974673463042,0.997528070347704
"ENSG00000145919",109.486238604905,0.122635598777142,0.310160649361489,0.395393803274546,0.692552281557036,0.997528070347704
"ENSG00000146063",172.173062488446,0.0938819147978948,0.273308461239164,0.343501677087639,0.731221079365518,0.997528070347704
"ENSG00000146067",268.303226937255,0.180251358968359,0.248601810677292,0.725060523401988,0.468414901203669,0.997528070347704
"ENSG00000146072",282.799914018293,0.191607585891472,0.326147514740157,0.587487493332968,0.556876347644233,0.997528070347704
"ENSG00000146083",198.585343267137,0.0953030123641791,0.26444672173741,0.360386439045415,0.718558166357132,0.997528070347704
"ENSG00000146085",166.271564885725,-0.112420899194831,0.275808267789326,-0.407605254533931,0.683563505995858,0.997528070347704
"ENSG00000146278",320.427419452482,0.0121932053335578,0.24043447207505,0.0507132160722435,0.959554045298444,0.997528070347704
"ENSG00000146282",123.133660164546,-0.187662572804585,0.295240819517266,-0.635625429814966,0.525020590621654,0.997528070347704
"ENSG00000146416",115.906974009027,0.0217829515278739,0.30038221872445,0.0725174466730204,0.94219012158495,0.997528070347704
"ENSG00000146425",191.922378819205,0.0248267765090243,0.269787257734662,0.0920235326067239,0.926679342602975,0.997528070347704
"ENSG00000146457",329.8294907248,-0.0852844076936317,0.243962938061783,-0.349579359763383,0.726654403255247,0.997528070347704
"ENSG00000146477",288.97771508077,0.119545178007818,0.724727121577906,0.164951985993762,0.868981773883537,0.997528070347704
"ENSG00000146535",251.536193639988,-0.0929758697935931,0.259508909763497,-0.358276214401758,0.720136616419832,0.997528070347704
"ENSG00000146576",113.863079793434,-0.0741042012704811,0.307072317833052,-0.241324915881118,0.809303301370726,0.997528070347704
"ENSG00000146648",399.129262835005,-0.0201660538089409,0.241040784340952,-0.0836624136619805,0.93332484188759,0.997528070347704
"ENSG00000146677",632.707814016153,0.0345103539602569,0.225569720467809,0.152991961370905,0.878404614558504,0.997528070347704
"ENSG00000146701",446.852905590242,-0.109329792707184,0.231447434061682,-0.472374183582641,0.636659728187337,0.997528070347704
"ENSG00000146729",257.6889420146,0.109463037266191,0.248333767473788,0.440789983495678,0.659365045648064,0.997528070347704
"ENSG00000146731",297.208381389256,0.0233446062455151,0.245164981462703,0.0952199865830614,0.92414009511792,0.997528070347704
"ENSG00000146828",168.583081153801,0.0633635034442822,0.271916892161492,0.233025256138374,0.815741793987695,0.997528070347704
"ENSG00000146830",360.760855725348,0.109209521537694,0.238787213017914,0.45735079428018,0.647418925815161,0.997528070347704
"ENSG00000146833",124.631023029948,0.0434290759485747,0.295569954278801,0.146933324310797,0.883184648381309,0.997528070347704
"ENSG00000146834",154.117956461563,0.101714257536164,0.291388435425139,0.349067585293017,0.727038570977517,0.997528070347704
"ENSG00000147044",138.535515577921,-0.205443676963533,0.310247661352536,-0.662192507972158,0.507847855080596,0.997528070347704
"ENSG00000147123",120.200101882902,0.0870982961010426,0.296883498228723,0.293375336186388,0.769235275350152,0.997528070347704
"ENSG00000147130",262.176656740624,-0.186681108324811,0.249404836662063,-0.74850636749182,0.454154785787585,0.997528070347704
"ENSG00000147133",170.243410488526,0.0580451930163802,0.27343502492122,0.212281484543188,0.831887439455613,0.997528070347704
"ENSG00000147140",787.018570934644,0.129178270432007,0.21677337221245,0.595913922054066,0.551232732157396,0.997528070347704
"ENSG00000147155",134.889557621246,-0.153781684697628,0.358748483176137,-0.428661560701637,0.668169538278436,0.997528070347704
"ENSG00000147164",166.219977502863,0.149796901760772,0.274350488550013,0.546005595078302,0.585062091198116,0.997528070347704
"ENSG00000147274",425.950966347896,0.068562280398342,0.231147625027487,0.296616849903558,0.766759045163742,0.997528070347704
"ENSG00000147324",111.761255144319,0.0923436265853324,0.328115025731215,0.281436750357719,0.778375434003619,0.997528070347704
"ENSG00000147403",729.922066076254,0.0634261041875686,0.216538510593474,0.292909118169025,0.769591619091129,0.997528070347704
"ENSG00000147416",239.44681628168,0.0831006704676498,0.253997506635708,0.327171205608863,0.743538398098847,0.997528070347704
"ENSG00000147457",106.715899138139,-0.0628636842572609,0.311527505053047,-0.201791762324667,0.840079521790247,0.997528070347704
"ENSG00000147459",261.614592592528,0.105765380035234,0.248765603939433,0.425160787344961,0.67071946738558,0.997528070347704
"ENSG00000147475",284.636695275216,0.0481459353676037,0.297039751708739,0.162085832251883,0.871238262890906,0.997528070347704
"ENSG00000147526",626.093368095017,0.131790289483402,0.235201700158871,0.560328813075681,0.575255177720406,0.997528070347704
"ENSG00000147533",104.194152773684,0.24947740971146,0.331793172745492,0.751906398938555,0.452107349726046,0.997528070347704
"ENSG00000147548",213.939178589053,-0.0294823943145034,0.258353138601873,-0.114116648530198,0.909145324819888,0.997528070347704
"ENSG00000147576",137.161436612093,-0.212283847940256,0.287508067019507,-0.73835788380106,0.460297000437793,0.997528070347704
"ENSG00000147604",176.978064514103,-0.0894930607272421,0.268773519618451,-0.332968295590599,0.73915821536368,0.997528070347704
"ENSG00000147669",114.373485089662,0.123428247641218,0.302335113943438,0.408249792858364,0.683090295418319,0.997528070347704
"ENSG00000147677",556.334695230862,0.157277431943628,0.22195556745293,0.70859872427837,0.478573528204137,0.997528070347704
"ENSG00000147684",171.288230733212,0.124392057767655,0.274666206317682,0.452884464511742,0.650631938250739,0.997528070347704
"ENSG00000147789",102.665897292461,0.0523454416602467,0.31951454025418,0.163828042437771,0.869866515257826,0.997528070347704
"ENSG00000147853",259.476097254002,-0.0143794934531109,0.250870534668911,-0.057318383253292,0.954291576707882,0.997528070347704
"ENSG00000147862",535.094713249558,-0.108643609917664,0.23382278968076,-0.464640807963996,0.64218870361766,0.997528070347704
"ENSG00000147955",179.200300806518,-0.0428492368530361,0.271238204160286,-0.157976406700122,0.874475389969935,0.997528070347704
"ENSG00000148110",167.190632420254,-0.131010893700425,0.279490464000282,-0.468749065085428,0.63924901137672,0.997528070347704
"ENSG00000148154",189.497806925467,0.10132979404456,0.282316720560428,0.3589223969569,0.719653144151028,0.997528070347704
"ENSG00000148218",319.132366013657,0.167929000723917,0.282904742920526,0.593588495513814,0.552787377558809,0.997528070347704
"ENSG00000148229",142.00835423483,0.0895590693511451,0.288305051435221,0.310639958978547,0.756074346120208,0.997528070347704
"ENSG00000148297",119.615525620781,-0.0434914088930115,0.297455765392486,-0.146211349561928,0.883754546192157,0.997528070347704
"ENSG00000148308",150.50548705756,-0.0848050673746937,0.284926828902935,-0.297638055711433,0.765979425945464,0.997528070347704
"ENSG00000148334",110.919114763928,0.032028461103159,0.305502520403849,0.104838614950934,0.916503868570811,0.997528070347704
"ENSG00000148337",308.704536465342,0.10701404491081,0.246614532655492,0.433932436010588,0.664337504801418,0.997528070347704
"ENSG00000148339",137.15038903513,0.144848018140691,0.30130410047977,0.48073696278958,0.63070345726643,0.997528070347704
"ENSG00000148341",687.823250028579,-0.132274956365632,0.217207960364841,-0.608978400899542,0.542538755593751,0.997528070347704
"ENSG00000148343",120.769775540004,0.19585303251728,0.297779442982511,0.657711729713936,0.510723383700843,0.997528070347704
"ENSG00000148356",114.16565101931,-0.05342103485209,0.301957451326201,-0.176915769481641,0.859574551751998,0.997528070347704
"ENSG00000148358",647.226927593405,-0.175436428364971,0.221781791301845,-0.791031704339523,0.428925490776571,0.997528070347704
"ENSG00000148399",118.513679800711,-0.0947444364192239,0.305201835782341,-0.31043206596828,0.75623241263306,0.997528070347704
"ENSG00000148400",233.10644988244,0.185225677923491,0.257955698225194,0.718052282612457,0.47272505056141,0.997528070347704
"ENSG00000148468",202.328657366822,-0.194603495877046,0.261279155777797,-0.74481064246298,0.456386200284763,0.997528070347704
"ENSG00000148481",113.162104629638,-0.0964458388019149,0.303022736853935,-0.318279214963346,0.750273149242202,0.997528070347704
"ENSG00000148498",183.387128910702,0.100942511319122,0.280242207449219,0.360197388672842,0.718699527373168,0.997528070347704
"ENSG00000148606",136.468177908185,0.0539013150071333,0.306389924806456,0.17592391473441,0.860353717115278,0.997528070347704
"ENSG00000148634",160.238619154247,-0.0829721466497479,0.278169913881527,-0.298278650958226,0.765490497153663,0.997528070347704
"ENSG00000148660",240.795464096408,0.169207825035499,0.265928609666265,0.636290413610825,0.524587152055394,0.997528070347704
"ENSG00000148700",252.753808638804,-0.185362863321722,0.255238901398742,-0.72623280505405,0.467696064412093,0.997528070347704
"ENSG00000148719",184.438080192655,-0.15124227180432,0.267244283597112,-0.565932673165529,0.571439549589214,0.997528070347704
"ENSG00000148730",436.886389338895,-0.0133385528587084,0.237452064079378,-0.0561736656635228,0.955203459784472,0.997528070347704
"ENSG00000148737",126.970986152011,0.0845859179369026,0.308567002178498,0.274124962616618,0.783988590936659,0.997528070347704
"ENSG00000148840",167.336549415717,0.164525187335668,0.286211230553977,0.574838335369375,0.565400637468565,0.997528070347704
"ENSG00000148841",105.11415172778,-0.112964488206714,0.31953836264626,-0.353524025319518,0.723695620486663,0.997528070347704
"ENSG00000148843",173.945464961511,-0.0520303092196416,0.272687773349791,-0.190805435023666,0.848678030386001,0.997528070347704
"ENSG00000148908",132.876935900432,-0.215190980134489,0.298761676479959,-0.720276384407437,0.471354841914836,0.997528070347704
"ENSG00000148985",104.722829889951,-0.0333942549788223,0.310974288990682,-0.107385903468768,0.914482837239132,0.997528070347704
"ENSG00000149100",255.83600623075,0.153820804013969,0.257935896661234,0.596352838069657,0.550939539705709,0.997528070347704
"ENSG00000149115",814.743855063453,-0.078903222000434,0.22397255436188,-0.35228969114201,0.724621018512019,0.997528070347704
"ENSG00000149136",369.008004259908,0.104675840426979,0.234631276753127,0.446129100414504,0.655503993286714,0.997528070347704
"ENSG00000149150",148.261268514191,-0.0138073808485436,0.301681423472722,-0.0457680843904929,0.963495097108781,0.997528070347704
"ENSG00000149182",321.880042487458,-0.029083407750499,0.242991656452873,-0.119688915146515,0.904729581663845,0.997528070347704
"ENSG00000149187",508.397835108061,0.0508004532963071,0.229909010522882,0.220958948850119,0.825124397018532,0.997528070347704
"ENSG00000149218",551.965084564585,-0.157900535731807,0.264575640876335,-0.596806777860592,0.55063639220795,0.997528070347704
"ENSG00000149269",152.466146656282,-0.112272315641785,0.283471831175185,-0.396061630449627,0.692059563144833,0.997528070347704
"ENSG00000149292",103.750768854047,-0.193459271778488,0.311485431054238,-0.621086100636282,0.534542973958278,0.997528070347704
"ENSG00000149311",161.010369628067,-0.173763695224895,0.290805374074965,-0.597525736165047,0.550156429586324,0.997528070347704
"ENSG00000149328",307.205928532471,-0.193633160529858,0.303065147976145,-0.638915961874636,0.522877603554605,0.997528070347704
"ENSG00000149357",226.798855938414,-0.176462343956947,0.265990475058778,-0.663416026148879,0.507064144650099,0.997528070347704
"ENSG00000149476",125.972930089045,-0.10431602996185,0.300128803848036,-0.347570871653719,0.728162484959776,0.997528070347704
"ENSG00000149480",286.128625311375,0.0246029459999207,0.244833068373223,0.100488656060202,0.919956388403973,0.997528070347704
"ENSG00000149485",139.577836139996,-0.122859619576208,0.293110491263853,-0.419158041892167,0.675100634125609,0.997528070347704
"ENSG00000149532",500.157719761575,0.069062534046929,0.230623976168718,0.299459471622347,0.764589490907246,0.997528070347704
"ENSG00000149582",127.321935994561,-0.212202445767124,0.293489209794828,-0.72303321105219,0.469659480531008,0.997528070347704
"ENSG00000149600",133.619178559099,-0.0438607088363079,0.292239690021284,-0.150084709004152,0.880697783781629,0.997528070347704
"ENSG00000149657",181.165170321311,0.0438675452131279,0.26705480155381,0.164264207038752,0.869523157554221,0.997528070347704
"ENSG00000149658",195.346883361927,-0.0987418348446725,0.263092087881753,-0.375312825405271,0.707427828863045,0.997528070347704
"ENSG00000149782",107.144140820938,0.0260755446143479,0.311186003544904,0.0837940791594283,0.93322015561127,0.997528070347704
"ENSG00000149792",185.517767640068,-0.200862147400498,0.266539856363276,-0.753591414586551,0.45109460115901,0.997528070347704
"ENSG00000149806",240.931674375433,0.0273815735125727,0.251632851537657,0.108815575332281,0.913348769849388,0.997528070347704
"ENSG00000149823",237.616278606021,-0.0362814103129583,0.266146625744137,-0.136321135808191,0.891567415894744,0.997528070347704
"ENSG00000149923",171.935744382914,0.080342029776661,0.272844787576699,0.294460563055749,0.768405994348523,0.997528070347704
"ENSG00000149925",1486.5469057753,-0.0077163649708595,0.208730087090351,-0.0369681490504021,0.970510401748135,0.997528070347704
"ENSG00000149930",265.712852334141,0.122369914068994,0.247520350994189,0.494383243953409,0.621035545390827,0.997528070347704
"ENSG00000149932",213.917461282024,-0.0162080986793043,0.268748866933132,-0.0603094586565718,0.951909168741926,0.997528070347704
"ENSG00000150093",1105.19241315724,0.134476713910865,0.259416373838898,0.518381750237465,0.60419194514299,0.997528070347704
"ENSG00000150316",110.381829885058,0.0929641812982433,0.304677338478054,0.305123386473784,0.7602721801359,0.997528070347704
"ENSG00000150347",548.214130919607,-0.0302473323144907,0.24678122611536,-0.122567396193871,0.902449673796614,0.997528070347704
"ENSG00000150403",233.047437438537,-0.100305868457601,0.254720989488913,-0.393787212663003,0.693738146031723,0.997528070347704
"ENSG00000150457",134.119221755861,0.175329626544039,0.323639907833906,0.541742913343119,0.587995622704496,0.997528070347704
"ENSG00000150459",341.933168802125,0.0417143217117938,0.236597061383,0.176309551217406,0.860050758788285,0.997528070347704
"ENSG00000150540",157.988919849383,0.0569722426125413,0.279726584334217,0.203671176796235,0.838610467639412,0.997528070347704
"ENSG00000150593",441.266603301817,0.104464882744591,0.23801988783181,0.438891403975488,0.66074022559616,0.997528070347704
"ENSG00000150687",448.362772173788,-0.188617784399021,0.284236747778622,-0.663593943686432,0.506950234567859,0.997528070347704
"ENSG00000150712",244.407234009611,-0.178065376738037,0.253941895810709,-0.701205195659282,0.483174967852238,0.997528070347704
"ENSG00000150753",267.445178921978,-0.14627534564257,0.253392785670414,-0.577267206939463,0.563758962799362,0.997528070347704
"ENSG00000150760",393.718780791486,0.0420662673027859,0.234057565982171,0.179726158931305,0.85736755597566,0.997528070347704
"ENSG00000150768",104.335912434038,-0.103969989437818,0.315108319355457,-0.329949998306883,0.74143774377736,0.997528070347704
"ENSG00000150938",357.407721716726,0.0681869201281012,0.304718124979351,0.223770476838954,0.822935903523409,0.997528070347704
"ENSG00000150991",3162.42949411828,0.0967372070616059,0.20287823712527,0.476823973001473,0.633487473353597,0.997528070347704
"ENSG00000150995",291.958245120212,0.0337674940301206,0.28273744233265,0.11943057046683,0.904934242886485,0.997528070347704
"ENSG00000151067",157.681845603473,0.203641489949115,0.293367509192217,0.694151477475603,0.487587218597838,0.997528070347704
"ENSG00000151092",129.290336109012,-0.183652480655904,0.302892941743253,-0.606328029959763,0.544296949082573,0.997528070347704
"ENSG00000151135",221.416637369905,-0.210653127228967,0.267951791527176,-0.786160547867068,0.431773435903258,0.997528070347704
"ENSG00000151148",249.881220368908,0.0258454916825003,0.253663691908223,0.101888809896575,0.918844932145137,0.997528070347704
"ENSG00000151176",116.293149766512,-0.12094933629854,0.318507520025984,-0.379737772874791,0.704140078077593,0.997528070347704
"ENSG00000151208",359.80897094625,-0.103738423873287,0.242357870967628,-0.428038187739085,0.668623317971278,0.997528070347704
"ENSG00000151239",133.11887754234,-0.252182208131208,0.288725529984778,-0.873432315266693,0.382427483593522,0.997528070347704
"ENSG00000151240",200.533666989336,-0.0262636632596277,0.266299648023345,-0.0986244760538523,0.921436435680108,0.997528070347704
"ENSG00000151276",178.246863467242,-0.0495072816037481,0.276158184041748,-0.179271462750725,0.857724553264833,0.997528070347704
"ENSG00000151327",235.816487194257,-0.132328515607588,0.253777833719662,-0.521434491216303,0.602064129347107,0.997528070347704
"ENSG00000151348",282.706496337573,-0.0245218012084687,0.245112506773276,-0.100043043626292,0.920310152965279,0.997528070347704
"ENSG00000151353",103.945111926998,-0.114907361906064,0.310234930046713,-0.370388214791809,0.711093253643108,0.997528070347704
"ENSG00000151414",196.262507499602,-0.161667409704469,0.290733580500497,-0.556067205673863,0.578164912776623,0.997528070347704
"ENSG00000151461",146.908401953155,-0.0986719742094695,0.282429440302713,-0.349368586021737,0.726812613982392,0.997528070347704
"ENSG00000151474",151.247420441804,-0.200593055049672,0.27969647490244,-0.717181205518018,0.473262294483166,0.997528070347704
"ENSG00000151491",132.853826348211,0.268916675230124,0.298298610254138,0.901501602709506,0.367321682060621,0.997528070347704
"ENSG00000151498",360.477721506482,0.0526860191220332,0.286314175696574,0.184014706899697,0.854001917497727,0.997528070347704
"ENSG00000151503",634.674745920493,-0.650773163884253,1.10826348464326,-0.587200763087244,0.557068879946963,0.997528070347704
"ENSG00000151553",118.821824618339,-0.0762909716213118,0.302324159787777,-0.252348246580313,0.80077189907942,0.997528070347704
"ENSG00000151612",390.032317184401,-0.159601325419755,0.290423293787964,-0.549547260269964,0.582629940847846,0.997528070347704
"ENSG00000151692",172.295342905129,-0.242724778754513,0.303397330354189,-0.800022790151626,0.42369759305834,0.997528070347704
"ENSG00000151715",189.767837855589,-0.069405631301874,0.400796571950126,-0.173169223888748,0.862518413922852,0.997528070347704
"ENSG00000151718",109.887292496211,-0.102231311279007,0.333565476147181,-0.306480492105541,0.759238830721837,0.997528070347704
"ENSG00000151729",211.932591394501,0.229954013696091,0.270789413545343,0.849198684266828,0.39577074527943,0.997528070347704
"ENSG00000151748",149.399726139433,-0.259133270732296,0.301938689940745,-0.858231420369317,0.390764689411604,0.997528070347704
"ENSG00000151779",163.011638841271,-0.114322198610142,0.291676436344699,-0.391948695077438,0.695096122228108,0.997528070347704
"ENSG00000151806",107.19813858105,-0.159527018240056,0.310665641659683,-0.51350067998446,0.607601135257943,0.997528070347704
"ENSG00000151893",206.85427342704,-0.130268484218144,0.264300463993575,-0.492880270619995,0.622097188476318,0.997528070347704
"ENSG00000151923",252.918623164294,-0.0590213136568552,0.249433863964697,-0.23662109353848,0.812950754576416,0.997528070347704
"ENSG00000151929",182.083328140859,0.138531773535925,0.268782811228942,0.515404139507743,0.606270640425312,0.997528070347704
"ENSG00000152022",120.1043641793,0.150304717758992,0.304250660321343,0.494016077402243,0.621294825130243,0.997528070347704
"ENSG00000152102",621.893138800429,0.113028944649491,0.222851788097632,0.507193348612365,0.612019161525913,0.997528070347704
"ENSG00000152104",166.397474946558,-0.244065318469351,0.274482643054868,-0.889183067289846,0.373904701473925,0.997528070347704
"ENSG00000152117",122.262506504896,-0.0557800672054951,0.295419068702085,-0.188816745819974,0.850236446655263,0.997528070347704
"ENSG00000152127",285.789962257822,0.079685337620786,0.251906642960253,0.31632884581515,0.751752918609005,0.997528070347704
"ENSG00000152217",138.277666494878,0.174596548758936,0.304601273781806,0.573197040810815,0.566511287784968,0.997528070347704
"ENSG00000152223",147.442500272798,-0.0184618239110828,0.281392651520877,-0.0656087634531321,0.947689311921995,0.997528070347704
"ENSG00000152234",897.662120722168,0.0503891125663396,0.212869201487083,0.236713964323285,0.812878700852684,0.997528070347704
"ENSG00000152242",105.975412324669,0.0510343951422843,0.318392705702397,0.16028757640568,0.872654544936393,0.997528070347704
"ENSG00000152291",1113.57596868792,-0.0693071927458463,0.211102392264621,-0.32831078796572,0.742676688226333,0.997528070347704
"ENSG00000152492",301.067458516081,0.0443892075033992,0.245934303458164,0.180492135010154,0.856766228355007,0.997528070347704
"ENSG00000152520",226.002513233553,-0.174730976394378,0.258489840925297,-0.675968447227583,0.499060678294607,0.997528070347704
"ENSG00000152556",234.945576628747,0.155737796805032,0.255236707394822,0.610170058980286,0.54174916134785,0.997528070347704
"ENSG00000152558",989.408088487861,0.0346866990078271,0.241358787684217,0.143714257685159,0.885726112074742,0.997528070347704
"ENSG00000152601",463.619930109808,-0.0358322457534143,0.257515871049598,-0.139145776170483,0.889334955887137,0.997528070347704
"ENSG00000152642",462.964543516686,0.0551689647515634,0.253209073132533,0.21787909915332,0.827523312405628,0.997528070347704
"ENSG00000152767",624.663056621749,-0.0717820736554611,0.222574783946443,-0.322507664088011,0.747068132579183,0.997528070347704
"ENSG00000152894",424.608703878481,-0.199440629517391,0.251159616152583,-0.794079209757304,0.427149320018768,0.997528070347704
"ENSG00000152904",163.603576199449,-0.0712062359466379,0.293864564877531,-0.242309704731883,0.808540194523613,0.997528070347704
"ENSG00000152990",184.86275827385,0.053793680503392,0.267474044937835,0.201117385112617,0.840606788374278,0.997528070347704
"ENSG00000153130",206.691663472705,-0.0395567385426083,0.259423425970481,-0.152479439336019,0.878808805843885,0.997528070347704
"ENSG00000153132",117.720805836084,0.0883166475854851,0.33336422553909,0.264925390367447,0.791066938285302,0.997528070347704
"ENSG00000153147",357.029075496012,-0.10491822231416,0.249990102213267,-0.419689505245508,0.674712292771047,0.997528070347704
"ENSG00000153179",316.808368221511,-0.0328933209184715,0.244739720855429,-0.134401235743429,0.893085304519203,0.997528070347704
"ENSG00000153187",1024.6649255441,-0.106814354087304,0.218065275797169,-0.489827432161443,0.624256017269225,0.997528070347704
"ENSG00000153292",247.463302833821,-0.478905197904324,1.23334374328187,-0.388298234383529,0.69779534371944,0.997528070347704
"ENSG00000153317",132.968581609407,0.240038290637614,0.31174522287952,0.769982258013241,0.441310417117619,0.997528070347704
"ENSG00000153395",258.665837718617,-0.211453788722051,0.293321552425247,-0.720894141510246,0.470974647620936,0.997528070347704
"ENSG00000153406",155.120711646871,-0.167004688061917,0.291151897362758,-0.57359986170325,0.56623860537668,0.997528070347704
"ENSG00000153560",311.025617193327,-0.0434985328339247,0.240616557651894,-0.180779466128242,0.85654068119551,0.997528070347704
"ENSG00000153721",102.806940688657,0.0950104772664567,0.327083901976693,0.290477387276696,0.771451047717195,0.997528070347704
"ENSG00000153774",111.385865234237,-0.189307595463035,0.347176243800491,-0.54527807948698,0.585562277961155,0.997528070347704
"ENSG00000153786",231.962706546082,-0.0634568263104539,0.258501800738106,-0.245479242810937,0.806085378405696,0.997528070347704
"ENSG00000153815",183.028935728678,0.151202100731529,0.268777752089633,0.562554376454142,0.573738366482825,0.997528070347704
"ENSG00000153879",109.131061048485,0.188741588618613,0.311493271302791,0.605925090545999,0.544564497393638,0.997528070347704
"ENSG00000153885",160.557911752978,-0.117915416375864,0.290994128071066,-0.405215793038502,0.685318897158301,0.997528070347704
"ENSG00000153914",372.678488930822,-0.111845190651759,0.240022874478139,-0.465977215275562,0.641231809703833,0.997528070347704
"ENSG00000153922",128.81358850111,-0.219898431621241,0.298118767799924,-0.7376202217796,0.460745263597587,0.997528070347704
"ENSG00000153944",400.762239887419,-0.142678030902986,0.235971552126229,-0.60464081206985,0.545417683089102,0.997528070347704
"ENSG00000154001",120.148551848295,-0.159376406746173,0.320598677599307,-0.497121223142928,0.619103569224476,0.997528070347704
"ENSG00000154059",147.52991926127,-0.204795918143185,0.28309211884175,-0.723425007312434,0.469418812039528,0.997528070347704
"ENSG00000154114",105.182525396865,0.0147908778901665,0.316804630140309,0.0466876948219341,0.962762137761521,0.997528070347704
"ENSG00000154122",921.126689402119,-0.096296541046336,0.249753592058118,-0.385566190471157,0.699817976722158,0.997528070347704
"ENSG00000154144",189.952523980115,-0.123582016999543,0.271187942345906,-0.455706164258259,0.648601288698996,0.997528070347704
"ENSG00000154174",257.595651944362,-0.185280876126874,0.25199589949792,-0.735253535855268,0.462185100053264,0.997528070347704
"ENSG00000154222",135.790278784458,-0.0613919086476914,0.291360264385799,-0.210707897238865,0.833115211851037,0.997528070347704
"ENSG00000154229",200.18459725833,0.0618939823479006,0.270854903303331,0.228513427643528,0.819247118502095,0.997528070347704
"ENSG00000154237",140.738358389185,0.0909476606503102,0.286728624275766,0.317190726527672,0.751098886062848,0.997528070347704
"ENSG00000154265",159.742880152483,-0.194011346970153,0.283901093561615,-0.683376539823179,0.494368940412053,0.997528070347704
"ENSG00000154359",112.860843388535,0.215923674138549,0.304079489572299,0.710089570468087,0.477648593456492,0.997528070347704
"ENSG00000154380",450.825434235645,0.108580253796226,0.239770002941597,0.452851701481082,0.650655531595314,0.997528070347704
"ENSG00000154473",221.654530217095,-0.0976697838568521,0.259298291671378,-0.376669600201739,0.706419157184388,0.997528070347704
"ENSG00000154518",252.522251233697,0.128647530486582,0.252505730032879,0.509483608430711,0.610413284967477,0.997528070347704
"ENSG00000154639",220.4084251196,-0.128915262542148,0.273563588714791,-0.471244229350095,0.637466337195996,0.997528070347704
"ENSG00000154734",550.038731525579,-0.122735803563909,0.252768500854783,-0.485566054112181,0.62727486921215,0.997528070347704
"ENSG00000154767",172.763595506211,0.139551516815035,0.278821354607037,0.500505124550863,0.61671944869808,0.997528070347704
"ENSG00000154803",267.784882938845,0.0312766249133883,0.2642940432279,0.118340256675474,0.905798061270925,0.997528070347704
"ENSG00000154832",213.688237283217,0.145521541641279,0.265219404361578,0.548683615331883,0.583222592312376,0.997528070347704
"ENSG00000154845",248.388236476291,-0.188160018279005,0.281742649868355,-0.667843574151529,0.504233448673426,0.997528070347704
"ENSG00000154856",234.680885394177,-0.0642618017901117,0.262566627745647,-0.244744742855757,0.80665408156881,0.997528070347704
"ENSG00000154945",149.976150482232,0.224715032020917,0.289602698103048,0.775942467017201,0.437782956667351,0.997528070347704
"ENSG00000155066",349.529019635309,0.183727727370418,0.249204348507806,0.737257308993802,0.46096588833211,0.997528070347704
"ENSG00000155096",499.733027401556,-0.125778505218551,0.226000119489603,-0.556541764237154,0.577840552023362,0.997528070347704
"ENSG00000155097",231.456974491923,-0.0763947067098064,0.254013416388765,-0.300750676070137,0.763604622733284,0.997528070347704
"ENSG00000155130",416.507547179807,-0.0125889427444505,0.233067498797576,-0.0540141495892753,0.956923890957149,0.997528070347704
"ENSG00000155189",139.622045531481,0.00796573650685583,0.29824374806699,0.0267088130379404,0.978691983853302,0.997528070347704
"ENSG00000155229",217.180493731109,-0.00713616228220381,0.259306802420287,-0.0275201507079535,0.978044867992485,0.997528070347704
"ENSG00000155256",109.231101241356,0.0918217223299005,0.312276602700563,0.294039712023981,0.768727558157333,0.997528070347704
"ENSG00000155287",130.726592711541,0.203100434327505,0.314995255067309,0.644772995974513,0.519074304020471,0.997528070347704
"ENSG00000155304",142.322144048694,-0.24581581947686,0.30382923740009,-0.809059133282698,0.418481133431242,0.997528070347704
"ENSG00000155313",145.86679601246,-0.076790588145461,0.29415532680244,-0.261054555700889,0.794050436063161,0.997528070347704
"ENSG00000155324",140.899527014395,0.165338571719386,0.289956002245756,0.57021951757788,0.568528819912562,0.997528070347704
"ENSG00000155363",301.557234456108,-0.11574945630212,0.247031112587656,-0.468562259586019,0.639382558920383,0.997528070347704
"ENSG00000155366",377.880954416107,-0.0923366877953441,0.235200807493573,-0.392586610476953,0.694624830468583,0.997528070347704
"ENSG00000155368",466.30435011537,-0.142721185641039,0.325368572770271,-0.438644655892469,0.660919034536364,0.997528070347704
"ENSG00000155380",145.388532150644,-0.011798679953921,0.335020952018272,-0.035217737526092,0.971906118503734,0.997528070347704
"ENSG00000155506",729.230153094638,-0.102405610550427,0.217169905448981,-0.471546047500049,0.637250844581026,0.997528070347704
"ENSG00000155508",148.570964361554,-0.180793623787096,0.28529081165252,-0.633716952676695,0.526265559348321,0.997528070347704
"ENSG00000155561",153.914447438206,-0.0707967689494684,0.279775012098436,-0.253048935351522,0.800230398492991,0.997528070347704
"ENSG00000155827",238.16724371553,-0.138000207005215,0.254907618780873,-0.541373410748639,0.588250230367495,0.997528070347704
"ENSG00000155850",286.214925275647,0.165172672648032,0.248735467858755,0.664049538531535,0.50665860543341,0.997528070347704
"ENSG00000155876",229.313656792948,0.169793682472501,0.261136490895572,0.650210477632564,0.51555627399718,0.997528070347704
"ENSG00000156011",113.471250211881,-0.247638110197316,0.308883030166145,-0.801721318468398,0.422714181174194,0.997528070347704
"ENSG00000156030",284.140924990337,-0.0169080301244567,0.2581101675583,-0.065507028585527,0.947770310355901,0.997528070347704
"ENSG00000156052",283.700962581321,-0.15070493068863,0.246217826058959,-0.612079690170534,0.540485034208877,0.997528070347704
"ENSG00000156256",213.313006088565,0.107910594586237,0.258768564803011,0.417015856112137,0.676666809909334,0.997528070347704
"ENSG00000156261",319.594592991157,0.00784783143480882,0.239078051918166,0.0328253947689646,0.973813827024793,0.997528070347704
"ENSG00000156284",125.438459423393,-0.0121316978880016,0.324705696621193,-0.0373621344320135,0.970196263923012,0.997528070347704
"ENSG00000156304",146.269629047335,-0.0867904896657747,0.283996372173869,-0.305604219523761,0.759906007379911,0.997528070347704
"ENSG00000156411",140.742242018315,0.0727941436720487,0.284305005751079,0.256042426969376,0.797918076948359,0.997528070347704
"ENSG00000156453",306.336917590284,-0.0146741378170393,0.244258373057136,-0.060076293939806,0.952094870548475,0.997528070347704
"ENSG00000156471",189.327873005996,0.0322020827807748,0.269626261333817,0.119432293506849,0.904932877869465,0.997528070347704
"ENSG00000156504",164.020763481492,0.10632401347888,0.273586979072087,0.388629655693026,0.697550125886505,0.997528070347704
"ENSG00000156508",3528.76150941873,0.109118544652408,0.204781272485726,0.532854119558291,0.594134567167565,0.997528070347704
"ENSG00000156515",640.366154981368,0.0430308468372792,0.218797959654622,0.196669324088783,0.844086317056849,0.997528070347704
"ENSG00000156587",294.973913188742,0.189969241781911,0.331628164237445,0.572838082732604,0.566754331102423,0.997528070347704
"ENSG00000156599",347.758629094425,-0.154402428613064,0.237455780673898,-0.650236554253895,0.515539432388771,0.997528070347704
"ENSG00000156639",297.040170583239,0.0191518447565322,0.245610945935224,0.0779763486664118,0.937846866726756,0.997528070347704
"ENSG00000156642",531.54859421084,0.0730214759900633,0.25290055868296,0.288735922017492,0.77278347111287,0.997528070347704
"ENSG00000156675",240.540347364402,-0.0227470339460556,0.26382006044237,-0.0862217752050912,0.93129012105424,0.997528070347704
"ENSG00000156709",132.783702583962,0.0310290717956933,0.296346087146029,0.104705522163359,0.91660947999926,0.997528070347704
"ENSG00000156711",121.833945527532,-0.225669770246442,0.296966514023913,-0.759916554862042,0.447304465355055,0.997528070347704
"ENSG00000156860",293.316144600171,-0.0817548074886626,0.246382978453081,-0.33182003075846,0.740025158076069,0.997528070347704
"ENSG00000156873",105.543999296936,0.0572134984019452,0.310957352858366,0.183991463382455,0.854020151832531,0.997528070347704
"ENSG00000156875",205.660248594888,0.0160928673689528,0.262746419966641,0.0612486646668523,0.951161173653271,0.997528070347704
"ENSG00000157020",323.033028728858,-0.0619057625010072,0.239812680036131,-0.258142157002208,0.796297197237636,0.997528070347704
"ENSG00000157077",115.56464944534,-0.0519092071656028,0.300329019888412,-0.172841129987671,0.862776306491745,0.997528070347704
"ENSG00000157107",115.819626557966,-0.120468567554396,0.311672479141343,-0.386522954757785,0.699109405580654,0.997528070347704
"ENSG00000157181",158.469713958151,-0.0852104150053659,0.28298451519512,-0.30111334871667,0.763328062336163,0.997528070347704
"ENSG00000157191",172.04937400807,-0.0686023298921588,0.270525987223254,-0.253588686973515,0.799813337490343,0.997528070347704
"ENSG00000157216",200.961780050178,0.0388168296721362,0.269379662708073,0.144097105482688,0.885423790359237,0.997528070347704
"ENSG00000157259",188.058696187935,0.173106073902051,0.266395053541244,0.64980964023512,0.515815191103473,0.997528070347704
"ENSG00000157353",107.153420992825,-0.0970679630573716,0.312722078931377,-0.310396897427482,0.756259153206801,0.997528070347704
"ENSG00000157379",140.998901754367,0.0522381991682568,0.310748811802267,0.168104260368006,0.866501257760205,0.997528070347704
"ENSG00000157450",134.058284357871,0.0361651148842309,0.293922467166527,0.123043043401445,0.902073013204437,0.997528070347704
"ENSG00000157483",194.666381191161,0.106038740031012,0.268982688034139,0.394221430405042,0.693417565005582,0.997528070347704
"ENSG00000157538",138.575693043999,-0.070591862004983,0.292261079340192,-0.241536992076916,0.809138949477904,0.997528070347704
"ENSG00000157540",322.510534263112,-0.15861065266034,0.239879843950932,-0.661208753715817,0.508478448233275,0.997528070347704
"ENSG00000157554",1300.77437367451,0.258216198639684,0.663136929145255,0.38938594322067,0.696990668856243,0.997528070347704
"ENSG00000157593",171.066623254201,-0.0409442565129054,0.271814326369175,-0.150633180597315,0.880265085698456,0.997528070347704
"ENSG00000157600",192.529788987072,-0.199229966240658,0.288029022309924,-0.691701012081634,0.489125111278547,0.997528070347704
"ENSG00000157601",143.892399465574,-0.12482032010594,0.4065493358356,-0.307023795400849,0.75882526025469,0.997528070347704
"ENSG00000157613",591.4532208516,0.0256217492137924,0.276164070420159,0.0927772724917155,0.926080507043669,0.997528070347704
"ENSG00000157617",214.490476470289,-0.0486940706658928,0.257976777677212,-0.188753697539475,0.850285863408807,0.997528070347704
"ENSG00000157637",458.964762723224,-0.130556998662107,0.234011997148007,-0.557907287888034,0.576907694698207,0.997528070347704
"ENSG00000157657",107.752553982507,-0.0818669145740576,0.312300810547172,-0.262141217086889,0.793212570886408,0.997528070347704
"ENSG00000157796",111.477220392894,0.0929667815769936,0.320275538928661,0.290271251710238,0.771608730303503,0.997528070347704
"ENSG00000157800",194.551058717013,-0.117834497513614,0.271604302865658,-0.43384621035219,0.664400122406463,0.997528070347704
"ENSG00000157827",196.3706738352,0.108508798401417,0.288321926953849,0.376345980854888,0.706659699868656,0.997528070347704
"ENSG00000157837",168.129241361904,0.0074737344913445,0.274158318548891,0.027260651914203,0.978251840419536,0.997528070347704
"ENSG00000157916",467.267960791416,-0.11803860964769,0.226711625899262,-0.5206553002277,0.602606918489377,0.997528070347704
"ENSG00000157933",348.404771700704,0.129929103461822,0.241020528199573,0.539078992284992,0.589832350393533,0.997528070347704
"ENSG00000157954",241.024794654533,-0.0468548278513034,0.253922172824867,-0.184524365596146,0.853602114354136,0.997528070347704
"ENSG00000158042",104.492763304842,0.0852303360493619,0.319030700245532,0.267154026191733,0.789350571792498,0.997528070347704
"ENSG00000158092",104.848607902529,-0.0690332098742338,0.31962170588562,-0.21598411060023,0.829000133165652,0.997528070347704
"ENSG00000158109",191.148692851965,-0.184924445466179,0.26970211413288,-0.685661831241961,0.492926381114827,0.997528070347704
"ENSG00000158195",591.875650585221,0.0966749596232232,0.221366939517397,0.436718146955389,0.662315766982819,0.997528070347704
"ENSG00000158258",378.762170473278,-0.0942922099930088,0.852283964282361,-0.110634734366268,0.911906002512078,0.997528070347704
"ENSG00000158290",268.773307995548,-0.122665752119518,0.262846646491483,-0.466681822868502,0.640727536565163,0.997528070347704
"ENSG00000158417",432.083843345661,0.160181978311473,0.230710720836754,0.694297940427372,0.487495382340371,0.997528070347704
"ENSG00000158435",146.843777071895,-0.117838627934536,0.288265108877738,-0.408785608474437,0.682697002220739,0.997528070347704
"ENSG00000158467",127.918938758431,0.186441076608047,0.294387595954471,0.633318384232741,0.526525750240605,0.997528070347704
"ENSG00000158545",133.255254531021,0.00764772763160141,0.288355709062167,0.0265218526675768,0.978841103820227,0.997528070347704
"ENSG00000158636",115.302499037135,-0.117166486421391,0.300019067698797,-0.390530133034811,0.696144577749512,0.997528070347704
"ENSG00000158669",255.501136716318,0.177234172545862,0.258053273702143,0.686812339185566,0.492200993057209,0.997528070347704
"ENSG00000158747",170.224253765264,0.246826224096142,0.395790638845751,0.623628251582616,0.532871752440219,0.997528070347704
"ENSG00000158769",227.08414950188,-0.0413485254958876,0.260024315895225,-0.159017918587847,0.87365475647016,0.997528070347704
"ENSG00000158773",118.579262258376,0.223761405808178,0.30889318097276,0.724397363203401,0.468821818192442,0.997528070347704
"ENSG00000158793",104.176011973436,-0.0706577287951973,0.309057824456354,-0.228623005806397,0.819161942047358,0.997528070347704
"ENSG00000158856",113.034090544424,-0.139772146001845,0.322195760982002,-0.433811250575866,0.664425511079125,0.997528070347704
"ENSG00000158863",173.850076996403,0.243719845412817,0.281386720750743,0.866138404692906,0.386414266647195,0.997528070347704
"ENSG00000158864",271.026391607929,-0.146490892012651,0.260635376778916,-0.56205298690865,0.574079918251605,0.997528070347704
"ENSG00000158941",186.874755399093,0.0180733447366427,0.271495958974901,0.0665694797258972,0.946924443480766,0.997528070347704
"ENSG00000159023",305.685348808459,-0.0590036688729751,0.245922935773128,-0.239927474383309,0.810386481361789,0.997528070347704
"ENSG00000159069",313.747988731957,-0.065816690426327,0.244399904995922,-0.269299165347161,0.787699474420681,0.997528070347704
"ENSG00000159086",141.840637744817,0.0126733657845996,0.290487467586661,0.043627926154228,0.965200991033791,0.997528070347704
"ENSG00000159128",267.712572194996,-0.207768690460141,0.257471347328162,-0.806958493114685,0.419690397059438,0.997528070347704
"ENSG00000159131",138.243736255501,0.136289049145048,0.289797902752538,0.470289977431019,0.638147857121013,0.997528070347704
"ENSG00000159202",441.113269844651,0.0549768359310844,0.228447916031213,0.240653698603111,0.809823527511611,0.997528070347704
"ENSG00000159210",123.163145296173,0.0183874110518447,0.294558603598503,0.0624236088412056,0.950225494483472,0.997528070347704
"ENSG00000159228",118.29091277078,-0.181776226622421,0.312401476934626,-0.581867372734796,0.560656018963417,0.997528070347704
"ENSG00000159256",141.437909109874,0.0411614864823713,0.284734324930179,0.144561027169677,0.885057469739982,0.997528070347704
"ENSG00000159314",118.480947925985,0.221643417286859,0.311066627449839,0.712527149260331,0.476138405704707,0.997528070347704
"ENSG00000159322",376.061007842997,-0.11151441936239,0.242658702585259,-0.459552524489448,0.64583744278126,0.997528070347704
"ENSG00000159335",922.797848968622,-0.0274415645798721,0.228681817199137,-0.119998891542723,0.904484026034877,0.997528070347704
"ENSG00000159348",182.923871276487,-0.0168909668913981,0.268578088594349,-0.0628903384479349,0.9498538284173,0.997528070347704
"ENSG00000159363",153.601324447719,-0.247655811490029,0.282997407721269,-0.875116890589864,0.381510307619132,0.997528070347704
"ENSG00000159377",416.005757176067,0.0391245856664365,0.230357560228285,0.169842854854271,0.86513372321891,0.997528070347704
"ENSG00000159461",367.968441631043,0.00676875480981367,0.238034215335163,0.0284360582376065,0.97731436550623,0.997528070347704
"ENSG00000159479",121.453284728859,-0.201958271086782,0.298941325206948,-0.675578295998295,0.499308425340744,0.997528070347704
"ENSG00000159592",417.329349525148,0.00896137887673986,0.231735092675803,0.038670789017168,0.96915286296931,0.997528070347704
"ENSG00000159593",119.457794113487,0.0935471494159186,0.29835868041314,0.313539224956965,0.753871024677373,0.997528070347704
"ENSG00000159658",515.402997307126,-0.15616786759474,0.229117258257456,-0.681606740506891,0.495487651622432,0.997528070347704
"ENSG00000159720",320.462492296692,-0.0878288454167458,0.240663886733725,-0.364944016357225,0.715153196615575,0.997528070347704
"ENSG00000159792",142.35997805881,-0.159088243618091,0.289770105140188,-0.549015377349315,0.582994896938469,0.997528070347704
"ENSG00000159842",404.955847496843,-0.0408358721035202,0.233767283241557,-0.174686001981396,0.861326367448537,0.997528070347704
"ENSG00000160007",464.40168382511,-0.0406290609161665,0.229517906111122,-0.177019133733713,0.859493360371899,0.997528070347704
"ENSG00000160014",740.011431887838,-0.0476320837202782,0.220262968162551,-0.216250984528304,0.828792113709455,0.997528070347704
"ENSG00000160049",153.842427655099,0.0321132932311484,0.284376038261085,0.112925454013342,0.91008965602055,0.997528070347704
"ENSG00000160058",375.182584720522,-0.0658215316003789,0.233509768868,-0.281879134733703,0.778036189134422,0.997528070347704
"ENSG00000160075",227.050253609809,0.0200904903240547,0.255057952287096,0.078768335368115,0.937216890483045,0.997528070347704
"ENSG00000160087",118.119965003657,0.0498446900188528,0.298601809164943,0.166926952513269,0.867427525643762,0.997528070347704
"ENSG00000160113",105.31594468316,-0.0461124445526795,0.311648854313055,-0.147962823910654,0.882372107462404,0.997528070347704
"ENSG00000160179",109.054214280276,-0.152938199348589,0.314881165718547,-0.485701324814362,0.627178944217664,0.997528070347704
"ENSG00000160194",175.49593985732,-0.171927672973727,0.287950920117901,-0.597072837632647,0.550458751845829,0.997528070347704
"ENSG00000160201",269.249353322011,0.0670786489546756,0.254976810931577,0.263077448924076,0.792490885047833,0.997528070347704
"ENSG00000160208",122.453514876791,0.035270719290996,0.29746949054496,0.118569199235796,0.905616668619283,0.997528070347704
"ENSG00000160209",468.140749049101,0.0764043975804877,0.229944794803681,0.332272785934203,0.739683287319936,0.997528070347704
"ENSG00000160211",119.287465635586,0.0112092131390315,0.29795553445549,0.0376204226564079,0.96999032452177,0.997528070347704
"ENSG00000160213",312.829848919432,0.0890834546857004,0.246176837997533,0.361867734634698,0.717450872264885,0.997528070347704
"ENSG00000160216",333.941387822228,-0.130764234072609,0.238685934742433,-0.547850606336388,0.58379448688211,0.997528070347704
"ENSG00000160218",214.702834618481,-0.161831828115569,0.261284253879925,-0.619370764646003,0.535672136101716,0.997528070347704
"ENSG00000160221",281.097822849507,0.0880653129094747,0.253888262287198,0.346866421141815,0.7286916743155,0.997528070347704
"ENSG00000160271",301.841413673285,0.0594616087162309,0.255623106074407,0.232614373674509,0.81606086487814,0.997528070347704
"ENSG00000160299",178.410448078025,0.01428169593514,0.275546283009768,0.0518304793631844,0.95866376916388,0.997528070347704
"ENSG00000160310",325.544662396974,0.0867237903917854,0.240624778032709,0.360410889937514,0.718539884086898,0.997528070347704
"ENSG00000160410",104.416015036531,0.192932930052089,0.309846851745026,0.622671906993764,0.533500147415365,0.997528070347704
"ENSG00000160439",102.36591178785,-0.017666546055736,0.314963884735022,-0.0560907040837358,0.955269549347816,0.997528070347704
"ENSG00000160445",275.755205733841,-0.101708672078148,0.246947499247538,-0.411863543417365,0.680439443337599,0.997528070347704
"ENSG00000160584",177.076703087674,0.202490580582042,0.271726282027523,0.745200571218692,0.4561504776088,0.997528070347704
"ENSG00000160633",331.509136942077,0.0307090237569199,0.23888090072159,0.128553700459756,0.897710803895425,0.997528070347704
"ENSG00000160679",275.024836838917,-0.115429372517812,0.251589898251607,-0.45879971064011,0.646378002576502,0.997528070347704
"ENSG00000160685",303.674386795686,-0.166410639897893,0.24894774620948,-0.668456101457793,0.50384249461365,0.997528070347704
"ENSG00000160691",289.255197859432,0.0819526545702395,0.264426954358246,0.309925494430534,0.756617614972394,0.997528070347704
"ENSG00000160695",186.387888959786,0.112525498634242,0.276268344084004,0.407305075097662,0.683783935780088,0.997528070347704
"ENSG00000160714",199.805588184659,0.0639334560149856,0.266281769463162,0.240097007556615,0.810255053998483,0.997528070347704
"ENSG00000160741",135.480602789185,0.114444530780076,0.291037655957863,0.393229289878027,0.694150138405575,0.997528070347704
"ENSG00000160752",120.009182829519,-0.053932270843955,0.299940945156483,-0.179809631578702,0.857302021955399,0.997528070347704
"ENSG00000160753",168.09696725325,0.0725694449914527,0.276151269525532,0.262788742981836,0.792713412484942,0.997528070347704
"ENSG00000160785",111.04001722858,-0.201108329910848,0.321980823448556,-0.624597228359407,0.532235439228853,0.997528070347704
"ENSG00000160796",409.060742773609,-0.0540723602882011,0.230870726889706,-0.234210551578647,0.814821523837283,0.997528070347704
"ENSG00000160818",103.527580198339,0.0828617088999666,0.329036136600901,0.251831636962333,0.801171202454252,0.997528070347704
"ENSG00000160862",2133.16026613877,0.308125356871751,0.614594891650036,0.501347084165491,0.616126873848353,0.997528070347704
"ENSG00000160877",145.385260542458,-0.184423727091595,0.283608332254983,-0.650276124207049,0.515513876645793,0.997528070347704
"ENSG00000160888",331.113162150004,0.0425317373488841,0.2450745896324,0.173546092284311,0.862222201084054,0.997528070347704
"ENSG00000160948",299.339389042108,-0.0542273682460715,0.245326779135254,-0.221041373620997,0.825060218142638,0.997528070347704
"ENSG00000160953",229.360158824324,0.174425863264587,0.255434434780993,0.682859628593686,0.494695546440835,0.997528070347704
"ENSG00000161011",495.359174532329,-0.10980483234963,0.228930672199742,-0.479642292116388,0.631481768441151,0.997528070347704
"ENSG00000161013",215.532819765224,-0.14778609928797,0.259150174557046,-0.570272042226379,0.568493200133429,0.997528070347704
"ENSG00000161016",2207.04791233883,0.128482531087834,0.212225430703094,0.605405915126085,0.54490932172801,0.997528070347704
"ENSG00000161021",197.502494444667,-0.13921545711457,0.270047705411281,-0.515521718292499,0.606188497045976,0.997528070347704
"ENSG00000161057",224.819402509241,-0.126198202192944,0.256528085368942,-0.491946922737305,0.622756865950919,0.997528070347704
"ENSG00000161091",158.527063089476,0.104045429543277,0.281740482073698,0.369295277616728,0.711907645097786,0.997528070347704
"ENSG00000161202",505.897149657824,-0.024749385585253,0.244619943499512,-0.101174847934271,0.919411662687607,0.997528070347704
"ENSG00000161203",983.186365944818,-0.157411194280708,0.234759988387347,-0.670519688478534,0.502526559837545,0.997528070347704
"ENSG00000161204",244.544548930635,-0.225994850806887,0.283164126886209,-0.798105513194843,0.424809262359367,0.997528070347704
"ENSG00000161217",204.337503770587,0.172663349605947,0.261876365311317,0.659331549071586,0.509682887364212,0.997528070347704
"ENSG00000161267",127.385578170268,-0.225300717062112,0.304505899027289,-0.739889498961466,0.459367046732741,0.997528070347704
"ENSG00000161526",164.190894336956,0.0775762243016662,0.273550544295969,0.283590093016713,0.77672453017514,0.997528070347704
"ENSG00000161547",441.098622759618,0.0582522109506749,0.228356856085394,0.255092892542239,0.798651353549537,0.997528070347704
"ENSG00000161551",149.06122402535,-0.100903024348615,0.284074275246161,-0.355199443037139,0.722440181949438,0.997528070347704
"ENSG00000161671",311.307832847773,-0.183653247457172,0.243342693519815,-0.754710342031359,0.450422799787899,0.997528070347704
"ENSG00000161813",164.636326849316,-0.237236700445598,0.280001873598068,-0.847268260733649,0.396845613445614,0.997528070347704
"ENSG00000161904",173.214868316509,-0.125244689239551,0.270112879152618,-0.463675370209897,0.642880345894326,0.997528070347704
"ENSG00000161921",106.049767419692,0.250554877978152,0.337485011245223,0.742417795248673,0.457834241051549,0.997528070347704
"ENSG00000161996",114.876472924124,0.191208366846606,0.303406849470519,0.630204516411833,0.528560784726891,0.997528070347704
"ENSG00000162144",137.185033523697,-0.0820627431779748,0.28812232809196,-0.284819103473934,0.775782735691138,0.997528070347704
"ENSG00000162191",166.448371246536,0.18473106456241,0.274130810318463,0.673879248916983,0.500388085880986,0.997528070347704
"ENSG00000162231",629.128336872475,0.00961702254381479,0.222457522201543,0.0432308264905598,0.965517532065933,0.997528070347704
"ENSG00000162236",212.941902262898,-0.137535662265687,0.263040265572889,-0.52286923435901,0.601065255572814,0.997528070347704
"ENSG00000162244",379.358580860882,-0.177222373316337,0.247727980278047,-0.715391023320921,0.474367457758171,0.997528070347704
"ENSG00000162337",367.268983882428,-0.051976315639126,0.258916394913552,-0.200745555940867,0.840897536238896,0.997528070347704
"ENSG00000162368",693.108500448226,-0.00734571449866947,0.219379239151944,-0.0334840914166074,0.973288551929136,0.997528070347704
"ENSG00000162384",126.453436151378,0.193442460045,0.293462941371937,0.659171679874326,0.509785530499359,0.997528070347704
"ENSG00000162402",246.321041361973,-0.0394264113295313,0.251078151821127,-0.157028443309633,0.875222431655676,0.997528070347704
"ENSG00000162408",132.533163865454,0.202573687045672,0.295276451756404,0.686047552524745,0.492683122445939,0.997528070347704
"ENSG00000162433",141.261538441064,-0.0225264480583698,0.293710399084669,-0.0766961201529539,0.938865291120551,0.997528070347704
"ENSG00000162496",525.018377726045,0.102981153992037,0.230456398355747,0.446857430415402,0.654978001943384,0.997528070347704
"ENSG00000162517",173.363782401547,0.0545503585955669,0.271235981105285,0.201117707072913,0.840606536630266,0.997528070347704
"ENSG00000162521",279.722429864985,-0.0178833792907775,0.245822372678341,-0.0727491932322123,0.942005701688649,0.997528070347704
"ENSG00000162542",170.442509897998,-0.165365325745234,0.273858969956104,-0.603833884907036,0.545954088721078,0.997528070347704
"ENSG00000162545",183.865066973033,-0.0894846547711291,0.306521756145866,-0.291935736948295,0.770335758933947,0.997528070347704
"ENSG00000162591",153.596069078565,0.131023116017674,0.28328689476985,0.462510332940466,0.643715394108538,0.997528070347704
"ENSG00000162599",257.74502490522,-0.0942770678291139,0.249494657341038,-0.377872090865036,0.705525616213636,0.997528070347704
"ENSG00000162607",119.531383951634,-0.141530609332573,0.307399584397707,-0.460412494082826,0.645220168354654,0.997528070347704
"ENSG00000162664",144.379168784709,0.165839438182802,0.294351153337566,0.563406789144172,0.573157915216797,0.997528070347704
"ENSG00000162704",245.952588464945,0.121733269508371,0.260729156223923,0.466895499035873,0.640574645687169,0.997528070347704
"ENSG00000162714",153.868311206675,0.237430584911328,0.278265277928385,0.853252646822984,0.39351921366168,0.997528070347704
"ENSG00000162734",537.144057663711,0.189382718385246,0.230654024520774,0.821068345886107,0.411607339138102,0.997528070347704
"ENSG00000162735",194.294719389573,-0.178883788259831,0.265713262501546,-0.673221150407539,0.500806607410165,0.997528070347704
"ENSG00000162772",562.53535753019,-0.0405751239772585,0.257609667150378,-0.157506216385789,0.874845909077042,0.997528070347704
"ENSG00000162804",199.951907505074,0.0476256268673832,0.263593480382409,0.180678318744038,0.856620077822283,0.997528070347704
"ENSG00000162819",150.507482055762,-0.117195684206531,0.281464028960341,-0.416378905110623,0.677132762089782,0.997528070347704
"ENSG00000162825",220.23064042366,-0.233465307698749,0.280520302672423,-0.832258148428483,0.405263248257827,0.997528070347704
"ENSG00000162836",121.596996614275,0.0268473281116505,0.309615327071912,0.0867118833087192,0.930900530484085,0.997528070347704
"ENSG00000162852",108.871469666462,-0.11138621584263,0.320771267750371,-0.347244990562285,0.728407273582264,0.997528070347704
"ENSG00000162869",124.69508255613,-0.171301386969119,0.29555616969147,-0.579589954586094,0.562191168852889,0.997528070347704
"ENSG00000162889",249.513857064427,0.201679341579536,0.281651717262021,0.716059335764368,0.473954711438621,0.997528070347704
"ENSG00000162923",521.110438993993,-0.0500961278185121,0.229582096792886,-0.218205724742141,0.82726882485368,0.997528070347704
"ENSG00000162928",124.200798499183,-0.179008522042016,0.297450788707972,-0.601808866668566,0.547301372352049,0.997528070347704
"ENSG00000163050",186.39289008848,-0.0750669874111781,0.26638706226204,-0.281796671256264,0.7780994234956,0.997528070347704
"ENSG00000163083",108.698288167465,-0.250709731862344,0.309766314171995,-0.809351179880519,0.418313175166477,0.997528070347704
"ENSG00000163104",141.418223939804,-0.171951716757213,0.285670207070895,-0.601923870606988,0.547224813981846,0.997528070347704
"ENSG00000163113",173.440599577859,0.0735421577939809,0.273989794717449,0.268412032900061,0.788382178323944,0.997528070347704
"ENSG00000163125",241.318670445925,-0.103161724592587,0.25156647251629,-0.410077398473309,0.681749171764129,0.997528070347704
"ENSG00000163161",210.416855598196,0.0669702218178272,0.259313014776358,0.258260164363848,0.796206127848273,0.997528070347704
"ENSG00000163162",145.041379944441,-0.0486143274097406,0.291505786294474,-0.166769682439961,0.867551274481014,0.997528070347704
"ENSG00000163166",174.507773461571,-0.0870174952214849,0.275237643495901,-0.316154048248058,0.751885584366651,0.997528070347704
"ENSG00000163214",103.662018276669,0.103276320897229,0.311936740125267,0.331080977687194,0.740583319740748,0.997528070347704
"ENSG00000163257",198.890946894199,-0.211562302018577,0.26478043615371,-0.799010323767885,0.424284425814687,0.997528070347704
"ENSG00000163320",325.001811857993,-0.0930325245352564,0.248285991644366,-0.374699047332933,0.707884300846117,0.997528070347704
"ENSG00000163348",159.069046619496,-0.0175534437943199,0.278571488691984,-0.0630123487394245,0.949756670991576,0.997528070347704
"ENSG00000163374",155.148908560788,0.0842593163249915,0.278252224752194,0.302816325727606,0.762029841085895,0.997528070347704
"ENSG00000163382",150.994463762787,-0.0614962615130425,0.298969490184244,-0.205694104355413,0.837029864131336,0.997528070347704
"ENSG00000163386",206.430043172792,0.0998435507254828,0.261012238565382,0.382524402971521,0.702072431724521,0.997528070347704
"ENSG00000163399",2132.09041867978,0.076409665731497,0.206696679373422,0.36967050444702,0.711628011389294,0.997528070347704
"ENSG00000163412",106.72373757834,0.222910762235386,0.318928873396267,0.698935658793179,0.484592241448365,0.997528070347704
"ENSG00000163430",2744.64344533251,-0.0399185020222432,0.212738309678131,-0.187641342467368,0.851157815235398,0.997528070347704
"ENSG00000163466",527.858538117365,0.079367508508627,0.225264205519738,0.352330759010324,0.724590222862739,0.997528070347704
"ENSG00000163468",553.866761925911,-0.0934929992201946,0.233745190153483,-0.399978280446348,0.689172514174983,0.997528070347704
"ENSG00000163479",518.849170864459,-0.0997920957330475,0.229713689886804,-0.434419453983009,0.663983873343861,0.997528070347704
"ENSG00000163482",237.750078263147,-0.0470880562405036,0.254331593695922,-0.1851443446574,0.853115820797394,0.997528070347704
"ENSG00000163486",102.773320933113,0.272243607798071,0.346661920179334,0.785328851975535,0.432260783748121,0.997528070347704
"ENSG00000163516",315.18747305648,-0.0616897121245975,0.243490552254832,-0.253355670490387,0.799993380140231,0.997528070347704
"ENSG00000163520",363.690038023888,0.0722623993691885,0.255366584574731,0.282975157025846,0.777195880823106,0.997528070347704
"ENSG00000163527",684.453685686201,-0.0358203650422492,0.227359217096139,-0.157549649843765,0.874811681516354,0.997528070347704
"ENSG00000163541",209.323383806349,0.0162083462064413,0.261680392521412,0.0619394752899383,0.950611031097518,0.997528070347704
"ENSG00000163602",213.183146190103,-0.181054614471719,0.261810906675277,-0.69154725741155,0.489221693526499,0.997528070347704
"ENSG00000163605",120.718526267455,-0.0709165550849479,0.30492967305086,-0.232566920678525,0.816097716480667,0.997528070347704
"ENSG00000163608",139.679502932229,0.145298633171997,0.285460428651104,0.508997460203437,0.610754004362816,0.997528070347704
"ENSG00000163635",159.175671988882,-0.249859751963848,0.292558945644422,-0.854049263178332,0.393077694303408,0.997528070347704
"ENSG00000163636",209.994149355113,-0.0642407994332155,0.260356116233093,-0.246742040719726,0.805107868464713,0.997528070347704
"ENSG00000163655",179.290474309334,-0.0407735331123486,0.269756640752385,-0.151149321101516,0.879857926778849,0.997528070347704
"ENSG00000163659",158.11994958633,-0.208835719695055,0.312677426149292,-0.667895096447876,0.504200557689496,0.997528070347704
"ENSG00000163660",782.811031242226,-0.0426144639671943,0.223318348257147,-0.190823836463829,0.848663613034219,0.997528070347704
"ENSG00000163697",153.139420051903,-0.072194939802569,0.282340640510274,-0.255701551402913,0.798181297138919,0.997528070347704
"ENSG00000163702",232.134277841622,-0.127956628093491,0.29086959315189,-0.439910637296051,0.660001831298127,0.997528070347704
"ENSG00000163703",255.203245654763,0.0840552934529607,0.262006252673745,0.320814074455039,0.748351292857306,0.997528070347704
"ENSG00000163714",304.380020167067,-0.128985144302642,0.24415473374113,-0.528292621348071,0.597296252119612,0.997528070347704
"ENSG00000163719",118.112798215895,0.0591631745287496,0.299227089096039,0.197719981528012,0.843264155335165,0.997528070347704
"ENSG00000163738",103.101351556627,-0.121417133405108,0.321897572652724,-0.377191826594162,0.706031053919018,0.997528070347704
"ENSG00000163754",199.555728288239,0.087646095158446,0.273064192025445,0.32097249554522,0.748231234370771,0.997528070347704
"ENSG00000163785",206.138729753766,0.228766233405481,0.266798742806319,0.857448693345427,0.391196958319146,0.997528070347704
"ENSG00000163807",112.731369686935,-0.125686552614594,0.318644323945444,-0.394441523571947,0.693255092152247,0.997528070347704
"ENSG00000163810",29231.2306683533,0.759430506817889,1.62983105123812,0.465956582580127,0.641246578595386,0.997528070347704
"ENSG00000163811",118.142343148825,0.0855745637051427,0.303312469472664,0.282133351965126,0.777841260399942,0.997528070347704
"ENSG00000163812",282.534552810167,0.0447136969524216,0.245010166768897,0.182497312426212,0.855192463317355,0.997528070347704
"ENSG00000163820",364.728559898157,0.123919355507556,0.240067737601618,0.516184959901585,0.60572523371496,0.997528070347704
"ENSG00000163872",175.191776859053,-0.113833184541707,0.272347758562155,-0.41796997024203,0.675969073253922,0.997528070347704
"ENSG00000163879",113.201581042576,-0.272418616307592,0.307403152838702,-0.886193306060634,0.375513370166291,0.997528070347704
"ENSG00000163900",102.974488470725,-0.194968566177486,0.311009200147625,-0.626890027963614,0.530731324394174,0.997528070347704
"ENSG00000163902",918.221087826211,-0.185199857191303,0.218006679565891,-0.849514600011729,0.395595009635737,0.997528070347704
"ENSG00000163904",136.660712371187,0.170319024963372,0.289292499316818,0.588743314692192,0.556033476706802,0.997528070347704
"ENSG00000163909",107.09231373523,0.177334456237288,0.357754233276974,0.495687932503079,0.620114602424044,0.997528070347704
"ENSG00000163913",122.425257501964,-0.0171346427704412,0.301798957321572,-0.0567750230899041,0.954724410523335,0.997528070347704
"ENSG00000163930",264.25505141964,0.120709354979917,0.252277434346568,0.478478605478806,0.632309598199535,0.997528070347704
"ENSG00000163931",290.970077564362,0.195217308608329,0.246331612192996,0.792497994351535,0.428070360768273,0.997528070347704
"ENSG00000163938",448.770018336401,-0.200649939380762,0.234383772653294,-0.856074365171894,0.391956647028976,0.997528070347704
"ENSG00000163947",142.872523139262,0.0147611996593275,0.285288602085721,0.0517412877745888,0.958734838395489,0.997528070347704
"ENSG00000163956",380.35698088959,0.042521697305065,0.23763010625794,0.178940698948765,0.857984265357158,0.997528070347704
"ENSG00000163960",153.248905889122,-0.0531379053737274,0.289672849291879,-0.183441097443636,0.854451931832677,0.997528070347704
"ENSG00000164024",203.153525868689,0.153112816788454,0.264037347780739,0.579890754377679,0.561988290996609,0.997528070347704
"ENSG00000164032",148.011307932098,0.193202117896429,0.282813325711096,0.683143615707103,0.4945160972875,0.997528070347704
"ENSG00000164040",312.533947207023,-0.0324709047052971,0.240356970733367,-0.135094499677805,0.892537158933977,0.997528070347704
"ENSG00000164048",196.173490906563,-0.0324773317170345,0.335901434203586,-0.0966870885622667,0.922974893621883,0.997528070347704
"ENSG00000164050",796.562300497539,0.0494997080986294,0.21481760012124,0.230426687900305,0.81776022510236,0.997528070347704
"ENSG00000164054",563.676065073022,-0.0117670936633925,0.231158240155199,-0.0509049283966349,0.95940127831096,0.997528070347704
"ENSG00000164056",137.842040758455,0.142532014666952,0.330748371021354,0.430937918837852,0.666513511178691,0.997528070347704
"ENSG00000164068",139.73041561142,-0.201225065770492,0.289283809138834,-0.695597400938258,0.486680994313285,0.997528070347704
"ENSG00000164080",211.042073484526,0.101274131039288,0.260720168065693,0.388439957639835,0.697690479158045,0.997528070347704
"ENSG00000164081",166.495464492033,-0.237744531060147,0.282185227937296,-0.842512320003429,0.399501246574597,0.997528070347704
"ENSG00000164091",427.263306125934,0.201563105103644,0.234351758026716,0.860087873036845,0.389740605509139,0.997528070347704
"ENSG00000164096",366.780820395031,0.195026517580529,0.236217568542487,0.825622407274296,0.409018320209117,0.997528070347704
"ENSG00000164111",1264.93398526534,-0.0708813778548069,0.217815555381151,-0.325419264619431,0.744863777227008,0.997528070347704
"ENSG00000164125",346.762878862456,-0.185712922120392,0.281696941705849,-0.659264956856776,0.509725641213366,0.997528070347704
"ENSG00000164134",119.292755400583,-0.05840918390186,0.305251256104807,-0.19134789041394,0.848253043062192,0.997528070347704
"ENSG00000164164",126.440808184437,-0.227574073241665,0.319018635849168,-0.713356674715586,0.475625075483082,0.997528070347704
"ENSG00000164168",191.237193345161,-0.209978257356448,0.271759760500494,-0.772661327673146,0.439722839307886,0.997528070347704
"ENSG00000164172",120.703766910467,0.229500157365568,0.310506366896747,0.739115785802499,0.459836692050269,0.997528070347704
"ENSG00000164209",161.960123721363,-0.13917324336673,0.282579262137417,-0.492510463485644,0.622358526816905,0.997528070347704
"ENSG00000164252",105.55386725207,-0.108868235546083,0.310153632541976,-0.351013898027935,0.725577921877705,0.997528070347704
"ENSG00000164292",258.026139054627,-0.204908152531182,0.25059792697699,-0.817676965659803,0.413541666598317,0.997528070347704
"ENSG00000164307",226.187161491549,-0.151738567439816,0.27501332902998,-0.551749865997495,0.581119739979223,0.997528070347704
"ENSG00000164308",164.089925649235,0.0540362775665617,0.307470679205636,0.175744489543415,0.860494681627246,0.997528070347704
"ENSG00000164323",165.545750170516,-0.236169825070471,0.278593274516274,-0.847722636092121,0.396592456910159,0.997528070347704
"ENSG00000164329",156.032926714758,0.0995647231015342,0.289460724144163,0.343966261384556,0.730871659190041,0.997528070347704
"ENSG00000164402",250.336382198408,0.222926627860695,0.257894830986603,0.864409057784782,0.387363218827253,0.997528070347704
"ENSG00000164405",323.960690450411,0.128676125723798,0.244297697053707,0.526718537569796,0.598389060501156,0.997528070347704
"ENSG00000164463",120.309554469189,-0.128393420668309,0.310319101503079,-0.413746430839787,0.679059819324582,0.997528070347704
"ENSG00000164466",123.414228740853,-0.107670143492083,0.295175285594883,-0.364766797040916,0.715285491969537,0.997528070347704
"ENSG00000164548",340.254021103867,0.0387962492562451,0.251332734956899,0.154362101947835,0.877324233726261,0.997528070347704
"ENSG00000164574",251.174380433479,0.218233893863999,0.290323455810665,0.751692257363872,0.452236147675331,0.997528070347704
"ENSG00000164576",212.428434630322,-0.0130714267200232,0.26627246069246,-0.0490904192120732,0.960847238564582,0.997528070347704
"ENSG00000164609",154.23726266258,-0.0355069106824944,0.280306802915299,-0.126671598096118,0.899200326156807,0.997528070347704
"ENSG00000164631",132.863249195757,-0.240002982795261,0.289996592103089,-0.827606217903221,0.407893545744447,0.997528070347704
"ENSG00000164713",202.090621279329,-0.0395032962250444,0.269635185485234,-0.146506458917647,0.88352159145714,0.997528070347704
"ENSG00000164751",167.253411566466,0.0278929338170987,0.285068559056607,0.0978464054731474,0.922054257910028,0.997528070347704
"ENSG00000164754",446.810344444916,-0.11520190116731,0.232679693740028,-0.495109389717629,0.62052290610896,0.997528070347704
"ENSG00000164808",224.881922533698,-0.184325365447353,0.262133529983276,-0.703173552269765,0.481947599171624,0.997528070347704
"ENSG00000164828",504.723705292152,-0.0448882571583731,0.233927031225001,-0.191889996309138,0.847828373618485,0.997528070347704
"ENSG00000164830",117.117838315704,0.0410712784003576,0.300169804082974,0.136826815494754,0.891167687281555,0.997528070347704
"ENSG00000164877",253.666822021442,-0.021539136668756,0.254332061815077,-0.0846890341510184,0.932508614126025,0.997528070347704
"ENSG00000164889",179.450403980764,-0.017278273635871,0.294561080900595,-0.0586576936200946,0.953224756883263,0.997528070347704
"ENSG00000164904",188.151348005378,0.241191391238125,0.285612394749247,0.844471023219696,0.398406249018804,0.997528070347704
"ENSG00000164916",234.041605599346,0.141298844599906,0.25774705232848,0.548207412358033,0.583549493052866,0.997528070347704
"ENSG00000164919",249.21368395435,0.194657175684829,0.259842023726742,0.749136621139991,0.453774864467296,0.997528070347704
"ENSG00000164924",1163.7744891515,-0.151864003131251,0.211445774195172,-0.718217253143472,0.472623341466036,0.997528070347704
"ENSG00000164944",199.012691015485,-0.0182153860748315,0.261774998709351,-0.0695841320395005,0.944524667121562,0.997528070347704
"ENSG00000164970",130.082197259846,0.110417696796287,0.296687759805559,0.372168022262368,0.70976775329581,0.997528070347704
"ENSG00000165006",197.193346880305,0.055681637787862,0.262344607279033,0.21224616875253,0.831914989685298,0.997528070347704
"ENSG00000165030",177.168960438983,0.20957973035936,0.293112952914878,0.715013540941071,0.474600676165256,0.997528070347704
"ENSG00000165102",500.090385616698,0.111485503693365,0.229957777471473,0.48480858059778,0.627812135490738,0.997528070347704
"ENSG00000165119",914.282180283233,0.165674260403079,0.217777909952752,0.76074869319401,0.446807184743774,0.997528070347704
"ENSG00000165175",109.51181103524,0.0735307385140698,0.318778321284986,0.230664175084647,0.817575707159783,0.997528070347704
"ENSG00000165238",588.162882806562,-0.0969729558536627,0.226105170210453,-0.428884292046053,0.668007432050863,0.997528070347704
"ENSG00000165271",223.413187191614,-0.152919635710636,0.257437085141343,-0.59400779661049,0.552506898295918,0.997528070347704
"ENSG00000165280",1311.0130546216,-0.188389445367256,0.21118069588543,-0.892077017633567,0.372351652453527,0.997528070347704
"ENSG00000165282",176.724198484278,-0.173390332132451,0.275831278885915,-0.628610115693826,0.529604336163689,0.997528070347704
"ENSG00000165283",153.453849357366,0.0561200557201379,0.2789774400839,0.201163419175616,0.840570794040213,0.997528070347704
"ENSG00000165389",167.841494416674,-0.194102940132523,0.281915412381093,-0.688514822560091,0.491128639330539,0.997528070347704
"ENSG00000165406",218.837324182685,-0.104528657946276,0.262708854118211,-0.397887837839073,0.690712865492683,0.997528070347704
"ENSG00000165416",127.464389920686,-0.0144265209112786,0.293590006481215,-0.0491383241690879,0.960809062011928,0.997528070347704
"ENSG00000165417",122.671556801546,-0.170300426721444,0.314079540173426,-0.542220695520021,0.587666479991688,0.997528070347704
"ENSG00000165458",576.430251367804,-0.0491122313122293,0.221124986732979,-0.222101681215859,0.82423472912385,0.997528070347704
"ENSG00000165494",227.420968183165,-0.161929422410112,0.25601401579613,-0.632502177298995,0.527058786172887,0.997528070347704
"ENSG00000165502",236.356587669053,0.216521366337455,0.258364805451479,0.838045127543959,0.402005359029433,0.997528070347704
"ENSG00000165516",223.020932371692,0.0899359112017541,0.257182718543333,0.349696557028192,0.726566437830652,0.997528070347704
"ENSG00000165525",198.252454644654,-0.235545944665508,0.264345716662697,-0.891052624718949,0.372900938952197,0.997528070347704
"ENSG00000165533",141.215536596464,-0.238693470684235,0.316621971746458,-0.753875258143406,0.450924128503611,0.997528070347704
"ENSG00000165609",109.938707740922,0.171557538853622,0.310889613908107,0.55182782305597,0.581066322857535,0.997528070347704
"ENSG00000165629",262.29578785119,0.139308995802713,0.25826569902101,0.539401849842167,0.589609604917859,0.997528070347704
"ENSG00000165650",115.041661720377,-0.174857534272204,0.308183777201156,-0.567380722827833,0.570455544025835,0.997528070347704
"ENSG00000165659",102.694450752708,-0.122268832130708,0.313090158665115,-0.390522757572486,0.696150030454336,0.997528070347704
"ENSG00000165661",104.697428535302,-0.0964458752458526,0.333585629449534,-0.289118795090192,0.772490471096795,0.997528070347704
"ENSG00000165671",308.581034505672,-0.0198103567218251,0.252541328306371,-0.0784440188648732,0.937474859394207,0.997528070347704
"ENSG00000165688",136.094022488974,0.0169539012956007,0.289778891504608,0.0585063363572536,0.953345315459122,0.997528070347704
"ENSG00000165699",257.527745993747,0.0293414334153882,0.26127167801252,0.112302388221283,0.910583648257412,0.997528070347704
"ENSG00000165733",143.988715240204,0.0262274057127059,0.283546694611803,0.0924976598602682,0.926302650412782,0.997528070347704
"ENSG00000165775",136.112928958445,-0.133036621856621,0.292448971229024,-0.454905419217347,0.649177284021263,0.997528070347704
"ENSG00000165782",143.325075732417,-0.0268882562637766,0.287804563222584,-0.0934253993845874,0.925565612968543,0.997528070347704
"ENSG00000165792",111.570932320108,0.0777127817641893,0.310501460041658,0.250281534115051,0.802369635766653,0.997528070347704
"ENSG00000165802",200.025982632175,0.0795694107575,0.262437523358621,0.303193726793285,0.761742229452292,0.997528070347704
"ENSG00000165806",107.892186578601,-0.0904701869527673,0.32531900172937,-0.278096841782481,0.780938020049503,0.997528070347704
"ENSG00000165819",263.874148065194,-0.159681263960491,0.247286539325965,-0.645733748370363,0.518451800433249,0.997528070347704
"ENSG00000165905",124.667579576653,-0.178802506304319,0.300639408258542,-0.594740747196235,0.55201678012301,0.997528070347704
"ENSG00000165912",129.639688691809,-0.0422962724380841,0.304035079786879,-0.139116421919907,0.88935815159546,0.997528070347704
"ENSG00000165915",130.889733989497,-0.15673600800314,0.302704884248826,-0.517784866247157,0.604608378421356,0.997528070347704
"ENSG00000165916",206.176764171965,0.213347324841226,0.263251419944629,0.810431810343513,0.417692041423714,0.997528070347704
"ENSG00000165929",360.984833204177,-0.198000760021178,0.245574932718425,-0.806274312403883,0.420084698506074,0.997528070347704
"ENSG00000165943",223.9115354508,-0.0483723940224875,0.263998840482403,-0.183229570001509,0.854617893603127,0.997528070347704
"ENSG00000165959",325.557978464922,-0.197203757577879,0.243080267363667,-0.811270119605581,0.417210565573895,0.997528070347704
"ENSG00000166002",133.534918054958,-0.258212631208016,0.310360030162378,-0.831977723010661,0.405421518872077,0.997528070347704
"ENSG00000166012",197.132334478315,-0.229996722626922,0.269789822728459,-0.852503331300278,0.393934790847142,0.997528070347704
"ENSG00000166073",119.701116641881,-0.220854101269393,0.317164689841639,-0.696338868553322,0.486216637013293,0.997528070347704
"ENSG00000166135",282.645181225495,-0.0883655444105289,0.244359135266342,-0.361621612035146,0.717634812119075,0.997528070347704
"ENSG00000166147",326.37510853832,0.257340766388045,0.290576516870311,0.885621347381284,0.375821604247587,0.997528070347704
"ENSG00000166165",1340.15776627993,0.222722862205701,0.268597688355226,0.82920617660397,0.406987750486472,0.997528070347704
"ENSG00000166167",241.015365463158,-0.154387409924056,0.252594914177388,-0.611205536053017,0.541063518840446,0.997528070347704
"ENSG00000166169",110.277429257221,0.253765865643002,0.312284355642888,0.812611522343423,0.416440823231855,0.997528070347704
"ENSG00000166170",167.745736774911,0.0190330782905766,0.273377365476133,0.0696219976274454,0.94449452784821,0.997528070347704
"ENSG00000166181",206.910547850828,-0.0466150239650367,0.260139227013153,-0.179192598133921,0.857786475495758,0.997528070347704
"ENSG00000166197",354.062077537877,-0.072744907325033,0.235634776935546,-0.308718892309055,0.757535371382624,0.997528070347704
"ENSG00000166200",209.004423436982,0.0866372718234027,0.269122585833417,0.321924938239966,0.747509560079588,0.997528070347704
"ENSG00000166224",436.926573808532,-0.177112471954788,0.228534255914064,-0.774993102221789,0.438343735513657,0.997528070347704
"ENSG00000166226",314.664045941034,-0.0449832816076462,0.240229612952496,-0.18725119295156,0.851463688432991,0.997528070347704
"ENSG00000166228",165.031319381039,-0.0452768630646394,0.282009522730907,-0.160550830433632,0.872447183998558,0.997528070347704
"ENSG00000166233",284.75038629765,-0.0276867137218449,0.244016146971054,-0.11346262968872,0.909663788900361,0.997528070347704
"ENSG00000166260",105.802709910291,-0.178019679647448,0.311387820983018,-0.571697631222246,0.567526839504771,0.997528070347704
"ENSG00000166272",280.601148130286,0.105700889662838,0.246013034209358,0.42965564813483,0.66744615064549,0.997528070347704
"ENSG00000166295",325.848917666769,0.00980450334115727,0.239201841275864,0.0409884108285356,0.967305134918008,0.997528070347704
"ENSG00000166313",112.116753712193,0.229367942377741,0.318691166411772,0.719718544320683,0.471698306087433,0.997528070347704
"ENSG00000166326",182.191909497257,-0.195140908836441,0.278920291217094,-0.699629661165653,0.48415861393698,0.997528070347704
"ENSG00000166337",196.780416831322,0.0360939285596125,0.26630154878241,0.135537809391804,0.892186672478285,0.997528070347704
"ENSG00000166340",576.954871828852,0.146185601434908,0.221713675250133,0.659344089939353,0.509674836026927,0.997528070347704
"ENSG00000166347",215.669422284631,-0.15835559216602,0.265178538519419,-0.597165943557019,0.55039659439592,0.997528070347704
"ENSG00000166348",368.657680988982,-0.205161648700919,0.2383389372525,-0.860797866542334,0.389349380252276,0.997528070347704
"ENSG00000166377",138.644409104666,0.0907144004189765,0.286099220297171,0.317073217902347,0.751188046199471,0.997528070347704
"ENSG00000166387",149.687803849717,0.132385586357796,0.290478128518868,0.455750617207646,0.648569318768888,0.997528070347704
"ENSG00000166398",255.402613192816,-0.124033633584194,0.25154471689815,-0.493087810046971,0.621950543675012,0.997528070347704
"ENSG00000166402",136.204795379652,0.0548696554538549,0.288865848670659,0.18994857199756,0.849349430324166,0.997528070347704
"ENSG00000166405",146.706345684035,-0.112672367844262,0.282506793824524,-0.398830648703788,0.6900179923727,0.997528070347704
"ENSG00000166436",145.826204770346,0.00932231795406358,0.285085302379726,0.0327001002024528,0.973913743985193,0.997528070347704
"ENSG00000166451",193.351438799348,0.131462719330141,0.275822334808236,0.4766210083079,0.633632020903733,0.997528070347704
"ENSG00000166479",206.658155693562,-0.235385387610921,0.263494053058477,-0.89332334023752,0.37168404229578,0.997528070347704
"ENSG00000166483",178.950833379515,0.0152671793222532,0.280315666359113,0.0544642385513137,0.956565299782428,0.997528070347704
"ENSG00000166508",235.736999310857,0.208006880692864,0.255593339353038,0.813819644985172,0.415748279260928,0.997528070347704
"ENSG00000166526",131.120275251718,0.0716476029779655,0.295095826932853,0.242794361826975,0.808164703519371,0.997528070347704
"ENSG00000166532",127.95233769568,-0.0155690050060337,0.297372843041587,-0.0523551674954272,0.958245696248069,0.997528070347704
"ENSG00000166548",148.010937614836,-0.160030063228396,0.281304678018465,-0.568885182982599,0.569434061335186,0.997528070347704
"ENSG00000166562",745.265556219206,-0.171607418351211,0.286489416271039,-0.599000900573787,0.549172284023118,0.997528070347704
"ENSG00000166579",193.243062720697,-0.100451870119188,0.267474995002102,-0.37555611551053,0.707246921027715,0.997528070347704
"ENSG00000166595",106.330652238687,0.127126777572593,0.311440920825003,0.408189062746911,0.683134877264584,0.997528070347704
"ENSG00000166619",239.230575364561,0.028898319277767,0.251970596309453,0.114689252242258,0.908691433179587,0.997528070347704
"ENSG00000166681",392.216276063106,0.121693191372833,0.24660242305339,0.493479301079237,0.621673961791919,0.997528070347704
"ENSG00000166685",156.649074566177,0.0435016301905852,0.284610210637104,0.152846344104121,0.878519449778605,0.997528070347704
"ENSG00000166710",7555.55466691166,-0.0773936112989086,0.265386560078167,-0.291625963560902,0.770572621867209,0.997528070347704
"ENSG00000166716",178.151037916568,-0.124655124398079,0.270012285217953,-0.461664639805028,0.644321832274612,0.997528070347704
"ENSG00000166750",222.600634673279,0.137833000029666,0.304510895824775,0.45263733390013,0.650809910817346,0.997528070347704
"ENSG00000166770",119.5733929152,-0.0525610828411218,0.31103666749638,-0.168986773373701,0.865807045095938,0.997528070347704
"ENSG00000166783",381.730571539916,-0.131188636543291,0.233424470536978,-0.562017496458278,0.574104098364099,0.997528070347704
"ENSG00000166794",617.267041978776,-0.181017801142007,0.220646736996364,-0.82039645637266,0.411990134949143,0.997528070347704
"ENSG00000166825",1018.94067044419,0.352012645542553,1.20834336283812,0.291318392080011,0.770807822321361,0.997528070347704
"ENSG00000166847",172.667502242987,-0.15905748292493,0.271073609040038,-0.586768603141433,0.557359125963954,0.997528070347704
"ENSG00000166848",236.357095372883,0.186124837791355,0.260367409851204,0.714854589127428,0.47469889955636,0.997528070347704
"ENSG00000166855",158.801065572042,-0.187001633186666,0.276724676974469,-0.675767825375106,0.499188065534816,0.997528070347704
"ENSG00000166888",1009.4853296655,0.116639691530109,0.212810662096021,0.548091389694942,0.583629152473722,0.997528070347704
"ENSG00000166889",117.441936877663,0.188417250381912,0.302020346510163,0.623856149292816,0.532722060661949,0.997528070347704
"ENSG00000166900",166.91147942477,0.178637161566175,0.276394356029924,0.646312624223176,0.518076913788866,0.997528070347704
"ENSG00000166908",200.774008220466,-0.0948828492484045,0.281614700603523,-0.3369243475041,0.736173930666608,0.997528070347704
"ENSG00000166912",144.504815915097,-0.0930945367650811,0.284410528556077,-0.327324509531038,0.743422456635566,0.997528070347704
"ENSG00000166913",749.833182632271,0.0620994077017089,0.22576005311755,0.275068183428246,0.783263854982021,0.997528070347704
"ENSG00000166923",227.232519844314,0.219795280167431,0.852105005258032,0.25794389049607,0.796450210968417,0.997528070347704
"ENSG00000166925",145.208769474233,-0.0516167503218465,0.294681884721771,-0.175160920972734,0.860953190099029,0.997528070347704
"ENSG00000166938",146.554465307765,-0.00884359885014962,0.282762726110592,-0.0312756881778357,0.975049678944448,0.997528070347704
"ENSG00000166946",156.830956579288,-0.156614048907817,0.277440731440748,-0.564495516193754,0.572416950794746,0.997528070347704
"ENSG00000166974",176.662694957835,0.0744887574541564,0.277140975926851,0.268775691523209,0.788102300576957,0.997528070347704
"ENSG00000166987",376.880729389164,-0.0504877078841553,0.235766341054079,-0.214142984356595,0.830435556512925,0.997528070347704
"ENSG00000167004",2077.57735300335,-0.166319469388467,0.215321194736596,-0.772424979305576,0.439862763953879,0.997528070347704
"ENSG00000167005",258.333568199857,-0.137805893332767,0.266151558783775,-0.517772257139857,0.60461717691634,0.997528070347704
"ENSG00000167081",281.477827167279,-0.0167256327321615,0.251948997754624,-0.0663849941107955,0.947071316812722,0.997528070347704
"ENSG00000167110",522.494150477692,-0.0770597543378756,0.226279650318373,-0.34055096969371,0.73344164568058,0.997528070347704
"ENSG00000167113",242.084972969776,-0.0683013805486867,0.252484012002341,-0.270517645877924,0.786762043368133,0.997528070347704
"ENSG00000167118",108.867319129159,0.0378544359760437,0.314979501965839,0.120180633151643,0.904340059076492,0.997528070347704
"ENSG00000167182",107.909328984296,-0.159222863201377,0.307710358976641,-0.51744394868898,0.604846287122058,0.997528070347704
"ENSG00000167186",107.931448191357,-0.124908614771034,0.31116556798394,-0.401421711214143,0.688109667247212,0.997528070347704
"ENSG00000167202",177.957369560564,0.149954978517335,0.27241791529701,0.550459313051578,0.582004376199968,0.997528070347704
"ENSG00000167220",111.728669699027,-0.12865892799148,0.304228679749915,-0.422902035722737,0.67236673748927,0.997528070347704
"ENSG00000167258",234.501976610573,-0.203684094975751,0.254499780759945,-0.800331121573242,0.423518976332417,0.997528070347704
"ENSG00000167280",188.404719509776,0.112887117979821,0.270361576322945,0.417541277555575,0.676282538681151,0.997528070347704
"ENSG00000167291",673.203196220414,-0.15249922542016,0.219738929839359,-0.694001857256907,0.487681044188926,0.997528070347704
"ENSG00000167325",147.527845080375,0.125282875328876,0.285845966628929,0.438288064045039,0.661177477263746,0.997528070347704
"ENSG00000167333",159.817784187131,-0.016428082049188,0.281214873035847,-0.0584182545959933,0.95341547453774,0.997528070347704
"ENSG00000167378",180.961987992567,0.0114829483797288,0.269914840102013,0.0425428567595203,0.966065947904378,0.997528070347704
"ENSG00000167380",123.365376508541,-0.260707489451467,0.308126931312671,-0.84610419589359,0.397494620235043,0.997528070347704
"ENSG00000167460",1063.48018756586,0.193289495261195,0.226405417334262,0.853731759323694,0.393253632733088,0.997528070347704
"ENSG00000167468",435.65789167752,-0.129039010520915,0.233968376162491,-0.55152329830805,0.581274999949014,0.997528070347704
"ENSG00000167470",259.889528105583,0.130979702835441,0.279952114142836,0.467864667628882,0.639881371808126,0.997528070347704
"ENSG00000167491",159.03868474903,-0.106755827516163,0.278744401855174,-0.382988238707766,0.701728484608876,0.997528070347704
"ENSG00000167522",414.867948878363,-0.0713319503675519,0.234910592963511,-0.303655741819322,0.761390179607875,0.997528070347704
"ENSG00000167526",1035.75413162306,0.192852823671468,0.214761072851886,0.897987801562495,0.369192052831184,0.997528070347704
"ENSG00000167528",113.538622617112,-0.203726508462053,0.32348275943507,-0.629790931726441,0.528831379492477,0.997528070347704
"ENSG00000167553",118.875932738845,0.198544324184901,0.307557945512314,0.645550950908377,0.518570211288313,0.997528070347704
"ENSG00000167555",150.888226778956,-0.216588232045568,0.286792207409017,-0.75520961326775,0.450123221473571,0.997528070347704
"ENSG00000167615",2058.87985323324,0.0110299566442211,0.209587043609108,0.0526270920868213,0.958029030512841,0.997528070347704
"ENSG00000167632",122.111679768579,-0.19974670010602,0.302378279378132,-0.66058547762365,0.508878184791503,0.997528070347704
"ENSG00000167635",316.191347566849,-0.0326681357328741,0.240436589584589,-0.135870067818363,0.89192399842492,0.997528070347704
"ENSG00000167653",429.601003890312,1.31117170977716,1.67774094379523,0.781510229351111,0.434502462689257,0.997528070347704
"ENSG00000167658",8051.05026406602,0.0137570858877293,0.200564248776254,0.0685919149183785,0.945314454670952,0.997528070347704
"ENSG00000167671",320.555050577997,-0.202309294820529,0.24108591558346,-0.839158498043795,0.401380372990581,0.997528070347704
"ENSG00000167674",133.317629223845,0.0497088434413835,0.290126917596731,0.171334820819616,0.863960502202629,0.997528070347704
"ENSG00000167685",182.07385079856,0.0448923189368464,0.268992357004902,0.166890685804981,0.867456062018034,0.997528070347704
"ENSG00000167693",200.947197882264,0.113731673265687,0.264474320140329,0.430029173363,0.667174419826241,0.997528070347704
"ENSG00000167699",217.585684277239,0.0269993473515668,0.257777437760812,0.10473898563853,0.91658292601447,0.997528070347704
"ENSG00000167716",130.520953156722,0.144770310553313,0.294169003784636,0.492133123105317,0.622625237880729,0.997528070347704
"ENSG00000167721",106.389702978121,0.24059308985607,0.32673047240053,0.736365629102186,0.461508215941401,0.997528070347704
"ENSG00000167749",1983.31092027882,-0.265817039560664,0.322082369840481,-0.825307636963541,0.40919695717008,0.997528070347704
"ENSG00000167766",537.962528847697,-0.133722179863832,0.230610119182347,-0.579862585119673,0.562007288573005,0.997528070347704
"ENSG00000167770",213.544526991327,-0.0397699891698906,0.263217877910088,-0.15109151964015,0.879903522050305,0.997528070347704
"ENSG00000167778",259.264610200553,0.205402300354342,0.258597234634397,0.794294264765588,0.427024142083443,0.997528070347704
"ENSG00000167797",115.151479204163,-0.110487061252716,0.306816950534243,-0.360107422553842,0.718766802253197,0.997528070347704
"ENSG00000167815",331.312724286278,-0.0969766810490747,0.243112814254276,-0.398895802126025,0.6899699824582,0.997528070347704
"ENSG00000167880",149.317317667584,-0.144397161718244,0.287796276622939,-0.501733946709216,0.615854682135649,0.997528070347704
"ENSG00000167881",266.021797514059,0.0432028942382281,0.253337424779956,0.170534986197769,0.864589422310718,0.997528070347704
"ENSG00000167925",115.644567898882,-0.237120817576566,0.312438967457987,-0.75893483935691,0.44789153678119,0.997528070347704
"ENSG00000167967",144.18880701905,-0.167408363840348,0.291396364664031,-0.574503954547832,0.565626825287084,0.997528070347704
"ENSG00000167978",5432.05588094119,-0.124822044411215,0.199521564721154,-0.625606783836438,0.531572888084654,0.997528070347704
"ENSG00000167986",870.303204757093,-0.0881939162464583,0.215517287487228,-0.409219683834805,0.682378450382571,0.997528070347704
"ENSG00000167987",163.84116164187,0.0254221642028568,0.281125303544741,0.0904300106831572,0.927945509307764,0.997528070347704
"ENSG00000167996",131.043391002297,0.135286312852307,0.296571482178584,0.456167639108478,0.648269434083494,0.997528070347704
"ENSG00000168002",133.57939975103,-0.0187549460469473,0.288946675049302,-0.0649079836054427,0.948247264003012,0.997528070347704
"ENSG00000168003",354.750284424319,-0.0764787958394002,0.250632694564096,-0.3051429342545,0.760257292705105,0.997528070347704
"ENSG00000168014",140.02762887484,-0.202310948113809,0.285072601730578,-0.709682189328783,0.47790123934803,0.997528070347704
"ENSG00000168028",142.500855621913,0.153659323456556,0.288888159687214,0.53189900071684,0.594795949437472,0.997528070347704
"ENSG00000168036",1561.5244364105,0.042326282828275,0.209667055237248,0.201873788804735,0.840015393697312,0.997528070347704
"ENSG00000168066",1085.03781801963,-0.0453494580026116,0.211141656139347,-0.214782145938471,0.829937173529548,0.997528070347704
"ENSG00000168090",223.380393624583,0.211954322142853,0.256148067441463,0.827467972957829,0.407971867616717,0.997528070347704
"ENSG00000168092",264.188895436601,-0.103223200968926,0.261439663010574,-0.394826094022127,0.692971235967482,0.997528070347704
"ENSG00000168137",610.898394358679,-0.034698015832853,0.223530036625948,-0.155227531640037,0.876641944238375,0.997528070347704
"ENSG00000168159",339.552038554784,-0.114879002417541,0.243866160983125,-0.471073977440807,0.637587907454585,0.997528070347704
"ENSG00000168175",261.776257028123,-0.14743088079964,0.250769753589119,-0.587913329616308,0.55659046890947,0.997528070347704
"ENSG00000168214",301.311296417434,-0.0244797129880626,0.247619363853902,-0.098860253120212,0.921249227671849,0.997528070347704
"ENSG00000168216",152.541276695618,0.116421860829974,0.291225552456726,0.399765267325824,0.689329414964313,0.997528070347704
"ENSG00000168259",184.632641126357,-0.119769501162383,0.273088019432918,-0.438574718184601,0.660969719250898,0.997528070347704
"ENSG00000168264",345.045159934948,0.047934456922035,0.258773776328265,0.185236918524651,0.853043213331489,0.997528070347704
"ENSG00000168268",139.902143821301,0.0315147368244798,0.290943261805115,0.108319184396817,0.91374250520283,0.997528070347704
"ENSG00000168288",200.968128210447,0.0308358947785856,0.26168453654816,0.117836136538051,0.906197496184968,0.997528070347704
"ENSG00000168291",172.4857379241,0.0679906744449893,0.273130256559647,0.248931316879356,0.803413910267908,0.997528070347704
"ENSG00000168310",115.748826856154,-0.0531055943998171,0.30080387514714,-0.176545579320879,0.859865343857509,0.997528070347704
"ENSG00000168374",567.051681122881,-0.0979996780328757,0.22161491681465,-0.442207047438232,0.658339386789013,0.997528070347704
"ENSG00000168385",1207.39016254296,0.142759334329671,0.216309891177756,0.659975988857376,0.509269238077875,0.997528070347704
"ENSG00000168394",288.26979547971,-0.273740264772532,0.32226232316105,-0.849433039790168,0.395640374932495,0.997528070347704
"ENSG00000168397",319.087553267571,-0.110060651510285,0.248483533747507,-0.442929355721903,0.657816833296401,0.997528070347704
"ENSG00000168434",141.049254080465,-0.227804513442833,0.286427767874045,-0.795329709593687,0.426421735875133,0.997528070347704
"ENSG00000168439",314.746460616741,0.0995374920460291,0.240897308968275,0.413194703055557,0.679463968664172,0.997528070347704
"ENSG00000168488",393.435692263858,0.021218741234047,0.231658241099173,0.0915950200319585,0.927019808257175,0.997528070347704
"ENSG00000168522",182.307649295958,0.0617199805212401,0.267914457131475,0.230371967164698,0.817802742333761,0.997528070347704
"ENSG00000168528",357.138154064215,-0.1431158319172,0.237389716602619,-0.602872921225861,0.546593231310362,0.997528070347704
"ENSG00000168539",153.522836051678,-0.12240605069967,0.380168224096789,-0.321978647717033,0.747468870516012,0.997528070347704
"ENSG00000168575",141.018950495656,0.136350589628063,0.303831862549472,0.448769883724296,0.653597666061033,0.997528070347704
"ENSG00000168610",1047.99830054312,0.143070952429113,0.213683750491688,0.669545307492526,0.503147689113808,0.997528070347704
"ENSG00000168646",115.72061861063,-0.0918165767034197,0.303717360796152,-0.302309280123914,0.762416304599078,0.997528070347704
"ENSG00000168675",260.307042192922,0.0419661172050729,0.27943943641919,0.150179651601212,0.88062287948313,0.997528070347704
"ENSG00000168710",550.719161723964,0.106586856016847,0.224452739013578,0.474874383290103,0.634876511116732,0.997528070347704
"ENSG00000168724",219.606727085655,-0.190251165784529,0.272396091968032,-0.698435738963743,0.484904732406114,0.997528070347704
"ENSG00000168758",252.902257338945,0.0768633747452236,0.262502191186498,0.292810411973343,0.769667069299229,0.997528070347704
"ENSG00000168763",158.361505219517,-0.0819127046793174,0.28132153581815,-0.291171112944112,0.770920454399785,0.997528070347704
"ENSG00000168781",104.511676106981,0.0249785499976023,0.311873888081599,0.0800918286274317,0.936164221681252,0.997528070347704
"ENSG00000168802",117.286268098565,-0.0905135470178612,0.299344064498611,-0.302372947228694,0.762367775112038,0.997528070347704
"ENSG00000168827",214.100957365728,-0.0880165740213387,0.27655597050917,-0.318259532995402,0.75028807761824,0.997528070347704
"ENSG00000168872",124.587630344208,0.110222148294127,0.301984270839344,0.364993011019324,0.715116623296238,0.997528070347704
"ENSG00000168883",133.348619388333,0.178730116657962,0.289642904544086,0.617070585379239,0.537188169278834,0.997528070347704
"ENSG00000168887",157.972165839125,-0.115029692077466,0.283370934971814,-0.405933276427617,0.684791626988087,0.997528070347704
"ENSG00000168894",109.770154917027,-0.178088663408078,0.317891066783316,-0.560219150572949,0.575329966111377,0.997528070347704
"ENSG00000168906",1026.57664734629,0.024291726711453,0.211920782138182,0.114626448932288,0.908741214668903,0.997528070347704
"ENSG00000168936",155.371879942722,-0.156321224522645,0.283524202304469,-0.551350548743545,0.581393393025825,0.997528070347704
"ENSG00000168958",142.322722328181,0.211055655500123,0.283790855691611,0.743701395824651,0.457057144819627,0.997528070347704
"ENSG00000169018",243.53750224885,-0.118292986466111,0.259702377908048,-0.455494429504203,0.648753574216246,0.997528070347704
"ENSG00000169021",114.200874923074,0.0897244593929189,0.307220900122144,0.292051938384552,0.770246913012409,0.997528070347704
"ENSG00000169032",148.485289285218,-0.0543002599696878,0.286091908918422,-0.189800054727068,0.849465813009188,0.997528070347704
"ENSG00000169045",2031.1940667253,-0.113181475070985,0.220871987453337,-0.51243019260148,0.608349964641022,0.997528070347704
"ENSG00000169047",171.915201036455,0.129604637162931,0.271220729306517,0.477856679665735,0.632752216290799,0.997528070347704
"ENSG00000169057",397.575516378481,0.18114260212115,0.237212321451176,0.76363066223958,0.445087371498106,0.997528070347704
"ENSG00000169093",121.417311102691,-0.0161233728118761,0.300513872771624,-0.0536526738788166,0.95721188922686,0.997528070347704
"ENSG00000169100",1377.80327923563,0.0666708077439635,0.207209228482856,0.321755976951961,0.747637567422637,0.997528070347704
"ENSG00000169116",679.564316676042,0.0134250444411687,0.269162374461209,0.0498771214514735,0.960220309043484,0.997528070347704
"ENSG00000169136",124.240370831425,0.141111828344352,0.308530995556638,0.457366781220035,0.647407436789989,0.997528070347704
"ENSG00000169139",143.098612259824,0.0376639152462811,0.289918942758205,0.129911881189816,0.896636144123329,0.997528070347704
"ENSG00000169180",315.653345903859,-0.0702911394871385,0.25040452666625,-0.280710338678604,0.778932578354221,0.997528070347704
"ENSG00000169189",183.984421403433,-0.0952641377491115,0.268963765859022,-0.354189485133266,0.723196883148587,0.997528070347704
"ENSG00000169217",192.641087403345,0.15923904283886,0.263459466523925,0.604415718819501,0.545567287746365,0.997528070347704
"ENSG00000169231",174.424923305809,0.241615797749921,0.286599555559456,0.843043169687668,0.399204300551762,0.997528070347704
"ENSG00000169239",119.407436692645,-0.0185456361505908,0.320710110068109,-0.0578267898902604,0.953886598633177,0.997528070347704
"ENSG00000169241",120.516696166959,-0.299768914671315,0.339371015190877,-0.883307357591253,0.377070229589713,0.997528070347704
"ENSG00000169246",210.482942244979,0.100047650558022,0.263506691406113,0.379677836734057,0.704184574078285,0.997528070347704
"ENSG00000169251",184.210019881628,-0.0364362237428381,0.269387486844979,-0.135255813733492,0.892409619499581,0.997528070347704
"ENSG00000169375",304.76528406172,0.0483949379050196,0.242279319529589,0.199748529915733,0.841677257143905,0.997528070347704
"ENSG00000169398",456.057979223187,-0.198515786711895,0.235801810794738,-0.841875582052677,0.399857599465876,0.997528070347704
"ENSG00000169490",103.095357995072,0.0491628539994688,0.311115578699363,0.15802119008311,0.874440101227838,0.997528070347704
"ENSG00000169554",131.60899575311,0.273514317102259,0.31149497078953,0.878069769181173,0.37990585745912,0.997528070347704
"ENSG00000169564",385.000457616569,-0.207688056623763,0.238021346114089,-0.872560633802204,0.38290260543604,0.997528070347704
"ENSG00000169567",509.552828677557,-0.0104028485045259,0.237680445424349,-0.0437682136027342,0.965089164663049,0.997528070347704
"ENSG00000169592",342.027773469764,0.0710455131701459,0.237876851855541,0.298665097574483,0.765195590272519,0.997528070347704
"ENSG00000169641",180.151880661358,0.0770339813804979,0.280680248275923,0.274454586148041,0.78373529908383,0.997528070347704
"ENSG00000169660",142.833595878024,-0.178929023955076,0.283387072209983,-0.631394447741403,0.52778264547378,0.997528070347704
"ENSG00000169714",1064.76230852968,0.108271044082785,0.210176928700926,0.515142383857223,0.606453527121603,0.997528070347704
"ENSG00000169727",306.874443432801,-0.180082237071861,0.243717522941809,-0.738897371424781,0.459969318610167,0.997528070347704
"ENSG00000169756",217.534687418527,0.173552158587355,0.261416763363242,0.663890702166645,0.506760267577954,0.997528070347704
"ENSG00000169764",248.776784155952,0.121006763436591,0.251418380478517,0.481296408028255,0.63030584959895,0.997528070347704
"ENSG00000169813",668.163640365515,-0.145104239226594,0.218938001410144,-0.662764062392097,0.507481673401124,0.997528070347704
"ENSG00000169826",116.986427352397,0.160894719956606,0.33966899488876,0.473680914000698,0.635727465625775,0.997528070347704
"ENSG00000169871",107.496058619752,-0.140713351025872,0.307198974979117,-0.458052801235543,0.646914507217037,0.997528070347704
"ENSG00000169905",192.830357010172,-0.00824836378787408,0.273304382612877,-0.0301801372850925,0.975923389465531,0.997528070347704
"ENSG00000169914",108.655827033576,0.014470339025014,0.307922007597197,0.0469935200082975,0.962518392108849,0.997528070347704
"ENSG00000169919",291.373245363207,0.0162815473937225,0.250433553551878,0.0650134423395057,0.948163297459342,0.997528070347704
"ENSG00000169925",148.056057053341,-0.119670918616844,0.28323307233274,-0.422517461083272,0.672647358422777,0.997528070347704
"ENSG00000169926",268.995086937269,-0.0575821303569456,0.263397160997664,-0.218613329539479,0.826951268482057,0.997528070347704
"ENSG00000169976",136.922894758557,0.0859363034877761,0.293070606044405,0.293227303302998,0.76934841583198,0.997528070347704
"ENSG00000170004",2027.6513983673,-0.0471007650216115,0.213225684101795,-0.220896301587783,0.825173177200446,0.997528070347704
"ENSG00000170027",548.894714012863,0.0245027715387297,0.222564834604988,0.110092735818835,0.912335829115573,0.997528070347704
"ENSG00000170035",113.192065408452,-0.159427034723396,0.309261537073591,-0.51550877044713,0.60619754247959,0.997528070347704
"ENSG00000170037",133.661232972359,0.0763330865571942,0.290864576914939,0.262435142040405,0.79298598239163,0.997528070347704
"ENSG00000170043",149.09589914421,-0.0782857386554823,0.287085855721452,-0.272691033345229,0.78509072793373,0.997528070347704
"ENSG00000170142",245.972792779073,0.0113381244927644,0.252248815860037,0.0449481772753119,0.964148615711573,0.997528070347704
"ENSG00000170144",685.053951155356,-0.148522242524046,0.222966394598848,-0.666119406878607,0.505334780961429,0.997528070347704
"ENSG00000170145",241.531338561005,-0.18969114365881,0.259010879176166,-0.732367475305126,0.463944305047023,0.997528070347704
"ENSG00000170153",120.101830862318,-0.112662534323067,0.324531271898008,-0.347154632168929,0.728475152038904,0.997528070347704
"ENSG00000170234",102.612355566079,-0.09266526064058,0.311079138180437,-0.297883236987853,0.765792282430068,0.997528070347704
"ENSG00000170266",254.125790031845,-0.216307955226572,0.252851870533613,-0.855473027627125,0.392289330250006,0.997528070347704
"ENSG00000170315",804.492147384484,-0.121427523005916,0.214956389637155,-0.564893759198715,0.572146028780236,0.997528070347704
"ENSG00000170322",198.569723091657,0.0407429790263504,0.268197277623267,0.151914215488725,0.879254596089374,0.997528070347704
"ENSG00000170345",2118.79283563536,0.2578134385295,0.298173090057146,0.864643548081717,0.387234462717617,0.997528070347704
"ENSG00000170412",136.259640042582,-0.0711258643228792,0.358635114240291,-0.198323759996417,0.842791763094611,0.997528070347704
"ENSG00000170421",503.258160996554,-0.108145310281795,0.239983903196843,-0.450635683648708,0.652252143969546,0.997528070347704
"ENSG00000170485",122.226307684339,0.112015786957141,0.298694588585955,0.375017798238104,0.707647229967724,0.997528070347704
"ENSG00000170500",151.31506053485,0.0869259347778324,0.289581607210104,0.300177679153373,0.764041629906539,0.997528070347704
"ENSG00000170502",266.112984767896,-0.22186492964104,0.260557702731689,-0.851500175642501,0.394491565792265,0.997528070347704
"ENSG00000170515",120.484234986439,0.194338943349067,0.301431724020943,0.644719609325411,0.519108906330642,0.997528070347704
"ENSG00000170581",651.17930197478,-0.117372826156086,0.255477709023784,-0.45942492049339,0.645929055983566,0.997528070347704
"ENSG00000170606",353.811235351873,0.0266877699187387,0.243101974098757,0.10978014480416,0.912583738007303,0.997528070347704
"ENSG00000170638",160.299285134225,0.0327210233866128,0.280102820076272,0.116817900575592,0.907004358266191,0.997528070347704
"ENSG00000170653",180.34856594101,-0.0095431423073851,0.27783007707196,-0.0343488451932918,0.972598974996801,0.997528070347704
"ENSG00000170776",508.807390816357,-0.0290102591647362,0.236866861414791,-0.122474959103438,0.902522876418412,0.997528070347704
"ENSG00000170852",153.004779351849,0.1889646897118,0.289081927441739,0.653671751064007,0.513323306723076,0.997528070347704
"ENSG00000170876",262.814879911079,0.170511057923545,0.252570141060887,0.67510378387301,0.499609829791698,0.997528070347704
"ENSG00000170881",146.312467946855,-0.0952039553864597,0.290078040449889,-0.328201180753998,0.742759555136097,0.997528070347704
"ENSG00000170892",105.80071634564,-0.212642183329676,0.314012203810758,-0.67717808654923,0.498292969540781,0.997528070347704
"ENSG00000170921",115.613273222275,-0.0326279415632728,0.308475045249547,-0.105771737668043,0.915763461046466,0.997528070347704
"ENSG00000170949",179.145212208364,-0.0244065882317795,0.268852950007206,-0.0907804367819856,0.927667055042376,0.997528070347704
"ENSG00000171067",103.21111668609,0.0401237297962387,0.31612424975649,0.126923922562556,0.899000612298574,0.997528070347704
"ENSG00000171109",202.516882765443,-0.0874833408549841,0.266631885882272,-0.328105322307968,0.742832029938729,0.997528070347704
"ENSG00000171148",264.583717079287,-0.202800208425501,0.249664009856214,-0.81229252282817,0.416623799979847,0.997528070347704
"ENSG00000171161",110.280798866418,-0.225861514399825,0.304933108005178,-0.74069200250958,0.458880209562865,0.997528070347704
"ENSG00000171163",224.699449472924,0.0401225284240711,0.260686400094993,0.153911091677397,0.877679838420937,0.997528070347704
"ENSG00000171206",256.637154331882,0.0509222760920133,0.257520339191525,0.197740793025831,0.843247871618872,0.997528070347704
"ENSG00000171219",138.282891823526,-0.0799862038633866,0.293901412946844,-0.272153179058901,0.785504241124582,0.997528070347704
"ENSG00000171223",613.400314234358,0.0244912762318827,0.276152030165789,0.0886876559161245,0.929330143027357,0.997528070347704
"ENSG00000171262",113.428437268276,0.0563256485160387,0.306840452130548,0.183566567331462,0.854353492779164,0.997528070347704
"ENSG00000171282",111.516929526359,0.230991699007801,0.310307161331405,0.744396932435292,0.456636374254861,0.997528070347704
"ENSG00000171444",192.749300650408,0.0475722996255454,0.269874142881821,0.17627587110625,0.860077217264718,0.997528070347704
"ENSG00000171456",351.65100841649,0.0183662816398966,0.242196536831833,0.0758321397991297,0.939552645872679,0.997528070347704
"ENSG00000171467",163.054950406963,-0.0828556629597492,0.273764705612716,-0.302652830189739,0.762154448764765,0.997528070347704
"ENSG00000171469",155.482060404028,0.173335401779653,0.281230388599849,0.616346628266707,0.537665770459785,0.997528070347704
"ENSG00000171490",268.148838416173,0.210662200697202,0.246611460877352,0.854227131000903,0.392979153242655,0.997528070347704
"ENSG00000171552",316.373300533557,0.026129844997072,0.242170414301654,0.10789858485572,0.914076139690952,0.997528070347704
"ENSG00000171566",152.868841821415,0.0561049497479063,0.280880317560482,0.199746818271897,0.841678595863053,0.997528070347704
"ENSG00000171604",106.308974669785,0.0991746087707484,0.308052879808143,0.321940209851357,0.747497990444555,0.997528070347704
"ENSG00000171606",120.057149872062,-0.121324813854312,0.304500898953955,-0.398438278084225,0.690307146765168,0.997528070347704
"ENSG00000171617",370.871251430286,-0.073075388276208,0.254782192383289,-0.28681513253593,0.774253875445453,0.997528070347704
"ENSG00000171634",293.436148568379,-0.0919606458476121,0.242821675826868,-0.378716790972071,0.704898183182945,0.997528070347704
"ENSG00000171720",173.542022105329,0.199256588287485,0.277457003944419,0.718153030757159,0.472662934989048,0.997528070347704
"ENSG00000171791",130.334849258363,0.1427411721938,0.298745903582589,0.477801270183237,0.63279165702424,0.997528070347704
"ENSG00000171824",214.416943851405,-0.0260979873594277,0.258433412163274,-0.100985345280894,0.919562093472796,0.997528070347704
"ENSG00000171843",102.848966712303,0.0778635996021684,0.315671838830166,0.246659948795938,0.805171405158751,0.997528070347704
"ENSG00000171853",177.810686785333,-0.117002046426561,0.270928615612172,-0.431855624265423,0.66584634878461,0.997528070347704
"ENSG00000172037",1278.44692370638,0.0392317145932822,0.219885501295817,0.178418833265877,0.858394059789429,0.997528070347704
"ENSG00000172046",293.499391800637,-0.0510665086469832,0.243565528235577,-0.209662299164074,0.833931252392684,0.997528070347704
"ENSG00000172053",677.691527506956,0.0442859577823275,0.219931529640852,0.201362477925045,0.840415152543751,0.997528070347704
"ENSG00000172057",359.681773942855,-0.203462154149263,0.239781471769256,-0.848531592737308,0.396141985702248,0.997528070347704
"ENSG00000172081",135.398574626067,0.0653372367106995,0.289713176683396,0.225523869706835,0.821571758273355,0.997528070347704
"ENSG00000172115",145.614354677059,-0.0536087292138137,0.285017026646967,-0.188089567295274,0.850806439233971,0.997528070347704
"ENSG00000172262",121.852386854096,-0.0165695990556222,0.30416726727953,-0.054475286587609,0.956556497792086,0.997528070347704
"ENSG00000172269",176.896804202638,-0.126056594564043,0.271082281954578,-0.465012296838953,0.641922650574742,0.997528070347704
"ENSG00000172270",701.774008010353,-0.0387518436338133,0.220929953906054,-0.1754033029414,0.860762745449188,0.997528070347704
"ENSG00000172301",116.596390610753,-0.0151462497214121,0.341765688903513,-0.0443176427979233,0.964651208571642,0.997528070347704
"ENSG00000172340",145.272754860532,0.220000899023498,0.287861308899479,0.764260052400172,0.444712286096555,0.997528070347704
"ENSG00000172354",664.643780784594,-0.162955842055641,0.220965740692154,-0.737471073774593,0.460835927654283,0.997528070347704
"ENSG00000172432",179.811648198736,0.0101042265661477,0.267554385595802,0.0377651315400687,0.969874945528994,0.997528070347704
"ENSG00000172500",104.728709192256,-0.0562777833698941,0.309533553782045,-0.181814807093649,0.855728063820834,0.997528070347704
"ENSG00000172531",273.929060416428,-0.17402663734667,0.250869394073598,-0.693694174968253,0.487874019803355,0.997528070347704
"ENSG00000172663",120.943371512232,-0.281150402473102,0.314408320874708,-0.894220616333944,0.371203863713789,0.997528070347704
"ENSG00000172667",119.469291255594,0.0856887711058131,0.302693002056787,0.283088048034019,0.777109343307472,0.997528070347704
"ENSG00000172757",1034.95573998066,0.0936971563238745,0.210923661704361,0.444223068985045,0.656881315167625,0.997528070347704
"ENSG00000172795",106.237923915595,-0.137432380061093,0.318997052129149,-0.430826489285087,0.666594537291859,0.997528070347704
"ENSG00000172830",196.192290699457,0.223523711452957,0.270420768454516,0.82657745827149,0.408476598279348,0.997528070347704
"ENSG00000172831",174.855004738221,-0.0227058032218488,0.273694548755591,-0.0829603780019932,0.933883044741094,0.997528070347704
"ENSG00000172845",268.120515515463,-0.191927867164259,0.249783670201576,-0.768376359468864,0.44226362109571,0.997528070347704
"ENSG00000172890",295.886617548346,0.0443241061125607,0.242352943821945,0.182890727108829,0.854883758876733,0.997528070347704
"ENSG00000172915",146.667459258202,-0.122019730159981,0.310429397533,-0.393067573914321,0.694269572808076,0.997528070347704
"ENSG00000172936",164.328644034066,0.0754305179208173,0.286271299144188,0.263493120499044,0.792170525313145,0.997528070347704
"ENSG00000172939",198.40042335319,-0.0273339070267929,0.261984333560449,-0.104334128133987,0.91690419536172,0.997528070347704
"ENSG00000172943",345.459638464982,-0.099121873306159,0.241606245162785,-0.410262049473823,0.681613727989792,0.997528070347704
"ENSG00000172974",144.68559888639,-0.0188551918516128,0.286640986136896,-0.0657798178331965,0.947553124465365,0.997528070347704
"ENSG00000172977",107.159105851493,-0.0933705780608815,0.308362194614319,-0.302795153529322,0.762045977071502,0.997528070347704
"ENSG00000172992",162.509538131974,0.0389468339092169,0.285709947511557,0.136315988464635,0.891571484897879,0.997528070347704
"ENSG00000173011",140.077452166399,-0.118595815189049,0.285482875608136,-0.415421817986161,0.677833137496694,0.997528070347704
"ENSG00000173039",283.698543820201,-0.0442008241947005,0.253004679663488,-0.174703583560155,0.861312551809632,0.997528070347704
"ENSG00000173113",165.048042943368,0.0148326456485476,0.277960846950071,0.0533623559263795,0.957443198076022,0.997528070347704
"ENSG00000173120",513.887164239808,0.0895225589740963,0.228784846455302,0.391295841316075,0.69557857246869,0.997528070347704
"ENSG00000173141",118.108922854715,-0.253554072039386,0.305947213286477,-0.828751042755757,0.407245296249443,0.997528070347704
"ENSG00000173209",497.53172322864,0.0220565538471557,0.227267326840032,0.0970511430474158,0.92268577982542,0.997528070347704
"ENSG00000173218",114.91604825794,-0.214799877305737,0.301379125136521,-0.712723143012757,0.476017092686758,0.997528070347704
"ENSG00000173273",184.549548327298,-0.115815531081198,0.268106581640253,-0.43197571045309,0.665759066912519,0.997528070347704
"ENSG00000173281",217.38240188928,0.196271040484958,0.288382684231263,0.680592321304432,0.496129487001712,0.997528070347704
"ENSG00000173327",183.207046474361,0.0354910111085955,0.269362988228968,0.131759048791168,0.895174878409046,0.997528070347704
"ENSG00000173372",107.953681076637,0.319660988941983,0.375784736423305,0.850649209397102,0.394964245040373,0.997528070347704
"ENSG00000173402",527.223611602033,-0.125547279398415,0.233417198171091,-0.537866448497041,0.590669253168237,0.997528070347704
"ENSG00000173418",135.998204831676,0.13680550648012,0.289001900059476,0.473372342714585,0.635947558101084,0.997528070347704
"ENSG00000173473",581.871180353378,-0.149120293829892,0.220838164979373,-0.675246934078718,0.499518892312123,0.997528070347704
"ENSG00000173482",189.874613540833,0.0384073829639307,0.277791615644785,0.138259691080967,0.890035181351363,0.997528070347704
"ENSG00000173486",189.56312957039,-0.0941058109965954,0.278517257787862,-0.33788143594417,0.73545253767105,0.997528070347704
"ENSG00000173511",184.60157639713,0.238431073366481,0.266230602874241,0.895581014325047,0.370476579403928,0.997528070347704
"ENSG00000173548",253.4912641932,0.0324377886828234,0.252891040668279,0.128267844511631,0.897937011229655,0.997528070347704
"ENSG00000173575",658.328117466543,-0.0795326571722124,0.219115804127029,-0.362970884227523,0.716626634235311,0.997528070347704
"ENSG00000173598",389.697536364298,-0.0956448034182408,0.235412739080598,-0.406285589266666,0.68453277258963,0.997528070347704
"ENSG00000173660",134.667294463577,0.244735775669176,0.310466284355367,0.788284551339707,0.430530281972575,0.997528070347704
"ENSG00000173674",154.645384760927,-0.0513502015653038,0.277693427895753,-0.184916877415554,0.853294233017812,0.997528070347704
"ENSG00000173692",306.527439217053,-0.0950308887167757,0.24324740223376,-0.390675862698223,0.696036842526247,0.997528070347704
"ENSG00000173706",223.836699999584,0.167832518680172,0.290049911321258,0.57863323562365,0.562836674000834,0.997528070347704
"ENSG00000173726",545.067044915345,-0.00952991393237036,0.222714062973724,-0.0427899065066883,0.965869010062273,0.997528070347704
"ENSG00000173744",160.741524012372,-0.198351378741264,0.283994920044037,-0.698432840666682,0.484906544398061,0.997528070347704
"ENSG00000173812",1060.11210116189,0.11537801598833,0.212471502134631,0.543028193565561,0.587110390843988,0.997528070347704
"ENSG00000173821",888.246497274738,-0.17798217731036,0.246106091015433,-0.723192898542272,0.469561381143782,0.997528070347704
"ENSG00000173905",149.951095109814,0.191471520177674,0.304481787705261,0.628843917466153,0.529451245021468,0.997528070347704
"ENSG00000173914",108.354575340094,-0.0573532183287192,0.305958367854343,-0.187454321746229,0.851304434761,0.997528070347704
"ENSG00000173992",102.672780699459,0.122678900754973,0.311098568964983,0.394340935617681,0.693329344465907,0.997528070347704
"ENSG00000174032",118.191384569307,-0.203541220116023,0.309501456289658,-0.657642204841621,0.510768068068079,0.997528070347704
"ENSG00000174080",258.895808032094,-0.0182828410871801,0.249915670934684,-0.0731560410709834,0.941681946754554,0.997528070347704
"ENSG00000174136",254.130432040863,-0.164278852051841,0.255923190837416,-0.64190686086047,0.520933659269001,0.997528070347704
"ENSG00000174197",161.286648301737,-0.158674209433767,0.275537514366195,-0.575871528052205,0.564702021669089,0.997528070347704
"ENSG00000174227",249.537594243463,-0.155831248277755,0.258646697911801,-0.602486904089122,0.546850077871705,0.997528070347704
"ENSG00000174231",1584.18247250169,-0.178527785710671,0.21287277095535,-0.838659566037769,0.40166037430241,0.997528070347704
"ENSG00000174233",485.499869111247,-0.208544688070615,0.231476774383508,-0.900931372601125,0.367624809419727,0.997528070347704
"ENSG00000174243",327.658271081698,0.177951835834462,0.242731852481188,0.733121071731834,0.463484589219271,0.997528070347704
"ENSG00000174282",498.812449142779,0.035569816770597,0.228406024228381,0.15573064191613,0.876245343076096,0.997528070347704
"ENSG00000174306",211.261276934695,-0.101617041049059,0.264152251402666,-0.384691179081251,0.700466231290493,0.997528070347704
"ENSG00000174437",1311.34968714854,0.156918573337225,0.226670740241496,0.692275382213173,0.488764406864721,0.997528070347704
"ENSG00000174574",197.219584350122,-0.0913397594434851,0.263109273056378,-0.347155227113235,0.728474705101667,0.997528070347704
"ENSG00000174579",114.674353302705,-0.0460743322271463,0.306942738492647,-0.150107256009414,0.88067999538272,0.997528070347704
"ENSG00000174640",186.525509420508,-0.0790131045739981,0.27251016211237,-0.289945534366593,0.771857905728055,0.997528070347704
"ENSG00000174720",117.540700769974,-0.110526909988877,0.298711734438975,-0.370011945451233,0.711373589903015,0.997528070347704
"ENSG00000174738",242.952723326777,-0.125157051488548,0.261867076358041,-0.477941149491529,0.63269209227613,0.997528070347704
"ENSG00000174780",264.24831074598,-0.0757671051023387,0.250068754547462,-0.302985093997253,0.761901221279593,0.997528070347704
"ENSG00000174839",112.408787811207,0.146025678886276,0.310384096657333,0.470467657521416,0.638020936073666,0.997528070347704
"ENSG00000174903",326.03738629789,-0.21549085805505,0.240695304275993,-0.895284844476891,0.370634839788819,0.997528070347704
"ENSG00000174953",213.104137899578,-0.139936852205305,0.259782965573497,-0.538668314515465,0.59011574070119,0.997528070347704
"ENSG00000174996",172.619461396323,-0.0961799777312542,0.270474409867632,-0.355597329071995,0.722142144170067,0.997528070347704
"ENSG00000175029",277.517279568286,-0.0492553621147738,0.251501034888725,-0.195845564359473,0.844731045380684,0.997528070347704
"ENSG00000175061",443.322289071415,0.205509928685346,0.228917354989023,0.897747262085924,0.369320306464598,0.997528070347704
"ENSG00000175137",115.956747101688,-0.0275108344616848,0.303139947203004,-0.0907529169795016,0.927688922404,0.997528070347704
"ENSG00000175155",138.765029233026,-0.185998153463857,0.320451583909778,-0.580425133789397,0.561627959974464,0.997528070347704
"ENSG00000175198",157.12082445059,-0.215268257182604,0.293704167802211,-0.73294246654195,0.46359352064758,0.997528070347704
"ENSG00000175203",301.0592159488,0.0550758316914055,0.246305172470334,0.223608100223876,0.823062260192983,0.997528070347704
"ENSG00000175215",672.70035877458,0.106793813897209,0.234605886488237,0.455205176203299,0.648961636962952,0.997528070347704
"ENSG00000175220",513.877519832388,0.00888017428965013,0.2335185876849,0.038027697827775,0.969665598322197,0.997528070347704
"ENSG00000175221",184.856888123044,-0.227553425026211,0.275113487247979,-0.827125661131621,0.408165840956972,0.997528070347704
"ENSG00000175265",430.962938400566,0.129351361841267,0.233491346997736,0.553987817983339,0.579587182829667,0.997528070347704
"ENSG00000175309",296.924744386449,-0.0901245280767844,0.243141365771079,-0.37066719515608,0.710885426923255,0.997528070347704
"ENSG00000175348",134.66844285653,-0.029922316016891,0.298629223877302,-0.100198887531467,0.920186429192614,0.997528070347704
"ENSG00000175416",124.381821632907,0.105658387834718,0.300996518799936,0.351028604104707,0.725566889200962,0.997528070347704
"ENSG00000175455",255.570759510488,-0.063444675669868,0.259501922150112,-0.244486341928395,0.806854178643794,0.997528070347704
"ENSG00000175467",185.276175144979,0.144179176941019,0.266791760964277,0.540418401302596,0.588908520431845,0.997528070347704
"ENSG00000175470",155.873294367055,-0.0821091863824684,0.285096846323884,-0.288004541057562,0.773343262619444,0.997528070347704
"ENSG00000175567",103.006375448297,0.308512506718922,0.34360880555805,0.897859722243936,0.369260340202848,0.997528070347704
"ENSG00000175727",565.525879951812,0.181193222257891,0.237895804648457,0.761649506705859,0.446269219015868,0.997528070347704
"ENSG00000175893",122.28569843526,-0.192115375283258,0.29857648817456,-0.643437721629773,0.519940113426278,0.997528070347704
"ENSG00000175931",151.685461567836,-0.173416410724572,0.280428278723615,-0.618398442246575,0.536312724408185,0.997528070347704
"ENSG00000175970",220.056518269116,0.226201286716887,0.25841953162975,0.875325813379218,0.381396652658892,0.997528070347704
"ENSG00000176046",500.58408093179,0.010515458319535,0.246073490344251,0.0427329994174674,0.965914373856393,0.997528070347704
"ENSG00000176087",260.713839637308,-0.15531877528734,0.249650728941769,-0.622144289126301,0.533846994847286,0.997528070347704
"ENSG00000176095",184.18692250734,-0.0707320151973435,0.26888746345938,-0.263054343580539,0.792508693456222,0.997528070347704
"ENSG00000176142",154.78364532017,-0.209686953292438,0.292366700509019,-0.717205321014215,0.473247416534097,0.997528070347704
"ENSG00000176155",210.948549287613,0.0447569838586706,0.260877434368169,0.1715632629057,0.863780891097973,0.997528070347704
"ENSG00000176248",201.064031641131,-0.0504969943776747,0.267468085326601,-0.188796335517988,0.850252444027365,0.997528070347704
"ENSG00000176395",111.386687775781,0.11017017267554,0.456415078703084,0.241381535834862,0.809259421994487,0.997528070347704
"ENSG00000176407",174.742798600477,0.0454043813322776,0.271182533188949,0.167431068654564,0.867030880948077,0.997528070347704
"ENSG00000176444",219.817852617249,-0.0237541801372158,0.259442218619558,-0.0915586532662542,0.927048703322087,0.997528070347704
"ENSG00000176623",139.190136070404,-0.0664800721578485,0.289858443770319,-0.229353581331329,0.818594111284942,0.997528070347704
"ENSG00000176624",121.065256966168,0.0521438898421659,0.312699786485207,0.166753838972105,0.867563741182362,0.997528070347704
"ENSG00000176658",399.550699097191,-0.0164929938179399,0.238611579110954,-0.0691206767055956,0.944893562757218,0.997528070347704
"ENSG00000176715",129.671757057146,-0.0935608195741383,0.291902675791695,-0.320520595847173,0.748573720005582,0.997528070347704
"ENSG00000176783",193.450192717119,0.148406234893888,0.265594269848224,0.558770469629092,0.576318378584475,0.997528070347704
"ENSG00000176834",113.992992110276,0.095916367724344,0.306411875737652,0.313030842859586,0.754257229634844,0.997528070347704
"ENSG00000176871",335.085422256069,-0.207120078172038,0.241199757275384,-0.858707655893546,0.390501825565796,0.997528070347704
"ENSG00000176915",248.014769095304,-0.00999716002120098,0.254657998496644,-0.039257200167356,0.96868532961063,0.997528070347704
"ENSG00000176946",128.157182161656,0.0173599569886172,0.297509288962209,0.0583509746844321,0.953469064724406,0.997528070347704
"ENSG00000176953",209.153666373543,0.0882848202842169,0.260508796784609,0.338893816154745,0.734689723082726,0.997528070347704
"ENSG00000176978",284.914857935332,-0.0317064354369766,0.249249607510119,-0.127207564151087,0.898776118693535,0.997528070347704
"ENSG00000176986",644.077184911027,-0.170348665412273,0.222869303506962,-0.764343329169833,0.444662670772208,0.997528070347704
"ENSG00000177000",191.420937345837,-0.106121376229479,0.265873284984225,-0.39914268270983,0.689788073702209,0.997528070347704
"ENSG00000177082",197.326827629937,0.0133972078316422,0.27212944309104,0.0492310118282945,0.96073519735791,0.997528070347704
"ENSG00000177119",227.548333947569,0.0276480414608136,0.315429615714987,0.087652015167135,0.930153259109556,0.997528070347704
"ENSG00000177156",349.990206701361,-0.12529710779101,0.247244437041565,-0.506774224286979,0.612313243913292,0.997528070347704
"ENSG00000177169",311.390067586375,-0.128870082609182,0.246048262093425,-0.523759369453499,0.600445916475843,0.997528070347704
"ENSG00000177200",186.635237256704,-0.233050359487565,0.287155307702928,-0.81158297700234,0.417030962439173,0.997528070347704
"ENSG00000177225",212.677839499543,0.047557929334026,0.262795211358624,0.180969543121264,0.856391482332197,0.997528070347704
"ENSG00000177383",153.786175648943,-0.0417076312458241,0.278415885595776,-0.149803346014452,0.880919769412159,0.997528070347704
"ENSG00000177410",140.187522501793,0.223231279129064,0.295443545475775,0.7555801524436,0.449900959419979,0.997528070347704
"ENSG00000177425",216.687504454379,-0.040465339121836,0.260273121339027,-0.155472600911127,0.876448752582248,0.997528070347704
"ENSG00000177426",184.924135260391,0.029546966284533,0.277177737428348,0.106599348701918,0.915106835302357,0.997528070347704
"ENSG00000177479",333.143914465276,0.100535597959171,0.239456661839676,0.419848824362559,0.674595894836937,0.997528070347704
"ENSG00000177556",109.548235143569,0.103539829930311,0.306571937488907,0.337734206132476,0.735563495065679,0.997528070347704
"ENSG00000177600",570.679014045347,0.195083336170276,0.224215544769783,0.870070522409949,0.384261865678152,0.997528070347704
"ENSG00000177606",840.901803249925,0.0327815901055107,0.21952442191769,0.149330037264839,0.88129321468317,0.997528070347704
"ENSG00000177613",120.49676260618,-0.0935022249099182,0.296617452025441,-0.315228332896267,0.752588294826435,0.997528070347704
"ENSG00000177628",133.961466534224,0.0947147156642249,0.2891625476272,0.327548351062168,0.743253179083327,0.997528070347704
"ENSG00000177646",133.087422717593,0.0294717221380365,0.295122747370448,0.0998625907376856,0.920453416108546,0.997528070347704
"ENSG00000177666",254.365044865179,0.167808572960492,0.250223410444826,0.670634984401242,0.502453090089581,0.997528070347704
"ENSG00000177685",197.92361122179,0.00817377953381835,0.289453390486584,0.0282386726238648,0.977471793219292,0.997528070347704
"ENSG00000177700",190.386125296492,0.143408620407743,0.286624120406918,0.500336887921877,0.6168378843213,0.997528070347704
"ENSG00000177728",280.533002985235,-0.123186325771889,0.254790645925544,-0.483480566268068,0.628754555200891,0.997528070347704
"ENSG00000177731",525.527038623601,0.0992466501026963,0.227276399615188,0.43667820447145,0.662344738017211,0.997528070347704
"ENSG00000177733",362.031331407153,0.115931854852427,0.240766753175072,0.481511061322191,0.630153320100749,0.997528070347704
"ENSG00000177830",214.512588684691,-0.181282236113378,0.261288027376172,-0.693802306725631,0.487806195824995,0.997528070347704
"ENSG00000177885",175.722741068576,-0.141733889390216,0.286323036807887,-0.495013921933619,0.620590293267651,0.997528070347704
"ENSG00000177889",259.198894521785,-0.0430486163412653,0.251436715462593,-0.171210542032672,0.864058218543909,0.997528070347704
"ENSG00000177951",185.25601248674,-0.0159504547794908,0.267352284105557,-0.0596608135698334,0.952425782352625,0.997528070347704
"ENSG00000177963",302.732653347699,-0.0394187901229063,0.242540700174392,-0.162524434433327,0.870892888171428,0.997528070347704
"ENSG00000177971",123.681531620233,-0.139948063757864,0.302665304665931,-0.462385551301733,0.643804858878568,0.997528070347704
"ENSG00000177981",114.212204175884,-0.115985628767588,0.301018138581872,-0.385311095583837,0.700006941900093,0.997528070347704
"ENSG00000178028",176.15104961722,0.00872741226158109,0.269961859468335,0.0323283158545763,0.974210228215509,0.997528070347704
"ENSG00000178057",140.431653538206,-0.119706682192061,0.288779336945991,-0.414526480523255,0.678488578009465,0.997528070347704
"ENSG00000178078",184.592107531437,-0.146250749355713,0.293197427687379,-0.498813207568971,0.617910982172662,0.997528070347704
"ENSG00000178104",246.39062728558,-0.176212772041874,0.277145051482408,-0.635814246364268,0.524897500757035,0.997528070347704
"ENSG00000178163",110.483864104545,-0.0545424613472139,0.304695578260001,-0.179006409146745,0.857932669209366,0.997528070347704
"ENSG00000178188",266.439179377906,0.159279874720196,0.248226258489503,0.641672140930777,0.521086081541737,0.997528070347704
"ENSG00000178202",207.880478701844,0.1175398779612,0.273407631639869,0.429907085095644,0.667263231369822,0.997528070347704
"ENSG00000178209",2507.71086787546,-0.13994799328539,0.215892641920792,-0.64822956465897,0.516836482645373,0.997528070347704
"ENSG00000178234",217.039458908564,-0.229629998160484,0.261870206353904,-0.87688477951612,0.38054922411105,0.997528070347704
"ENSG00000178252",1047.88726833038,-0.097046222161855,0.215518139314001,-0.450292594724302,0.652499477893263,0.997528070347704
"ENSG00000178429",250.211270511141,0.209176829700365,0.256115940691537,0.816727100763693,0.414084400318463,0.997528070347704
"ENSG00000178467",219.913403413269,-0.0593295717913542,0.262426445178001,-0.226080766178544,0.821138603699983,0.997528070347704
"ENSG00000178498",184.493762971749,0.204154114152935,0.271233291655224,0.752688259273289,0.451637266796435,0.997528070347704
"ENSG00000178585",151.260689090363,-0.23420022058634,0.325664222741591,-0.719146299261045,0.472050782766568,0.997528070347704
"ENSG00000178605",164.638363974692,-0.122863142226254,0.277184994927721,-0.443253222485191,0.657582586345313,0.997528070347704
"ENSG00000178691",132.79788871522,-0.257100863158588,0.293888101289795,-0.87482569736659,0.381668752742445,0.997528070347704
"ENSG00000178695",204.522908710142,-0.0378851536678706,0.308588136543267,-0.122769313468273,0.902289774700996,0.997528070347704
"ENSG00000178715",114.034646971009,0.0912974906695576,0.302419671836513,0.301890052704351,0.762735878988228,0.997528070347704
"ENSG00000178719",726.948384129501,-0.174599873382862,0.219457625080782,-0.795597206151262,0.426266190998261,0.997528070347704
"ENSG00000178741",170.067707568881,0.167360170596117,0.277950464722868,0.602122290973623,0.547092737574929,0.997528070347704
"ENSG00000178761",324.172977138031,-0.12546878457422,0.251305262001077,-0.499268433836783,0.617590289788861,0.997528070347704
"ENSG00000178764",216.757673772099,-0.197108512681439,0.258014581829255,-0.763943306165068,0.444901028641542,0.997528070347704
"ENSG00000178802",171.275604628548,-0.248029682860195,0.278192280526903,-0.891576439110464,0.372620003410368,0.997528070347704
"ENSG00000178913",338.263232903687,-0.109008979405195,0.239644722619698,-0.454877446135901,0.649197409532184,0.997528070347704
"ENSG00000178927",254.704490952613,-0.00671865035643798,0.249311604638138,-0.0269488071611819,0.978500565150702,0.997528070347704
"ENSG00000178951",178.221215191778,0.11453304699479,0.27584712181285,0.415204792575271,0.677991990699428,0.997528070347704
"ENSG00000178952",347.470429339338,0.0324127269095803,0.241811438193397,0.13404133051662,0.893369892286762,0.997528070347704
"ENSG00000178971",154.585519796852,0.0503942364130284,0.279913651781957,0.18003493610338,0.857125141243493,0.997528070347704
"ENSG00000178980",343.441903460021,0.0465340685353442,0.251730493132872,0.184856701133867,0.85334143308743,0.997528070347704
"ENSG00000178988",238.906483065157,0.156752286447702,0.258113567467134,0.607299678145208,0.543652051907511,0.997528070347704
"ENSG00000179010",793.909806314047,0.161339035556751,0.219091473263715,0.736400340704044,0.461487097372933,0.997528070347704
"ENSG00000179051",245.391636538931,0.210106638713387,0.251690847340869,0.834780608564743,0.403841245943181,0.997528070347704
"ENSG00000179091",212.207666718848,-0.165394784409937,0.265141010527201,-0.623799328821555,0.532759380490935,0.997528070347704
"ENSG00000179104",173.223430747136,-0.239315885087378,0.274093286783021,-0.873118374755474,0.382598559481178,0.997528070347704
"ENSG00000179115",136.083988372889,-0.0482160100506532,0.296555483147002,-0.162586810194815,0.87084377274132,0.997528070347704
"ENSG00000179134",343.239331532794,-0.131838906174485,0.242744400709689,-0.543118217306105,0.587048410468333,0.997528070347704
"ENSG00000179151",149.20637183731,-0.127616842625033,0.290027666485193,-0.440016099745255,0.659925446803779,0.997528070347704
"ENSG00000179195",561.680505943269,-0.13113646274788,0.227230665514118,-0.577107242330955,0.563867012217136,0.997528070347704
"ENSG00000179241",111.385881847794,-0.0739540147759369,0.3288391515013,-0.224894190482803,0.822061588864793,0.997528070347704
"ENSG00000179262",204.684695813632,0.0951764138514629,0.264268552420742,0.360150358336744,0.71873469545412,0.997528070347704
"ENSG00000179295",337.775065585263,0.0367924160480888,0.24363298910049,0.151015739633327,0.879963299861583,0.997528070347704
"ENSG00000179335",251.389446418897,-0.091702526299402,0.250974546338052,-0.365385763765393,0.71482346659972,0.997528070347704
"ENSG00000179344",138.486963891142,0.195124691670378,0.33368053261319,0.584764985066034,0.558705751355326,0.997528070347704
"ENSG00000179348",677.563875495432,0.148676656233934,0.225230626013623,0.660108524605978,0.509184188601137,0.997528070347704
"ENSG00000179364",282.141515023762,-0.0695829013177783,0.250368143930698,-0.277922343575143,0.781071971637066,0.997528070347704
"ENSG00000179387",117.692817039485,-0.203690662442058,0.30760801500286,-0.66217605688904,0.50785839696121,0.997528070347704
"ENSG00000179388",203.82832290011,-0.0511442254538686,0.323824543511526,-0.157938076278175,0.874505594058248,0.997528070347704
"ENSG00000179409",153.965344451958,-0.0675251238956926,0.315265207972111,-0.214185143771608,0.830402680820493,0.997528070347704
"ENSG00000179456",141.750078463789,-0.0412488158742679,0.288306564132754,-0.143072760061316,0.886232717912725,0.997528070347704
"ENSG00000179526",111.894811790601,-0.253367609783534,0.314157372675535,-0.806499009161293,0.419955179106755,0.997528070347704
"ENSG00000179532",110.852679690002,0.21289700645036,0.304973290194664,0.698084105380076,0.485124597657104,0.997528070347704
"ENSG00000179593",219.15851707916,-0.802789863955624,0.974485423378714,-0.823809001854752,0.410048091913751,0.997528070347704
"ENSG00000179604",160.414818619668,0.20624732287475,0.28717783655301,0.718186770087598,0.472642134242526,0.997528070347704
"ENSG00000179632",268.608606476151,0.14789018258712,0.248551222312502,0.59500887266279,0.551837540129194,0.997528070347704
"ENSG00000179833",132.187507028381,0.12671110347704,0.311105299239007,0.407293298400854,0.683792584272911,0.997528070347704
"ENSG00000179837",231.76670660435,-0.0200741596025646,0.25584740684381,-0.0784614542324424,0.937460990729002,0.997528070347704
"ENSG00000179899",148.406327367312,0.036770014680615,0.292209989626261,0.125834215071306,0.899863157320353,0.997528070347704
"ENSG00000179912",241.169993262956,-0.216001813605745,0.260360656631788,-0.829625398860562,0.40675061193037,0.997528070347704
"ENSG00000179918",224.915672277705,-0.125062951765052,0.256743479692063,-0.487112474735685,0.626178626500214,0.997528070347704
"ENSG00000179933",105.184266289347,0.221577918466308,0.316206314757372,0.700738436031318,0.483466264544645,0.997528070347704
"ENSG00000179981",141.100100833534,-0.0434249079022262,0.294757515181174,-0.147324175519443,0.882876151370576,0.997528070347704
"ENSG00000180011",160.10518742998,-0.0502069540766668,0.286855244397848,-0.175025400640866,0.861059674820968,0.997528070347704
"ENSG00000180104",287.776368689321,0.0457439893778307,0.24631289900502,0.185714956718115,0.852668298603386,0.997528070347704
"ENSG00000180190",135.227625540225,-0.0955299718932959,0.287560679414223,-0.332208047664569,0.739732167369073,0.997528070347704
"ENSG00000180228",147.251660574531,-0.110171868865701,0.28370696170559,-0.388329804116789,0.697771983989154,0.997528070347704
"ENSG00000180304",273.223677342486,0.171424515010789,0.247474146081835,0.692696662358023,0.488499934110452,0.997528070347704
"ENSG00000180354",161.901991106288,-0.098588025186896,0.276679673525623,-0.356325507872069,0.721596808788248,0.997528070347704
"ENSG00000180357",293.57647782693,-0.0226403752192211,0.244226682463444,-0.0927023001371273,0.926140069637291,0.997528070347704
"ENSG00000180370",224.609470737523,-0.0918268951480269,0.258999275224989,-0.35454498885473,0.72293049450972,0.997528070347704
"ENSG00000180389",141.299065756126,0.120827534285693,0.294991123351606,0.409597186901373,0.682101460854424,0.997528070347704
"ENSG00000180398",395.86747074567,-0.103802705202025,0.232131473546936,-0.447172042704655,0.654750845579128,0.997528070347704
"ENSG00000180574",203.307420471716,-0.0829176922144812,0.271631120260707,-0.305258440693019,0.760169325753835,0.997528070347704
"ENSG00000180879",449.639637615304,-0.159921998065446,0.245604234946954,-0.651136972861997,0.514958071467468,0.997528070347704
"ENSG00000180900",280.115951058286,-0.0757349372019221,0.246419626329157,-0.307341336118896,0.758583575518188,0.997528070347704
"ENSG00000180901",155.708759936988,-0.0923768755794867,0.286203335557919,-0.322766593196438,0.746872014759774,0.997528070347704
"ENSG00000180902",284.978551156903,-0.193758853142761,0.248228616246406,-0.780566141296235,0.435057712293307,0.997528070347704
"ENSG00000180964",163.019658765687,0.0362418462889705,0.273928773467738,0.132303904515671,0.894743919169539,0.997528070347704
"ENSG00000181026",107.431523393579,0.233170637815688,0.321843486637964,0.724484563137915,0.468768300897448,0.997528070347704
"ENSG00000181045",116.440336302372,-0.0711846946042848,0.30077961220752,-0.23666728632914,0.81291491573896,0.997528070347704
"ENSG00000181090",253.165212715583,-0.125457757573627,0.249863208077478,-0.502105766346861,0.615593124212212,0.997528070347704
"ENSG00000181104",108.919208397857,0.131774211597802,0.375393695615448,0.351029367666288,0.72556631636938,0.997528070347704
"ENSG00000181396",142.944964426616,-0.191455664012196,0.286416439102729,-0.668452078421123,0.503845061850642,0.997528070347704
"ENSG00000181524",263.413375368425,0.132368397513797,0.251718745283865,0.525858323997778,0.598986647314079,0.997528070347704
"ENSG00000181555",319.133124429482,-0.0639061385658429,0.240035692039237,-0.266235983586127,0.790057471855852,0.997528070347704
"ENSG00000181610",110.091853597058,0.109922082869461,0.317897468710654,0.345778415019437,0.7295092480141,0.997528070347704
"ENSG00000181634",111.269948029061,0.215148914121693,0.310145177126752,0.693703884467512,0.487867929461666,0.997528070347704
"ENSG00000181666",430.444824178097,-0.146507150358348,0.241628506457558,-0.606332226715483,0.544294162816667,0.997528070347704
"ENSG00000181751",105.012339054439,-0.282920001941808,0.335839402482155,-0.842426468874036,0.399549282349783,0.997528070347704
"ENSG00000181754",106.093294992139,-0.0620215856263065,0.314050433659113,-0.197489253250412,0.843444690501028,0.997528070347704
"ENSG00000181788",111.739592202524,0.0386982142922649,0.313799344590101,0.123321526827324,0.901852494999846,0.997528070347704
"ENSG00000181924",111.608741751672,-0.145309335987766,0.310017611948152,-0.468713164631654,0.63927467575968,0.997528070347704
"ENSG00000181929",208.253439597318,-0.0497519787697537,0.26268003783234,-0.189401445120504,0.849778191925734,0.997528070347704
"ENSG00000182087",471.973379768761,0.0583539868254607,0.227341122641257,0.256680296760666,0.7974255829713,0.997528070347704
"ENSG00000182095",505.962921883974,-0.119736890410247,0.226082187336418,-0.529616648798936,0.59637774876095,0.997528070347704
"ENSG00000182117",130.845119907622,-0.232612384256726,0.303772908996422,-0.765744335218075,0.443828441355709,0.997528070347704
"ENSG00000182149",407.214160881015,0.0556542776285617,0.23641844569344,0.235405818126085,0.813893770737596,0.997528070347704
"ENSG00000182154",168.493793667179,-0.235946195516208,0.323526808854989,-0.729294108118143,0.465821775571279,0.997528070347704
"ENSG00000182179",304.611927212539,0.19447768364024,0.274825381049046,0.707640913287894,0.479168278860021,0.997528070347704
"ENSG00000182180",143.825097340929,0.237145592077125,0.287508314180505,0.824830380133768,0.409467896245885,0.997528070347704
"ENSG00000182195",107.605431382814,-0.0957713868635828,0.312705749521609,-0.306266792376214,0.759401520980108,0.997528070347704
"ENSG00000182197",133.657746281518,0.0102169597454221,0.304899813896559,0.0335092357546941,0.973268500902034,0.997528070347704
"ENSG00000182199",125.682466939344,0.0401772448289566,0.294681244049992,0.136341371024417,0.891551419873709,0.997528070347704
"ENSG00000182220",361.765157746713,0.0575361124393083,0.235532566279053,0.244280921947502,0.807013258057793,0.997528070347704
"ENSG00000182224",118.405771420577,-0.0827131337743693,0.298723146570165,-0.276888934533707,0.781865389503794,0.997528070347704
"ENSG00000182307",154.646203032702,-0.117783469063574,0.285174455437437,-0.413022508916175,0.679590122470011,0.997528070347704
"ENSG00000182400",113.230397228133,0.118854992428054,0.306622509144137,0.387626442558992,0.698292497676537,0.997528070347704
"ENSG00000182446",457.693794958068,-0.0135220317264547,0.227555559877721,-0.0594229898567226,0.952615202154147,0.997528070347704
"ENSG00000182473",628.822459374357,-0.117166596746614,0.232005137310935,-0.505017251361925,0.613546719299313,0.997528070347704
"ENSG00000182568",287.098029816734,-0.0769332077521631,0.248108527481598,-0.3100788535286,0.756500992709442,0.997528070347704
"ENSG00000182578",135.69313108789,0.195390057963726,0.320014172999004,0.610566888749439,0.541486348755395,0.997528070347704
"ENSG00000182580",125.937026863659,0.266112129091959,0.298847659269783,0.890460811177804,0.373218502039908,0.997528070347704
"ENSG00000182606",255.435621877349,-0.16745340781835,0.252274779317706,-0.663773874943973,0.506835048896927,0.997528070347704
"ENSG00000182704",149.569424732082,-0.0522794893042848,0.290065578546914,-0.180233344356746,0.856969382034116,0.997528070347704
"ENSG00000182796",230.720104669795,-0.18291944984921,0.276054497934015,-0.662620791250185,0.507573450881233,0.997528070347704
"ENSG00000182809",173.494416969025,0.177729610087438,0.283197942937284,0.627580865327109,0.530278546858052,0.997528070347704
"ENSG00000182831",146.39399839965,-0.0549822640736602,0.288638902135172,-0.190488058494318,0.84892669981276,0.997528070347704
"ENSG00000182872",210.074157248208,-0.07597240795129,0.26097406591062,-0.291110948845429,0.770966466430717,0.997528070347704
"ENSG00000182919",171.369917652355,-0.231230454334254,0.281983955335887,-0.820012805547118,0.412208807116916,0.997528070347704
"ENSG00000182944",888.205673975038,0.0719916613332205,0.219367652962009,0.32817810812649,0.742776999234387,0.997528070347704
"ENSG00000182952",116.536527147257,0.191910327489632,0.299948965323657,0.639809933274992,0.522296173940715,0.997528070347704
"ENSG00000182979",256.65233898879,-0.135644331159091,0.261292615183898,-0.519128070510621,0.603671434606675,0.997528070347704
"ENSG00000182983",115.159049257956,-0.0486555736536713,0.304383174802723,-0.159849747559818,0.872999435004275,0.997528070347704
"ENSG00000182986",179.200794739257,-0.106170980702515,0.269996264009528,-0.393231295595883,0.694148657141771,0.997528070347704
"ENSG00000183020",346.096496262049,-0.122210623155296,0.238010886811871,-0.513466525805996,0.607625020502287,0.997528070347704
"ENSG00000183049",103.801945247903,-0.0911394131300712,0.361725071114828,-0.251957689438505,0.801073767844493,0.997528070347704
"ENSG00000183077",161.740807436278,-0.0565404826116333,0.279759517027946,-0.202103875543885,0.83983551813962,0.997528070347704
"ENSG00000183098",105.831539008597,-0.150136709349374,0.327782948794303,-0.45803697203173,0.646925879313369,0.997528070347704
"ENSG00000183111",356.264980415753,-0.011046547132587,0.267073345610722,-0.0413614735956771,0.967007726114358,0.997528070347704
"ENSG00000183172",162.03909042993,0.0333809772440535,0.289345760438096,0.1153670860548,0.908154166257695,0.997528070347704
"ENSG00000183207",138.422914536246,-0.141447184644703,0.288354722334286,-0.49053188205021,0.62375757499581,0.997528070347704
"ENSG00000183255",761.887774514427,0.16416979096571,0.229510593491808,0.715303762096581,0.47442136441101,0.997528070347704
"ENSG00000183258",192.302450984096,0.0596967877728629,0.264042211703639,0.226088046254765,0.821132941611013,0.997528070347704
"ENSG00000183283",845.778256242437,0.0079090393911602,0.217539135444451,0.0363568576982775,0.970997813987525,0.997528070347704
"ENSG00000183291",421.621459377388,0.0699558331424118,0.237922078192847,0.294028337654773,0.768736249636612,0.997528070347704
"ENSG00000183298",175.085668565242,0.234845271963007,0.272806474349626,0.860849334763339,0.389321029188258,0.997528070347704
"ENSG00000183405",297.245274787702,0.06076201959466,0.242581403326967,0.250480946854615,0.80221543737852,0.997528070347704
"ENSG00000183426",210.206384988376,-0.0835901760744968,0.265798242057695,-0.314487317250023,0.753150947570292,0.997528070347704
"ENSG00000183495",300.810446361923,-0.0563539069560711,0.246190920162304,-0.228903271164181,0.818944098045628,0.997528070347704
"ENSG00000183513",107.603089544882,0.0374933141509836,0.306561105177203,0.122302906395484,0.90265913030958,0.997528070347704
"ENSG00000183530",158.519225555273,-0.0923738915981166,0.279708202925564,-0.330250920895228,0.741210373802171,0.997528070347704
"ENSG00000183576",231.962061355168,-0.0074276194993002,0.25818143128451,-0.0287689918765503,0.977048831536649,0.997528070347704
"ENSG00000183579",114.066054918376,0.0841713033241993,0.312730930737148,0.269149275147797,0.787814812868183,0.997528070347704
"ENSG00000183580",131.295747792398,0.162915301478686,0.298022872277446,0.546653685449415,0.584616678730945,0.997528070347704
"ENSG00000183624",124.48158382489,-0.0421034522323691,0.29449252313036,-0.142969511703805,0.886314259930922,0.997528070347704
"ENSG00000183726",357.874082061252,-0.0883704031008416,0.237759425629789,-0.371679914967669,0.710131180919438,0.997528070347704
"ENSG00000183735",111.858889086647,-0.26307526887536,0.30422933886594,-0.864726820417821,0.387188745050702,0.997528070347704
"ENSG00000183762",170.3595633556,-0.153441006427607,0.289609408959247,-0.529820515773362,0.596236379483913,0.997528070347704
"ENSG00000183826",137.651870379816,-0.0535959479960566,0.286950829211628,-0.186777463383907,0.851835117565429,0.997528070347704
"ENSG00000183844",104.627128516346,0.0441151153967022,0.458101629354363,0.0962998438989989,0.923282435062608,0.997528070347704
"ENSG00000183864",309.773065942361,-0.151306155899973,0.26066542639535,-0.580461160470465,0.561603671271867,0.997528070347704
"ENSG00000183955",103.701737092851,0.136132249772932,0.324952868117047,0.418929214448101,0.675267865455789,0.997528070347704
"ENSG00000183978",151.402883713276,-0.0119519427313318,0.297199900086076,-0.0402151640288919,0.96792158826307,0.997528070347704
"ENSG00000184009",4666.74626442294,0.0755127750090484,0.205265168772108,0.367879146085838,0.712963350518574,0.997528070347704
"ENSG00000184076",167.620410138507,-0.0578099868283911,0.280915150509068,-0.205791630403804,0.836953679245947,0.997528070347704
"ENSG00000184110",425.614497834222,-0.0639429875028479,0.231575684369051,-0.276121336646662,0.782454873216813,0.997528070347704
"ENSG00000184117",145.306515364084,-0.0558175806076455,0.289460988498463,-0.19283282661747,0.847089894022147,0.997528070347704
"ENSG00000184164",216.403828194308,-0.0209475303383221,0.259134251075144,-0.0808365943576008,0.935571905197773,0.997528070347704
"ENSG00000184203",127.000796088774,0.0740658436485018,0.295132934275616,0.250957568765721,0.801846914755194,0.997528070347704
"ENSG00000184205",632.84274511809,0.0893910923619118,0.223302473397078,0.400313937423147,0.688925303743001,0.997528070347704
"ENSG00000184216",314.826156921951,-0.012723625418336,0.251440382994798,-0.0506029511520401,0.959641911160957,0.997528070347704
"ENSG00000184277",133.538611441692,-0.0742562022067308,0.290754995562918,-0.255390976388786,0.798421139567631,0.997528070347704
"ENSG00000184292",1308.98727196012,-0.0546815976568948,0.217408980824991,-0.251514898093894,0.801416045310621,0.997528070347704
"ENSG00000184363",113.790247991021,0.0107709036442545,0.306618297665224,0.0351280524556774,0.971977632586845,0.997528070347704
"ENSG00000184381",177.534024920788,-0.133429103284009,0.277849480933231,-0.480220811771368,0.631070389819429,0.997528070347704
"ENSG00000184402",124.589928384002,-0.0810318496426419,0.298226296619276,-0.271712624142228,0.785842993706796,0.997528070347704
"ENSG00000184465",124.797799551037,-0.068079408139065,0.301194485924361,-0.226031389419797,0.82117700678575,0.997528070347704
"ENSG00000184500",144.037849429022,0.077878540718877,0.331321238329669,0.235054477978821,0.814166450170274,0.997528070347704
"ENSG00000184575",179.026077834934,-0.122522369792782,0.272878777300106,-0.448999262621418,0.653432188570875,0.997528070347704
"ENSG00000184588",244.893345177643,0.066423948939657,0.256579543811126,0.258882481249375,0.795725915454491,0.997528070347704
"ENSG00000184640",952.637267249411,0.0447396835395712,0.225980179589432,0.197980564582504,0.84306026996663,0.997528070347704
"ENSG00000184674",325.711805675569,-0.24173170453984,0.275731746711199,-0.87669159399708,0.380654173775659,0.997528070347704
"ENSG00000184677",359.979709738405,-0.0778970544699209,0.238932171729484,-0.326021623233371,0.744407995191829,0.997528070347704
"ENSG00000184708",124.954834539805,-0.055963567031217,0.299827273506147,-0.186652689652896,0.85193295226661,0.997528070347704
"ENSG00000184743",260.182758311776,0.0925382610151576,0.268487904718914,0.344664543127326,0.730346577030039,0.997528070347704
"ENSG00000184752",103.356071618341,0.0580658745978384,0.32817904044999,0.176933525426304,0.859560604564814,0.997528070347704
"ENSG00000184787",388.9278290432,0.127938215667714,0.234512541089229,0.545549568792718,0.585375598455224,0.997528070347704
"ENSG00000184840",651.176055641806,-0.0589377930572937,0.224350063269022,-0.262704597442526,0.792778272974656,0.997528070347704
"ENSG00000184863",341.946855168827,-0.134120648548752,0.241783306341365,-0.554714262858959,0.579090118875812,0.997528070347704
"ENSG00000184887",128.002786579736,-0.151704911270331,0.310594487118714,-0.488434011426439,0.62524245590314,0.997528070347704
"ENSG00000184900",274.626502233898,-0.0916719880089959,0.24538942868795,-0.373577576259697,0.70871861951371,0.997528070347704
"ENSG00000184939",114.616506653352,-0.0140257650818551,0.305385087958416,-0.0459281269285977,0.963367535779241,0.997528070347704
"ENSG00000184983",130.927725555896,0.070079350146889,0.292531482946002,0.239561736880898,0.810670030595988,0.997528070347704
"ENSG00000184990",116.711879791139,0.138316124069399,0.300124825119532,0.460861989721481,0.644897623742924,0.997528070347704
"ENSG00000185009",227.665587806788,-0.102420059450034,0.256981721104463,-0.398549978612682,0.690224825348648,0.997528070347704
"ENSG00000185022",184.371318099003,-0.0374096397312777,0.281263082919639,-0.133005865337706,0.894188741847804,0.997528070347704
"ENSG00000185104",148.596834495599,0.139180371120511,0.280384800807892,0.496390570100379,0.619618876891131,0.997528070347704
"ENSG00000185122",233.391752164375,0.0593155406358476,0.253765540272341,0.233741510262545,0.81518565972132,0.997528070347704
"ENSG00000185127",146.788596487582,-0.090569125127235,0.290176353618257,-0.312117524387889,0.754951208804102,0.997528070347704
"ENSG00000185219",173.413270905929,-0.091634997585032,0.272680559332457,-0.336052551048602,0.736831238435823,0.997528070347704
"ENSG00000185222",202.353785185841,-0.0663498006965285,0.272654081637142,-0.243347909182703,0.807735893424233,0.997528070347704
"ENSG00000185236",356.83564250912,-0.190977392749028,0.235047114330378,-0.812506859712361,0.416500852039086,0.997528070347704
"ENSG00000185246",208.976043889763,-0.0645015855382121,0.25882156180261,-0.249212565943034,0.803196359801596,0.997528070347704
"ENSG00000185274",105.822110337002,-0.0918424207601938,0.376435200621355,-0.243979363801781,0.807246802346604,0.997528070347704
"ENSG00000185324",223.657701288023,0.178892866387144,0.264500576901609,0.676342065044683,0.498823491243617,0.997528070347704
"ENSG00000185359",217.78689650965,-0.0728332765746137,0.260190517866469,-0.279922870256141,0.779536680437445,0.997528070347704
"ENSG00000185504",112.23339094039,0.0698308048152971,0.31131660599435,0.224307998579955,0.822517652806697,0.997528070347704
"ENSG00000185591",391.579310898037,-0.118694889248524,0.231821773379916,-0.512009236742413,0.608644545080289,0.997528070347704
"ENSG00000185619",516.521542408001,-0.114397794803595,0.225213938070546,-0.507951664908773,0.611487240898857,0.997528070347704
"ENSG00000185627",356.942407102825,-0.14473903628452,0.238171310302318,-0.607709787130946,0.543379970698006,0.997528070347704
"ENSG00000185630",524.620310897037,0.136962557580979,0.254970503626906,0.537170204524498,0.591150050479745,0.997528070347704
"ENSG00000185651",179.022583937932,-0.0447195317336772,0.268838255755629,-0.1663436314448,0.867886531388547,0.997528070347704
"ENSG00000185658",201.235447022178,-0.0847372779832353,0.272067802037818,-0.311456472792972,0.755453628067579,0.997528070347704
"ENSG00000185813",106.970307125836,-0.271471420387798,0.319780443244154,-0.848930652649475,0.395919881212071,0.997528070347704
"ENSG00000185825",473.729651460544,-0.0907363565142912,0.232602955543621,-0.390091158997655,0.696469140116182,0.997528070347704
"ENSG00000185864",103.006188507855,-0.215344261411902,0.310854010666359,-0.692750468138667,0.48846616128202,0.997528070347704
"ENSG00000185880",119.971088581206,-0.181552570911341,0.351126549361314,-0.517057372168461,0.605116109626428,0.997528070347704
"ENSG00000185885",133.756611909047,0.195731345519448,0.370740348431072,0.527947244878415,0.597535952169694,0.997528070347704
"ENSG00000185896",1227.13396650863,0.0738486322355263,0.208388650312007,0.354379339397599,0.723054615992393,0.997528070347704
"ENSG00000185963",140.203869900134,0.235923867066696,0.296648082743369,0.795298809568891,0.426439705866995,0.997528070347704
"ENSG00000186001",194.066872827343,-0.0595174782187286,0.2699576140148,-0.220469714980758,0.825505356059494,0.997528070347704
"ENSG00000186088",152.891491381363,-0.0658981279138041,0.3142848856106,-0.209676414396371,0.833920234918807,0.997528070347704
"ENSG00000186111",270.165162842745,0.111065037019809,0.256812315718608,0.43247550924117,0.66539584835367,0.997528070347704
"ENSG00000186174",218.238172063107,0.0949621006233918,0.272796995187334,0.348105376154087,0.727761046957234,0.997528070347704
"ENSG00000186298",362.711545985722,-0.0692013104099587,0.235208541847388,-0.294212573516395,0.768595473348924,0.997528070347704
"ENSG00000186318",201.688898508279,0.0297496790654114,0.268785312873972,0.110681936997653,0.911868570148956,0.997528070347704
"ENSG00000186350",271.886541636416,-0.0172982499100279,0.252818971118544,-0.0684214868587411,0.945450117869401,0.997528070347704
"ENSG00000186376",107.838241977412,0.0224422495082512,0.336556133931642,0.066682039771735,0.946834832669788,0.997528070347704
"ENSG00000186501",144.338261907833,-0.166220244372577,0.287183866368847,-0.578793810649137,0.562728307906458,0.997528070347704
"ENSG00000186522",126.299872128108,-0.063649780407667,0.302681867862801,-0.210286069849807,0.833444406873938,0.997528070347704
"ENSG00000186526",340.280096933669,-0.185187765169794,1.03163583434956,-0.179508852837158,0.857538166675671,0.997528070347704
"ENSG00000186566",244.045049799015,0.148070707770326,0.26792669917342,0.552653797576495,0.580500496299015,0.997528070347704
"ENSG00000186575",174.454715715097,-0.102045103070787,0.276239543613871,-0.369408020791643,0.711823620400565,0.997528070347704
"ENSG00000186594",188.30980298284,0.234909942468646,0.294585321216455,0.797425823861872,0.42520376642259,0.997528070347704
"ENSG00000186635",356.90564179466,0.128304112532633,0.237260380957138,0.540773440618437,0.588663751360295,0.997528070347704
"ENSG00000186660",232.59942635764,0.0635927947474744,0.258196811543234,0.246295817393647,0.80545324747901,0.997528070347704
"ENSG00000186814",115.820609028148,0.0167135859418667,0.30010420483212,0.0556926083432132,0.955586688052564,0.997528070347704
"ENSG00000186834",250.31206876133,0.0295017286008044,0.255677986693296,0.11538626763435,0.908138963099555,0.997528070347704
"ENSG00000186866",188.093989558074,-0.0234409233904705,0.268500475978949,-0.0873030980857862,0.930430591509228,0.997528070347704
"ENSG00000186868",130.458003813234,0.0147100144815236,0.294567235105483,0.0499377144788558,0.960172022974183,0.997528070347704
"ENSG00000186918",172.044175515569,0.0678535179592186,0.288604181224721,0.235109268588124,0.814123925017968,0.997528070347704
"ENSG00000186951",130.452025620704,-0.163507223783922,0.306119884217056,-0.534128072738934,0.593252928489766,0.997528070347704
"ENSG00000187051",127.910522467673,-0.117325138501057,0.301628641529269,-0.388972141061318,0.697296754964386,0.997528070347704
"ENSG00000187079",205.290899233412,-0.077081387330501,0.270517413726663,-0.284940574688422,0.775689669804355,0.997528070347704
"ENSG00000187145",137.08088161954,0.126842467894385,0.299265255874582,0.423846288215771,0.671677917909814,0.997528070347704
"ENSG00000187147",178.662132510746,0.159049981786983,0.268606398571954,0.592130279221094,0.55376335230745,0.997528070347704
"ENSG00000187189",326.089974413645,-0.179730950148442,0.241762100121306,-0.743420701831515,0.457227014611391,0.997528070347704
"ENSG00000187210",199.582564322913,-0.169107962503595,0.292776810124745,-0.577600262915436,0.563534029399669,0.997528070347704
"ENSG00000187257",111.236294204817,0.0366261395604827,0.3036733216182,0.120610330091926,0.903999686349186,0.997528070347704
"ENSG00000187325",120.138221536777,-0.174400077341947,0.301945548543913,-0.577587840532723,0.563542418230063,0.997528070347704
"ENSG00000187446",366.489248949855,-0.0770899144616935,0.24906112723857,-0.309522065191052,0.756924430087985,0.997528070347704
"ENSG00000187535",139.876549089071,0.010196823023306,0.291666155726307,0.0349605973237238,0.972111160432835,0.997528070347704
"ENSG00000187555",469.048643066343,-0.118896781857087,0.226565831714365,-0.524778078660077,0.599737472211,0.997528070347704
"ENSG00000187601",127.301142903703,-0.22048203548324,0.350888757464029,-0.628353091380655,0.529772659166098,0.997528070347704
"ENSG00000187608",160.957469980244,-0.632672143569865,0.877182654421051,-0.721254735694055,0.470752800687911,0.997528070347704
"ENSG00000187735",128.918679252951,-0.244616875123538,0.296377847877153,-0.825354785708984,0.409170196581118,0.997528070347704
"ENSG00000187742",233.787998284505,-0.059440031483673,0.256420521244403,-0.231806842897018,0.816688041947012,0.997528070347704
"ENSG00000187764",183.166056940129,-0.0769709516499485,0.277091100538061,-0.277782113898587,0.781179622080315,0.997528070347704
"ENSG00000187778",127.201122726588,-0.10128052158497,0.294922361604613,-0.343414182071253,0.731286891800932,0.997528070347704
"ENSG00000187955",229.765121580977,0.183520294335503,0.280024469150887,0.655372349752108,0.512228049349756,0.997528070347704
"ENSG00000188112",174.089306231787,-0.24894348272754,0.287127796312614,-0.867012828171116,0.385934980991992,0.997528070347704
"ENSG00000188153",242.025839124684,0.216572922252381,0.257737062949824,0.840286297103274,0.400747882581699,0.997528070347704
"ENSG00000188157",556.14074395932,-0.165738050260828,0.235926238412169,-0.702499439554831,0.482367751107334,0.997528070347704
"ENSG00000188186",135.272168525066,0.0495518803868233,0.292074868835165,0.169654721011921,0.865281685140979,0.997528070347704
"ENSG00000188229",606.001032280039,-0.201461341156654,0.247078847619361,-0.815372675960576,0.414859019906978,0.997528070347704
"ENSG00000188313",115.38313954831,-0.176695105564475,0.399288116229244,-0.442525330413362,0.658109104576566,0.997528070347704
"ENSG00000188612",106.82623139598,-0.150942542779426,0.318411889256626,-0.474048073807236,0.635465626037662,0.997528070347704
"ENSG00000188636",194.920437854306,0.0211452553469495,0.264378923047635,0.0799808664896468,0.936252473541992,0.997528070347704
"ENSG00000188647",139.359331183063,-0.262958544489151,0.309889695842917,-0.848555302149977,0.396128787669495,0.997528070347704
"ENSG00000188725",144.431950478402,0.10842498989451,0.286478685692894,0.378474892930574,0.705077841635171,0.997528070347704
"ENSG00000188735",106.591132666136,-0.166792309805363,0.31743685734006,-0.525434605177823,0.599281102438862,0.997528070347704
"ENSG00000188811",138.97501182984,0.0271623226533866,0.288331686243621,0.0942051253792351,0.924946213419445,0.997528070347704
"ENSG00000188895",467.321918884984,-0.130875757556337,0.227965175551686,-0.57410416849684,0.565897312708737,0.997528070347704
"ENSG00000188938",183.93646808447,-0.15947839978836,0.268002050911845,-0.595064102105764,0.55180062318511,0.997528070347704
"ENSG00000188976",163.802968000547,0.115249518232615,0.288130181559682,0.399991134593245,0.689163046520108,0.997528070347704
"ENSG00000188986",181.148223009575,-0.0188983644570113,0.27349593263387,-0.0690992523179881,0.944910616171498,0.997528070347704
"ENSG00000189058",535.924330013465,0.241445804486355,0.289741926878405,0.833313311220166,0.40466805096441,0.997528070347704
"ENSG00000189067",575.442126247544,0.0934584498299308,0.223626221764388,0.417922590171015,0.67600371539178,0.997528070347704
"ENSG00000189091",423.966379447712,-0.0430505202758702,0.230667019892052,-0.186634917709593,0.85194688737846,0.997528070347704
"ENSG00000189241",610.86838433647,-0.115011417337635,0.230574131733058,-0.498804512341336,0.617917108392142,0.997528070347704
"ENSG00000189343",414.260775858187,-0.207524208311487,0.251766588759032,-0.82427223300114,0.409784892139783,0.997528070347704
"ENSG00000189403",283.115386784448,0.15594926262566,0.245608997072416,0.634949307576381,0.525461477134388,0.997528070347704
"ENSG00000196123",182.424408490761,-0.214565969045345,0.267896247339622,-0.80092935670477,0.423172543787091,0.997528070347704
"ENSG00000196141",333.114429795386,-0.0680140593238252,0.268827790121727,-0.25300233764161,0.800266406778223,0.997528070347704
"ENSG00000196182",208.609796743568,-0.0115978381633205,0.260943046872831,-0.0444458601304393,0.964549006646856,0.997528070347704
"ENSG00000196187",854.222844334485,0.18031426624508,0.216644126404594,0.832306276830852,0.405236088556786,0.997528070347704
"ENSG00000196199",278.482241597624,0.0486668634662444,0.245693120961927,0.198079878165519,0.842982567810063,0.997528070347704
"ENSG00000196205",5223.40079299663,0.098280538017577,0.208458042956393,0.471464360999188,0.637309164215985,0.997528070347704
"ENSG00000196230",647.031498894739,0.204943417816606,0.235193056388665,0.871383794077361,0.383544631427471,0.997528070347704
"ENSG00000196235",676.854871167514,-0.0385367706703667,0.221605455895144,-0.173898113269382,0.861945535431029,0.997528070347704
"ENSG00000196262",427.329848765,0.210173857347888,0.241154411430666,0.871532293774002,0.383463580961172,0.997528070347704
"ENSG00000196295",136.802294772544,-0.141085190882905,0.296058853129074,-0.476544407950524,0.633686577839566,0.997528070347704
"ENSG00000196305",437.323872964698,-0.178931259022417,0.23222271553768,-0.770515746524305,0.440994018010064,0.997528070347704
"ENSG00000196313",175.450210118632,-0.15478942378382,0.273229803252663,-0.566517348917027,0.571042142694813,0.997528070347704
"ENSG00000196363",122.487708540735,0.0244143753708274,0.295241334356557,0.0826929448210075,0.93409569487702,0.997528070347704
"ENSG00000196365",219.425420175961,-0.18169421818385,0.256718129314117,-0.707757643253667,0.479095774057938,0.997528070347704
"ENSG00000196396",233.860067494223,-0.164738732469646,0.255770347431462,-0.644088472819509,0.519518064795387,0.997528070347704
"ENSG00000196405",468.666330800369,-0.0922075555229181,0.234089971029127,-0.393897932139285,0.693656397126105,0.997528070347704
"ENSG00000196419",360.736084203301,0.0828172697087824,0.236435643008014,0.350274047749963,0.726133039968962,0.997528070347704
"ENSG00000196422",124.329219220341,-0.126631149524571,0.317876987674568,-0.398365262144148,0.690360960269012,0.997528070347704
"ENSG00000196428",111.407172294907,0.221983754649679,0.319577834006244,0.694615617944712,0.487296221984642,0.997528070347704
"ENSG00000196440",179.937019306321,0.0941490774744666,0.282189214947236,0.33363811402952,0.738652653806165,0.997528070347704
"ENSG00000196455",131.794206761519,-0.0877281863368244,0.30441490177999,-0.288186241290606,0.77320418009933,0.997528070347704
"ENSG00000196498",825.509222140861,-0.0561239234676532,0.214133451419832,-0.262097879128732,0.793245981853473,0.997528070347704
"ENSG00000196504",269.961632168389,-0.155889228402302,0.246553496073715,-0.632273445255441,0.5272082123806,0.997528070347704
"ENSG00000196510",202.008102778564,0.124244008791053,0.265970965945081,0.46713372773443,0.640404204814018,0.997528070347704
"ENSG00000196526",154.747005352422,-0.0277349707352271,0.31328167977269,-0.0885304584530797,0.929455077028287,0.997528070347704
"ENSG00000196547",338.907737512282,-0.141602119615639,0.242888633644856,-0.582991955987059,0.559898715341223,0.997528070347704
"ENSG00000196549",371.914915053478,-0.570972801294356,0.836990277558979,-0.682173755900195,0.495129087345904,0.997528070347704
"ENSG00000196576",1682.55423037685,-0.0991980768886205,0.206346325880463,-0.480735852530209,0.630704246453851,0.997528070347704
"ENSG00000196588",129.835014177434,0.100080696310007,0.306230830929758,0.326814566665769,0.74380814129336,0.997528070347704
"ENSG00000196591",258.007446090814,-0.156356598929174,0.248921408392323,-0.628136406342123,0.529914585447506,0.997528070347704
"ENSG00000196628",196.006663519413,0.0481061291912078,0.283438841964163,0.16972313624288,0.865227877958822,0.997528070347704
"ENSG00000196642",363.159346188965,-0.0847309692865884,0.247306982053971,-0.342614545626121,0.731888457874717,0.997528070347704
"ENSG00000196655",145.052635964751,-0.199565991861674,0.286190067107611,-0.697319770314164,0.485602698127154,0.997528070347704
"ENSG00000196663",147.301492342667,-0.0495808751735959,0.283952931486864,-0.174609485149441,0.861386495018558,0.997528070347704
"ENSG00000196670",116.061126836181,-0.105040591766328,0.311796116406591,-0.336888711049088,0.736200795678684,0.997528070347704
"ENSG00000196700",156.753711540777,-0.0756037631234083,0.293595227776627,-0.257510190802315,0.79678494938173,0.997528070347704
"ENSG00000196704",127.252003701736,0.0838726566513361,0.296735612273709,0.282651131789237,0.777444280341079,0.997528070347704
"ENSG00000196712",264.591369271292,-0.0955149973952136,0.257560386362279,-0.370845061790147,0.710752936201899,0.997528070347704
"ENSG00000196715",160.037288345484,-0.158995069517889,0.27939538312661,-0.569068349443123,0.569309756521279,0.997528070347704
"ENSG00000196743",236.158406840898,0.0190301242769151,0.266528723848734,0.0713999001762955,0.943079489056273,0.997528070347704
"ENSG00000196756",232.238740742703,0.0103551514615251,0.293357752938763,0.0352987141392737,0.971841548661541,0.997528070347704
"ENSG00000196776",575.299526994675,-0.0503205454296178,0.2340335334357,-0.215014253260605,0.829756205951715,0.997528070347704
"ENSG00000196781",225.900125956967,-0.0657344840545873,0.256862032066208,-0.255913587250777,0.798017562797762,0.997528070347704
"ENSG00000196792",149.184060270306,-0.120401745640349,0.2951144301612,-0.407983254409425,0.683285968947564,0.997528070347704
"ENSG00000196821",368.901037022428,0.076917453503953,0.234337012490517,0.328234335184527,0.742734488905202,0.997528070347704
"ENSG00000196850",116.24467685028,0.162561315245596,0.313656820814636,0.518277634847501,0.604264574965431,0.997528070347704
"ENSG00000196943",164.763036946659,-0.110105136489283,0.27471897142972,-0.400791892588498,0.688573348417181,0.997528070347704
"ENSG00000196954",124.329653124187,0.263798174206602,0.310150199287884,0.85054974916119,0.395019513745387,0.997528070347704
"ENSG00000196961",240.582626395858,0.0669766041637443,0.26748822276915,0.250390852615396,0.802285102919295,0.997528070347704
"ENSG00000196975",221.464516971921,0.190784877014167,0.258773587018246,0.737265650689128,0.460960816521507,0.997528070347704
"ENSG00000196998",122.215278185722,0.0109162449102653,0.304314328036788,0.0358716100575642,0.971384733184796,0.997528070347704
"ENSG00000197063",119.597304094203,0.0752360972475951,0.305796485995241,0.246033230247014,0.8056565089475,0.997528070347704
"ENSG00000197070",224.940417439151,-0.120998395426489,0.268097516617933,-0.451322328356081,0.651757254426242,0.997528070347704
"ENSG00000197077",270.489564815471,0.0805069292717807,0.253586237665323,0.317473574327136,0.750884287799126,0.997528070347704
"ENSG00000197102",1376.88855050815,-0.181288562658306,0.206903770165069,-0.876197483079567,0.380922684579737,0.997528070347704
"ENSG00000197111",509.136133521656,0.17980598937266,0.224906995631947,0.79946819291876,0.424018982743996,0.997528070347704
"ENSG00000197136",259.070094515183,-0.196461435488551,0.249422532340571,-0.787665146548571,0.430892597502803,0.997528070347704
"ENSG00000197142",140.827041260764,0.242514670446425,0.345140201025827,0.702655528755046,0.48227044821387,0.997528070347704
"ENSG00000197150",125.557178074781,-0.156321479840413,0.299156395831901,-0.522540991997551,0.601293713157669,0.997528070347704
"ENSG00000197157",925.448952852947,-0.178465237076611,0.216593774408418,-0.823962911972207,0.409960631752371,0.997528070347704
"ENSG00000197170",130.516928201664,-0.129298290198972,0.296712759677927,-0.435769227920369,0.663004172320758,0.997528070347704
"ENSG00000197183",111.200943971197,0.160169008390485,0.307259228816834,0.521282986380099,0.602169651269443,0.997528070347704
"ENSG00000197258",181.28269733673,-0.193567011012596,0.287367054970661,-0.673588038936329,0.500573259658836,0.997528070347704
"ENSG00000197324",633.575906664383,0.0307139956664879,0.225445361838006,0.13623698183934,0.891633940423935,0.997528070347704
"ENSG00000197343",315.249227713144,-0.0941927129979857,0.24647123132306,-0.382165141515131,0.702338876045408,0.997528070347704
"ENSG00000197375",242.605725217679,-0.0169175702243766,0.261970152403005,-0.0645782356088844,0.948509813998701,0.997528070347704
"ENSG00000197381",240.423987964415,-0.185929326284054,0.275677206219574,-0.674445772408052,0.500027950636041,0.997528070347704
"ENSG00000197386",350.220538921148,-0.211884959262766,0.237685815486219,-0.89144974355885,0.372687941566881,0.997528070347704
"ENSG00000197451",267.15436804552,0.0758320613559213,0.256632911843185,0.295488450063872,0.767620774175929,0.997528070347704
"ENSG00000197461",171.543380837441,-0.143197044457759,0.272962753909672,-0.524602871295568,0.599859290294328,0.997528070347704
"ENSG00000197530",191.21565030502,-0.0925429141995614,0.270866728632554,-0.341654785978167,0.732610702165895,0.997528070347704
"ENSG00000197555",192.180109356564,-0.0459850104639742,0.309726675172253,-0.148469648080521,0.881972137780488,0.997528070347704
"ENSG00000197586",570.430945698837,-0.157373709476461,0.228504803916591,-0.688710726335127,0.491005324773527,0.997528070347704
"ENSG00000197622",595.312242021086,-0.121172734644423,0.228021093869916,-0.531410198012429,0.595134556143376,0.997528070347704
"ENSG00000197635",673.259020831822,0.154188240116314,0.318617503355243,0.483928969666181,0.628436279892103,0.997528070347704
"ENSG00000197694",963.849878408992,0.125180964127361,0.214746151625857,0.582925296586729,0.559943590498166,0.997528070347704
"ENSG00000197712",316.440447457304,-0.0935491469034986,0.244028255593109,-0.383353750065246,0.701457490796066,0.997528070347704
"ENSG00000197724",281.759583257036,-0.197429127502701,0.256681143592445,-0.769161009412426,0.44179773383347,0.997528070347704
"ENSG00000197746",4468.46729774496,-0.0259666613739112,0.20324236790731,-0.127762049031792,0.898337284352459,0.997528070347704
"ENSG00000197747",233.930433401831,0.041948290513047,0.26905827533998,0.155907825024305,0.876105677260644,0.997528070347704
"ENSG00000197771",160.897545152382,0.209392066889956,0.282854933117757,0.740280767183167,0.459129648519405,0.997528070347704
"ENSG00000197818",168.088315733831,0.0672797349364295,0.27832190869348,0.241733520915616,0.808986653777314,0.997528070347704
"ENSG00000197879",768.769102549436,0.0114108127414859,0.216671194298999,0.0526641890649265,0.957999472396253,0.997528070347704
"ENSG00000197894",309.267425927045,0.167775990353471,0.252942782426243,0.663296215626922,0.507140859821193,0.997528070347704
"ENSG00000197912",316.521384355649,-0.0198168896346064,0.239670010976278,-0.0826840602788969,0.934102759522805,0.997528070347704
"ENSG00000197961",143.889469065576,-0.190905801973014,0.292710923336211,-0.65219910414391,0.514272737806556,0.997528070347704
"ENSG00000197965",333.849106960771,-0.01358712512261,0.254305915441217,-0.053428270038613,0.957390681141379,0.997528070347704
"ENSG00000197976",299.428625189583,0.116427529097204,0.242082099205676,0.480942331048962,0.630557485967783,0.997528070347704
"ENSG00000198000",108.800681726039,-0.0106963014580394,0.31306210307496,-0.0341667079885368,0.972744214209186,0.997528070347704
"ENSG00000198015",137.955525163776,-0.105640327941644,0.286248052502886,-0.369051691419208,0.712089195804076,0.997528070347704
"ENSG00000198026",143.497200441082,-0.225890829937907,0.283729076180635,-0.796149738964697,0.425945006996539,0.997528070347704
"ENSG00000198060",174.707389285378,-0.142971899302493,0.276643338290008,-0.516809478175882,0.605289162948652,0.997528070347704
"ENSG00000198089",123.201680649589,0.203610219718124,0.301211111243732,0.675971808866534,0.499058543928966,0.997528070347704
"ENSG00000198105",118.295115796137,-0.0700424820992759,0.312512293717313,-0.224127125580006,0.822658386163813,0.997528070347704
"ENSG00000198160",154.300824706723,0.0379055054184084,0.286106381310376,0.132487451852,0.894598747504927,0.997528070347704
"ENSG00000198168",134.936990273833,-0.0496538764580483,0.290252572604439,-0.171071270833204,0.864167725398818,0.997528070347704
"ENSG00000198171",167.763433740581,0.0654088950791411,0.273773442607377,0.238916143422082,0.81117060736954,0.997528070347704
"ENSG00000198176",154.323606003509,-0.199114362173285,0.296644327953696,-0.671222549734256,0.502078765473209,0.997528070347704
"ENSG00000198189",143.558738102335,-0.0435179889344516,0.334357150717544,-0.1301542043921,0.896444425895526,0.997528070347704
"ENSG00000198198",276.360279895483,-0.133795505800521,0.246458380974994,-0.542872615129676,0.587217512064065,0.997528070347704
"ENSG00000198218",270.558764324984,0.040366650121011,0.25018022117751,0.161350285530245,0.871817519933742,0.997528070347704
"ENSG00000198265",176.014058425471,-0.0986341967491821,0.26964935044621,-0.365786887993478,0.714524104721757,0.997528070347704
"ENSG00000198276",159.165475933293,-0.187702291104228,0.277498540341062,-0.676408210556823,0.498781505755888,0.997528070347704
"ENSG00000198315",183.647060803182,0.0765255892893506,0.266905975344708,0.28671366083325,0.774331576723493,0.997528070347704
"ENSG00000198355",278.858751671243,-0.128338565845886,0.247831481385705,-0.517846099003662,0.604565651701018,0.997528070347704
"ENSG00000198356",144.210586092843,-0.134151576299944,0.294999822749707,-0.454751379338167,0.649288112717798,0.997528070347704
"ENSG00000198369",127.102632663807,0.117537960027734,0.29435603683784,0.399305416971916,0.689668176191321,0.997528070347704
"ENSG00000198373",282.613532004274,-0.189164764877324,0.258627784444872,-0.731417025759064,0.464524468904036,0.997528070347704
"ENSG00000198408",818.085445785472,-0.0785633415001042,0.219409436223496,-0.358067286678033,0.720292959608293,0.997528070347704
"ENSG00000198420",139.498130233258,-0.231445280362816,0.293130718819082,-0.78956337737384,0.429782803215607,0.997528070347704
"ENSG00000198431",285.109915834772,0.0880985040688265,0.260432005256981,0.338278330967406,0.735153451581051,0.997528070347704
"ENSG00000198492",146.242331073075,0.134087023329212,0.293489241074431,0.456872023104951,0.647763033962437,0.997528070347704
"ENSG00000198521",104.893030444476,-0.242963258545761,0.312431133595487,-0.77765380085434,0.436773134728956,0.997528070347704
"ENSG00000198561",1594.9514157992,-0.183436751247064,0.205682520392131,-0.891844143573037,0.372476477059895,0.997528070347704
"ENSG00000198563",725.588514021279,0.0465524715530386,0.216361860898006,0.215160247558527,0.829642382913101,0.997528070347704
"ENSG00000198585",248.669537614802,-0.0363891536413079,0.249862082366463,-0.145636958183744,0.884207990615736,0.997528070347704
"ENSG00000198604",153.607282757917,-0.0714044951892672,0.312867036867552,-0.228226328679986,0.819470294172388,0.997528070347704
"ENSG00000198618",164.468758154895,-0.142720700609046,0.274450353211739,-0.520023745420128,0.603047024993858,0.997528070347704
"ENSG00000198625",393.43255380845,-0.21016593289178,0.240928720547292,-0.872315813633047,0.383036113029657,0.997528070347704
"ENSG00000198646",255.73966188163,-0.0830996489852616,0.249613479435952,-0.33291330729831,0.73919972410975,0.997528070347704
"ENSG00000198663",517.842938969651,-0.0363505547759967,0.225524570581843,-0.161182236960762,0.871949871039625,0.997528070347704
"ENSG00000198668",1196.85614804295,0.110537520279721,0.214325739341538,0.515745428520715,0.606032221425663,0.997528070347704
"ENSG00000198700",293.78078582008,-0.0677736622722359,0.242963821822988,-0.278945489759429,0.780286657715815,0.997528070347704
"ENSG00000198721",160.326934484748,-0.2385149332956,0.281215759576368,-0.84815635387898,0.396350900745128,0.997528070347704
"ENSG00000198727",25000.2541304927,0.167649621869723,0.198551871635368,0.84436183093557,0.398467244482678,0.997528070347704
"ENSG00000198728",342.516103672939,0.175115227625069,0.243028545018434,0.720554153882566,0.471183869691045,0.997528070347704
"ENSG00000198730",221.346643093268,-0.084419199208819,0.259496538791886,-0.325319172278142,0.74493952198614,0.997528070347704
"ENSG00000198742",138.571088538372,0.167840925867489,0.288328743773896,0.582116523211117,0.560488196212496,0.997528070347704
"ENSG00000198786",25043.387651089,0.186248933570172,0.208903073751441,0.891556692898525,0.37263059144811,0.997528070347704
"ENSG00000198791",146.777628641773,0.095749928419826,0.284367211931555,0.336712266401768,0.736333815556706,0.997528070347704
"ENSG00000198792",174.039780159105,0.125630880746561,0.272378336224258,0.461236684561893,0.644628805000392,0.997528070347704
"ENSG00000198799",138.021527487044,-0.159951470948269,0.295104628280459,-0.542016138073768,0.587807388570662,0.997528070347704
"ENSG00000198804",40689.2035486246,0.137837935638365,0.197904051670122,0.696488699827736,0.486122831616335,0.997528070347704
"ENSG00000198815",318.461433288414,-0.0663786777697643,0.243925762199523,-0.272126556749134,0.785524710464867,0.997528070347704
"ENSG00000198830",207.095769639384,-0.180732221903162,0.260359019787268,-0.694165395348445,0.487578491311222,0.997528070347704
"ENSG00000198837",192.044615889035,0.156031076418173,0.265331452047858,0.588060990183817,0.55649135593323,0.997528070347704
"ENSG00000198843",270.120140761403,-0.0647175161325497,0.246137073633936,-0.262932825100537,0.792602355421259,0.997528070347704
"ENSG00000198858",118.06770366773,-0.0942288722465376,0.300714063972697,-0.313350400050106,0.754014462978825,0.997528070347704
"ENSG00000198863",193.382493689542,-0.193499479961375,0.263529206338378,-0.734261991867866,0.462789077860459,0.997528070347704
"ENSG00000198898",261.357514085409,0.0898464467635049,0.251137154526345,0.357758480352933,0.720524064602717,0.997528070347704
"ENSG00000198900",281.106667798183,-0.0940355417243324,0.246476341279064,-0.381519545593482,0.702817770699619,0.997528070347704
"ENSG00000198909",189.585300327516,0.198973906653351,0.267983562199534,0.742485490603337,0.457793239537776,0.997528070347704
"ENSG00000198917",122.551857404449,0.0888960644470132,0.312083826244103,0.284846752607683,0.7757615518613,0.997528070347704
"ENSG00000198918",163.671090549298,0.254570180616498,0.305160552016755,0.83421719791135,0.404158601634019,0.997528070347704
"ENSG00000198931",144.728081907987,-0.0352776047342265,0.289249327925575,-0.121962616083601,0.902928625231798,0.997528070347704
"ENSG00000198951",145.667358127937,-0.0392336287251356,0.2815304508844,-0.139358384153072,0.889166956037019,0.997528070347704
"ENSG00000198954",118.05207335802,-0.219987918642917,0.301288041778591,-0.730158148143766,0.46529352136694,0.997528070347704
"ENSG00000203485",156.867978248382,-0.116700665484534,0.29655223802474,-0.393524817960733,0.69393189744898,0.997528070347704
"ENSG00000203709",264.025914479478,0.0957547144373447,0.257987827005311,0.371159816138818,0.710518500882112,0.997528070347704
"ENSG00000203879",569.146633418733,0.00854882844518923,0.221798000668633,0.0385433070605592,0.969254503078465,0.997528070347704
"ENSG00000203880",264.040863852631,-0.140255781812434,0.250885550438382,-0.559042884563736,0.576132452963352,0.997528070347704
"ENSG00000204054",334.650137153393,0.15218064962168,0.241796338533662,0.629375326957208,0.529103366940792,0.997528070347704
"ENSG00000204120",335.467863194042,-0.21087962131585,0.238968723168173,-0.882456994873945,0.377529726012551,0.997528070347704
"ENSG00000204160",145.133723555346,-0.0902961573656395,0.294506998213515,-0.306601058424342,0.759147047915214,0.997528070347704
"ENSG00000204178",193.092816458389,-0.00767759836022206,0.263826317469973,-0.0291009571518424,0.976784072425686,0.997528070347704
"ENSG00000204209",142.21138588072,0.148387713523453,0.283670918555267,0.523098082380774,0.600905999916047,0.997528070347704
"ENSG00000204219",347.139290387494,-0.125532712629658,0.272066271452717,-0.461404906824237,0.644508131771675,0.997528070347704
"ENSG00000204227",187.447787363623,0.209860981949751,0.272673104456361,0.769643131353784,0.441511612505976,0.997528070347704
"ENSG00000204231",252.684273877796,0.102888842186765,0.250008640728645,0.411541144685631,0.680675777869769,0.997528070347704
"ENSG00000204256",1009.25640880584,-0.181095502816004,0.212880861461786,-0.850689449359036,0.394941885567507,0.997528070347704
"ENSG00000204264",162.619614492616,0.0714632655929138,0.357911581309174,0.199667374080253,0.841740731641669,0.997528070347704
"ENSG00000204304",224.172186648063,0.106271172138992,0.254984848253691,0.41677445882298,0.676843386008133,0.997528070347704
"ENSG00000204310",139.368769382821,-0.0812331616801684,0.304338590420151,-0.266917059607929,0.789533021359418,0.997528070347704
"ENSG00000204351",232.65851560035,0.145007662219357,0.260919520381076,0.555756280739638,0.578377476374019,0.997528070347704
"ENSG00000204356",138.030083914899,0.149614002207015,0.290308977576508,0.515361265972513,0.606300594151286,0.997528070347704
"ENSG00000204371",302.966416819208,-0.0459500581296164,0.243599843998817,-0.1886292592611,0.850383398892457,0.997528070347704
"ENSG00000204386",215.782754973591,-0.199873942253885,0.286845979161403,-0.696798828549796,0.485928699328653,0.997528070347704
"ENSG00000204387",209.126148488791,0.193568258002465,0.259089364377635,0.747110011510662,0.454997157448232,0.997528070347704
"ENSG00000204388",400.325817358231,-0.0193258459684056,0.233382257639089,-0.0828076913982543,0.934004453283736,0.997528070347704
"ENSG00000204389",312.111970257018,0.0939889508394526,0.245803609195606,0.382374169146792,0.702183847377629,0.997528070347704
"ENSG00000204463",641.141847565595,-0.102820769287959,0.222752396349773,-0.461592202700737,0.64437378721988,0.997528070347704
"ENSG00000204469",1166.50999930643,-0.108613024883008,0.209877991109994,-0.517505548383514,0.604803296779396,0.997528070347704
"ENSG00000204514",147.606083354534,-0.0882185247403333,0.293614579992295,-0.300456894009311,0.763828671901567,0.997528070347704
"ENSG00000204525",2061.46879874294,-0.0925557940942527,0.280370340129925,-0.330119776761557,0.741309460424423,0.997528070347704
"ENSG00000204560",167.328115663587,0.160546198646723,0.274663756887358,0.584519051461764,0.558871151407677,0.997528070347704
"ENSG00000204569",281.208809482593,0.0841557531622426,0.247451069360541,0.340090480836137,0.733788390181641,0.997528070347704
"ENSG00000204574",280.2933994837,0.157359214802663,0.247000679062916,0.63708008981862,0.524072676740692,0.997528070347704
"ENSG00000204580",802.842388138179,0.0776690289504382,0.217673990171134,0.356813548965475,0.721231392457954,0.997528070347704
"ENSG00000204592",1298.50126208752,0.16789411684567,0.279645226969502,0.600382558519334,0.548251308943407,0.997528070347704
"ENSG00000204619",161.545611046905,0.0181167899370306,0.28491002116916,0.0635877596115656,0.949298478432211,0.997528070347704
"ENSG00000204628",2334.34334031331,0.133207658798498,0.205783213193817,0.647320336440836,0.51742464237604,0.997528070347704
"ENSG00000204634",380.077715467962,-0.133068346586165,0.248049887533224,-0.536458000080091,0.591642055516285,0.997528070347704
"ENSG00000204673",139.643066062598,-0.12942626124453,0.292982518319166,-0.441754211094386,0.65866707611757,0.997528070347704
"ENSG00000204681",406.511698306248,0.158011126247566,0.230527986975719,0.685431423405476,0.49307172063123,0.997528070347704
"ENSG00000204843",449.52394069793,-0.0309507127723585,0.239148769505888,-0.129420330434092,0.897025061604015,0.997528070347704
"ENSG00000204852",135.42598065309,-0.0407859870727551,0.288793152288433,-0.141229065680962,0.887688985101382,0.997528070347704
"ENSG00000204859",106.031365816792,-0.0239632099488136,0.309500799176901,-0.0774253572609259,0.938285169149283,0.997528070347704
"ENSG00000204936",441.513288940804,0.248303173981926,0.306990282775068,0.808830728247699,0.418612518598627,0.997528070347704
"ENSG00000204977",121.379847567083,-0.0680602245314297,0.304616168416199,-0.22342945512478,0.823201281815013,0.997528070347704
"ENSG00000205246",288.697732472798,0.174128050379997,0.245686552213742,0.708740664928657,0.478485424789272,0.997528070347704
"ENSG00000205250",161.642893337371,0.122375970964811,0.275050391991264,0.444922001669779,0.656376122085625,0.997528070347704
"ENSG00000205268",172.253211208641,-0.037628496993571,0.284886304339376,-0.132082505969629,0.894919032886963,0.997528070347704
"ENSG00000205302",222.246214812797,-0.105717627248299,0.256697699533153,-0.411837065312872,0.680458851941283,0.997528070347704
"ENSG00000205336",374.608387157766,-0.131265464961348,0.245599840624805,-0.53446885237144,0.593017193735642,0.997528070347704
"ENSG00000205339",344.972187632056,0.120469252365759,0.238512428313957,0.50508584905766,0.61349854001911,0.997528070347704
"ENSG00000205352",109.913450714916,0.174261626956536,0.320475262855773,0.54375999384065,0.586606642064913,0.997528070347704
"ENSG00000205356",188.824989437776,-0.131295526711672,0.268401785941326,-0.489175309512933,0.624717588086923,0.997528070347704
"ENSG00000205476",112.081816609563,-0.199247568648688,0.348611752093825,-0.571545759579162,0.567629750930726,0.997528070347704
"ENSG00000205531",301.899986357991,0.0195386868297478,0.241356859347987,0.0809535178843915,0.935478918472342,0.997528070347704
"ENSG00000205581",304.429509117553,-0.10069668064994,0.244934564200905,-0.411116662846101,0.680986992290883,0.997528070347704
"ENSG00000205609",291.783411560955,-0.0750093509229304,0.246018983986293,-0.304892531899529,0.76044800381707,0.997528070347704
"ENSG00000205726",161.003540735089,0.226010172392399,0.293020088975348,0.771312892514387,0.440521492361036,0.997528070347704
"ENSG00000205765",154.131210308788,-0.247189122411954,0.294405284116995,-0.839621894536794,0.40112041923868,0.997528070347704
"ENSG00000205903",120.796872754088,0.0962053722430491,0.298533981110453,0.322259368548918,0.747256211714314,0.997528070347704
"ENSG00000205937",235.021410256399,-0.00742856266214341,0.252673682688863,-0.0293998274101652,0.976545710453106,0.997528070347704
"ENSG00000206149",190.716820168924,-0.155536239723532,0.267109916004015,-0.582293020230647,0.560369326096109,0.997528070347704
"ENSG00000206337",106.816792705695,0.115810033983458,0.421898440600338,0.274497421271969,0.783702385069731,0.997528070347704
"ENSG00000206341",273.174023753877,0.234689606324983,0.341735489246021,0.686758073745235,0.492235194206678,0.997528070347704
"ENSG00000206503",1979.93818296412,0.213365714652793,0.312230493773785,0.6833596298489,0.494379623012799,0.997528070347704
"ENSG00000206527",340.627241586985,-0.122115176179036,0.246396225197891,-0.495604898496152,0.620173196066983,0.997528070347704
"ENSG00000206560",165.768344035562,-0.0679957898130055,0.274919746293532,-0.247329596108409,0.804653155757757,0.997528070347704
"ENSG00000206573",136.626950616774,0.0276673661681947,0.307140310272811,0.0900805437867132,0.928223210163289,0.997528070347704
"ENSG00000211455",170.153285411784,0.180122537173175,0.304290018806293,0.591943626280553,0.553888338807172,0.997528070347704
"ENSG00000211460",183.703004277511,0.118738395559062,0.27131151560557,0.437645985258079,0.661642930714536,0.997528070347704
"ENSG00000211899",182.694156157821,0.138483592182942,0.810978481371033,0.170761118037094,0.864411603261559,0.997528070347704
"ENSG00000212694",144.6226271177,0.0679886122741356,0.288854092493993,0.235373546855839,0.81391881592938,0.997528070347704
"ENSG00000212802",717.532243740167,0.0742779052330208,0.219854326638323,0.337850550265556,0.735475813711715,0.997528070347704
"ENSG00000213015",185.16817635352,0.0608109229658312,0.268245077727329,0.226699119629869,0.820657711729738,0.997528070347704
"ENSG00000213024",161.897832649993,-0.0229662560213693,0.275521887272557,-0.0833554685934993,0.933568896146555,0.997528070347704
"ENSG00000213064",230.541435713641,-0.0205241897314713,0.279585188676118,-0.0734094314103575,0.941480312666772,0.997528070347704
"ENSG00000213079",165.259848097164,-0.206571632831105,0.276055494533723,-0.748297486996297,0.454280739971472,0.997528070347704
"ENSG00000213160",127.037743616343,-0.0315504044856391,0.30020409709817,-0.105096515306124,0.91629922437523,0.997528070347704
"ENSG00000213178",523.684332509361,0.183847313743122,0.225749790818013,0.814385311618427,0.415424250546135,0.997528070347704
"ENSG00000213236",129.074062083758,-0.235245682461741,0.300714110482619,-0.782290136249985,0.434044082365052,0.997528070347704
"ENSG00000213246",141.868397142215,0.164803907752536,0.284365208883498,0.579550179150273,0.562217998498279,0.997528070347704
"ENSG00000213281",113.974994395421,-0.214042937652658,0.307650053703997,-0.695735089513741,0.486594746274222,0.997528070347704
"ENSG00000213300",189.694366470181,-0.0784689804498896,0.270426747521884,-0.290167230752718,0.771688304305897,0.997528070347704
"ENSG00000213315",199.082521924227,0.0418239580477894,0.274649701235092,0.152281097921127,0.878965232716951,0.997528070347704
"ENSG00000213326",149.545236703995,0.0911887883776497,0.286426759539965,0.318366861127465,0.750206672528557,0.997528070347704
"ENSG00000213339",141.732204120554,0.089791030308748,0.285709542663179,0.314273823239436,0.75331307779248,0.997528070347704
"ENSG00000213442",607.881508763802,0.128304423747106,0.221004642016416,0.58055080914353,0.561543233549856,0.997528070347704
"ENSG00000213516",174.62587922031,-0.0953360237339006,0.269698025237891,-0.353491738212796,0.723719821456638,0.997528070347704
"ENSG00000213523",108.886864787483,-0.0617793958946296,0.31920297450897,-0.193542669800195,0.846533992060708,0.997528070347704
"ENSG00000213553",1592.88138117906,-0.0802166758956362,0.208760100914494,-0.384252908214928,0.700791007513266,0.997528070347704
"ENSG00000213585",243.115219148406,0.0143522573039447,0.251926912915027,0.0569699248797036,0.954569152686823,0.997528070347704
"ENSG00000213593",170.388076921778,0.16209991128162,0.270831772073485,0.598526199642623,0.549488882625824,0.997528070347704
"ENSG00000213614",163.513110207849,-0.140288356432211,0.297669480154244,-0.471289016124588,0.637434358324594,0.997528070347704
"ENSG00000213619",120.469196248099,-0.155063006396897,0.303608282130231,-0.510733782718034,0.609537481766776,0.997528070347704
"ENSG00000213625",328.226756230503,0.105374373022739,0.251302112179927,0.419313519129091,0.674987017634808,0.997528070347704
"ENSG00000213626",165.91488337194,-0.0220547777934453,0.326547788394337,-0.0675392042980615,0.946152452744025,0.997528070347704
"ENSG00000213639",1258.49566149177,-0.191718833681994,0.212890027703474,-0.900553378428,0.367825832356168,0.997528070347704
"ENSG00000213676",368.092194480898,-0.090410624276626,0.241705778504357,-0.374052390621667,0.708365338529666,0.997528070347704
"ENSG00000213699",203.417882181826,-0.218259608730933,0.264011532974096,-0.826704827142337,0.408404384691238,0.997528070347704
"ENSG00000213719",539.839417707476,-0.0770687051749803,0.228008024246093,-0.338008740831852,0.73535660082655,0.997528070347704
"ENSG00000213722",179.45984007536,0.227835301531069,0.270042963320811,0.843700197662251,0.398836957065358,0.997528070347704
"ENSG00000213763",297.078281428127,0.111486854130736,0.268645650097115,0.414995940155495,0.678144875143089,0.997528070347704
"ENSG00000213853",343.740155280344,-0.164022153497706,0.262176934111665,-0.6256162619853,0.53156666974591,0.997528070347704
"ENSG00000213923",445.73909535022,-0.037908511238652,0.230404952696211,-0.164529932169619,0.869313985345439,0.997528070347704
"ENSG00000213949",337.484887615998,0.211575735211999,0.25676076794946,0.824018937556869,0.409928797698902,0.997528070347704
"ENSG00000213983",252.603144159836,-0.138454528087182,0.251350650053745,-0.550842132525128,0.581741899041346,0.997528070347704
"ENSG00000214019",191.635430473916,-0.0805827613510972,0.267777313842729,-0.300931995301234,0.763466351795595,0.997528070347704
"ENSG00000214021",270.140408557356,0.188490603418519,0.252120701812102,0.747620493135845,0.454689100126382,0.997528070347704
"ENSG00000214022",401.558205295531,-0.0792219288300288,0.232033350558943,-0.341424750533454,0.732783845079427,0.997528070347704
"ENSG00000214046",170.710459258592,-0.015369818798082,0.297401291079639,-0.0516804037476967,0.958783351914303,0.997528070347704
"ENSG00000214078",340.662143564508,0.0372890966270781,0.238639493798108,0.156257021977364,0.875830431636047,0.997528070347704
"ENSG00000214110",103.444130130504,0.236296095487281,0.322479051127337,0.732748668979354,0.463711734046432,0.997528070347704
"ENSG00000214160",105.11458328025,-0.0227920941748848,0.315658692752859,-0.0722048677833485,0.942438871356846,0.997528070347704
"ENSG00000214253",211.963867593726,0.0526962313629173,0.262924612500256,0.200423348966107,0.841149500107766,0.997528070347704
"ENSG00000214389",309.617683049443,-0.093356673948832,0.250399561422147,-0.372830820543822,0.709274362566357,0.997528070347704
"ENSG00000214455",158.43961289401,-0.084453169482738,0.285676337560427,-0.29562535771754,0.767516206095917,0.997528070347704
"ENSG00000214460",102.382257295558,0.103678435898417,0.318735921924951,0.325280047734402,0.744969130108163,0.997528070347704
"ENSG00000214517",248.939420088225,-0.0390372049976282,0.253570340292236,-0.153950201560003,0.877649000765806,0.997528070347704
"ENSG00000214530",195.864452293003,-0.0810717077483798,0.304392302318571,-0.266339546469647,0.789977718959533,0.997528070347704
"ENSG00000214655",472.077877293834,-0.169813024564627,0.227929081525244,-0.745025704610757,0.456256180822411,0.997528070347704
"ENSG00000214706",133.138623639616,0.051212926625165,0.304269494098655,0.168314364793205,0.866335973607699,0.997528070347704
"ENSG00000214717",199.110223604705,-0.106472725610657,0.264467866492152,-0.402592296080768,0.687248178001315,0.997528070347704
"ENSG00000214753",226.624492781588,0.222667177304429,0.255633682106982,0.871040058059497,0.383732281236701,0.997528070347704
"ENSG00000214967",179.715313944595,0.0971960188505062,0.275301997727861,0.353052355786337,0.724049190302708,0.997528070347704
"ENSG00000214975",171.106212435473,-0.127598292319712,0.277462378731079,-0.459876012392234,0.645605218935696,0.997528070347704
"ENSG00000215012",169.504471711107,-0.0670932322188944,0.283264982272713,-0.236856782227676,0.8127678987875,0.997528070347704
"ENSG00000215018",110.217501209123,0.0488433980837208,0.356293873848112,0.13708739237134,0.890961717812418,0.997528070347704
"ENSG00000215021",416.589542685121,0.195318601701555,0.239314843441656,0.816157488990741,0.414410067082091,0.997528070347704
"ENSG00000215030",730.883154459758,-0.00719583090227097,0.224162267273371,-0.0321009909018073,0.974391513193494,0.997528070347704
"ENSG00000215039",139.067960856986,0.182295552724119,0.285813095903359,0.637813855757533,0.523594858980042,0.997528070347704
"ENSG00000215041",136.498587538584,0.127064286844932,0.289291604159613,0.43922562915039,0.660498056216983,0.997528070347704
"ENSG00000215114",157.905970539092,-0.0594428308725879,0.290221514002715,-0.204818829771634,0.837713674852105,0.997528070347704
"ENSG00000215193",230.082241242078,-0.070716552235091,0.257530828959731,-0.274594511735713,0.783627783312453,0.997528070347704
"ENSG00000215252",480.936401379779,-0.0213644854855042,0.234245156944071,-0.091205665740211,0.927329173110226,0.997528070347704
"ENSG00000215301",925.910896573561,-0.12689415534616,0.224987856836512,-0.564004462864712,0.57275109489913,0.997528070347704
"ENSG00000215305",111.534013760802,0.246295043539743,0.304278521383664,0.809439464934136,0.418262409560461,0.997528070347704
"ENSG00000215717",235.353083994153,-0.0676993525123546,0.252616488259133,-0.267992611958523,0.78870500560513,0.997528070347704
"ENSG00000215781",390.488845756134,-0.815628213456927,0.940702386390685,-0.867041718248802,0.385919152071076,0.997528070347704
"ENSG00000215845",119.411332032994,-0.162467534885038,0.320097788090322,-0.507555943620561,0.611764793876517,0.997528070347704
"ENSG00000215908",107.858159457169,0.0475577691273427,0.309888014346621,0.153467597730797,0.87802954084802,0.997528070347704
"ENSG00000216866",158.004659700582,0.0804679009630604,0.292642121493529,0.274970330834072,0.783339032562631,0.997528070347704
"ENSG00000218175",637.759268751946,0.0307855340621343,0.228253085735472,0.134874558050061,0.89271105545518,0.997528070347704
"ENSG00000218227",520.809026678455,0.0412778273845337,0.22561669510012,0.182955553737795,0.854832892879512,0.997528070347704
"ENSG00000218283",252.179342193743,0.131325173226596,0.251352080303516,0.522474980386144,0.60133966215402,0.997528070347704
"ENSG00000218426",765.353405779616,0.0951274404894347,0.217016851038411,0.438341262598994,0.661138918631824,0.997528070347704
"ENSG00000218739",162.300826014613,-0.0904975869464645,0.286259019976933,-0.31613881356038,0.751897147354294,0.997528070347704
"ENSG00000219023",150.384367273858,0.247740514297739,0.295503937457769,0.838366203946585,0.401825064211894,0.997528070347704
"ENSG00000219481",228.589263058218,-0.0148553110182042,0.260768946368475,-0.0569673315211895,0.954571218532547,0.997528070347704
"ENSG00000219507",309.525262316807,0.0847347769808162,0.241662561841676,0.350632619033186,0.725863981866401,0.997528070347704
"ENSG00000219747",148.30170928975,-0.0132441240198918,0.281125070645282,-0.047111145190615,0.962424644624238,0.997528070347704
"ENSG00000219928",211.721178067743,0.197534250233529,0.265241373773561,0.744733928282872,0.456432584181112,0.997528070347704
"ENSG00000220205",453.575363064515,-0.0081666065101282,0.231891955273771,-0.0352172911754818,0.97190647441921,0.997528070347704
"ENSG00000220472",483.271674134106,0.16810368016478,0.227428520793186,0.739149512024688,0.459816214570135,0.997528070347704
"ENSG00000221823",137.280477487438,0.138837362039762,0.288636279579506,0.481011473131598,0.630508344520786,0.997528070347704
"ENSG00000221890",168.561822577346,-0.00729847829726207,0.273966334384711,-0.02664005529604,0.978746825080055,0.997528070347704
"ENSG00000221914",182.876233725042,-0.200333669290047,0.283247554526912,-0.707274135604275,0.479396135456418,0.997528070347704
"ENSG00000221978",878.435002135541,0.184019077494152,0.216770113959246,0.848913506262898,0.395929422817498,0.997528070347704
"ENSG00000223501",205.294543425789,-0.108447046047718,0.261889652989402,-0.41409442797691,0.678804953345362,0.997528070347704
"ENSG00000223745",160.390606535484,-0.198630439406116,0.281182050191152,-0.706412231047763,0.479931816829008,0.997528070347704
"ENSG00000223803",137.575007547726,-0.185296549174068,0.309850959821846,-0.598018315904549,0.54982771189595,0.997528070347704
"ENSG00000224078",484.978108541698,-0.176828402575582,0.225694445016349,-0.783485843272625,0.433341863757587,0.997528070347704
"ENSG00000224415",185.406675271046,-0.053454751042468,0.268488422195061,-0.199095181108526,0.842188290691963,0.997528070347704
"ENSG00000224470",225.642283200415,0.115111794792041,0.268221992528454,0.429166131035396,0.667802328848897,0.997528070347704
"ENSG00000224546",110.570528426007,0.0521144837089393,0.309188073073104,0.168552697362997,0.866148490121447,0.997528070347704
"ENSG00000224550",134.562625326104,-0.111160497596972,0.294738244266943,-0.377149894047323,0.706062214130811,0.997528070347704
"ENSG00000224628",143.733188568062,-0.250951542519201,0.286576611921725,-0.875687449985435,0.381199969801134,0.997528070347704
"ENSG00000224631",789.593024363976,0.188745017329522,0.214692031045523,0.879143098187471,0.379323692220718,0.997528070347704
"ENSG00000224861",170.814456166228,-0.216342524326106,0.272916135117861,-0.792706976568742,0.427948564653066,0.997528070347704
"ENSG00000225022",115.061293371282,-0.117357771479871,0.31483354195037,-0.372761335253062,0.709326082086494,0.997528070347704
"ENSG00000225031",230.955718448911,0.0132455035198258,0.267621827515661,0.0494933602493641,0.96052612847029,0.997528070347704
"ENSG00000225093",495.943050964928,0.0087139794526615,0.242919530135695,0.0358718767807343,0.971384520507375,0.997528070347704
"ENSG00000225137",109.804951960687,-0.198150712325455,0.316476512994875,-0.626115064433436,0.531239471956475,0.997528070347704
"ENSG00000225200",197.26042407078,0.166860467722056,0.272749772897707,0.611771243470975,0.540689118135022,0.997528070347704
"ENSG00000225471",691.255010944417,0.0834739205558386,0.217452057537161,0.383872755683508,0.70107276002945,0.997528070347704
"ENSG00000225616",137.199574266283,0.174884235905841,0.306498270153785,0.570588003051675,0.568278952679341,0.997528070347704
"ENSG00000225697",157.139347250737,-0.112510013917434,0.284373075648659,-0.39564228667147,0.692368936962327,0.997528070347704
"ENSG00000225733",465.861977876258,-0.0700932003083297,0.228537638069901,-0.306703092323422,0.759069375824399,0.997528070347704
"ENSG00000226084",227.100067856085,-0.151326643773925,0.270200706179311,-0.560052732332612,0.575443469949215,0.997528070347704
"ENSG00000226086",124.490708475884,-0.213077421755684,0.310631229736741,-0.685949773743827,0.492744781442816,0.997528070347704
"ENSG00000226137",125.317065366483,-0.0999502823291161,0.298745258314789,-0.334566924653238,0.737951798652776,0.997528070347704
"ENSG00000226221",577.027512039773,-0.0570955636607844,0.228143481439139,-0.250261648067361,0.802385013323171,0.997528070347704
"ENSG00000226243",283.518070009062,-0.071118410517035,0.260626370502043,-0.272874960350482,0.784949335063049,0.997528070347704
"ENSG00000226360",479.66325614535,0.118355792216888,0.240865859513557,0.491376372126439,0.623160272527326,0.997528070347704
"ENSG00000226396",270.603472514844,0.114832364571818,0.247323974084812,0.464299366839543,0.64243327755707,0.997528070347704
"ENSG00000226415",158.348204321586,0.0702669928287317,0.276073843270091,0.254522456732663,0.799091957238111,0.997528070347704
"ENSG00000226752",172.481937168966,-0.237051441880139,0.271788436957191,-0.872191048795339,0.383104161910997,0.997528070347704
"ENSG00000227051",105.561362281404,-0.031047518943309,0.321371246350405,-0.0966095109500136,0.923036503183765,0.997528070347704
"ENSG00000227057",109.007129268523,0.0929599714772099,0.31568869489562,0.294467217167679,0.768400910395287,0.997528070347704
"ENSG00000227097",483.103975719867,0.103611371275547,0.241202215348804,0.429562270502838,0.66751408749218,0.997528070347704
"ENSG00000227372",164.456141490692,0.148877331754541,0.280365089280351,0.531012374388991,0.595410204140004,0.997528070347704
"ENSG00000227376",127.253725488676,-0.0199281418832036,0.300308541554759,-0.0663588913589722,0.947092097972006,0.997528070347704
"ENSG00000227615",397.040870903213,0.184101031789835,0.238924897896195,0.770539334372009,0.440980031630697,0.997528070347704
"ENSG00000227939",791.642540678527,-0.0393875831215368,0.24121403044577,-0.163288939075175,0.870290942360343,0.997528070347704
"ENSG00000228205",450.547932624888,0.0290663757373802,0.230279105440567,0.126222375589703,0.899555899857652,0.997528070347704
"ENSG00000228224",141.035424489075,-0.0822701087693879,0.287328671916762,-0.286327529447605,0.774627274913207,0.997528070347704
"ENSG00000228232",228.289445032215,0.0457217715188812,0.268317686364453,0.170401631507726,0.864694289149728,0.997528070347704
"ENSG00000228474",273.646320705835,-0.0277392528876128,0.247107039994087,-0.112256020258575,0.910620412073365,0.997528070347704
"ENSG00000228502",253.845093125893,0.218901983370805,0.251135227157575,0.871649851151527,0.383399426111819,0.997528070347704
"ENSG00000228887",151.541979043908,0.137403069089579,0.280094339897399,0.490559963260634,0.62373770935433,0.997528070347704
"ENSG00000229119",315.14947698079,0.0634326351132509,0.255218441473408,0.248542522033464,0.80371467412531,0.997528070347704
"ENSG00000229132",217.64194295004,-0.0829283206817934,0.260992920964625,-0.317741647456536,0.750680916948735,0.997528070347704
"ENSG00000229344",1354.45056979759,-0.0735297395008058,0.226505020603502,-0.324627415784835,0.745463075272619,0.997528070347704
"ENSG00000229638",985.009942971608,0.0800663637712549,0.221005375540435,0.362282426730412,0.717140988967695,0.997528070347704
"ENSG00000230037",155.020715373702,-0.011650109786137,0.277424197615915,-0.0419938487206738,0.966503601802951,0.997528070347704
"ENSG00000230207",262.737473996831,0.204928981640219,0.248359349111951,0.825130933757784,0.409297259280318,0.997528070347704
"ENSG00000230383",186.638281305248,-0.144760136475451,0.272610198133052,-0.531015117801272,0.595408303057711,0.997528070347704
"ENSG00000230409",158.07387623411,-0.217627511618838,0.278645199807236,-0.781020135173298,0.434790652282439,0.997528070347704
"ENSG00000230734",105.880872768005,-0.0355366361622696,0.325724216641295,-0.10910038107914,0.913122872637441,0.997528070347704
"ENSG00000230897",463.840426866496,0.00787993799306637,0.236538919215933,0.0333134945369092,0.973424592648932,0.997528070347704
"ENSG00000230979",131.574235660695,0.0395886081497087,0.298139943347118,0.13278532123291,0.894363163511577,0.997528070347704
"ENSG00000231043",116.620501372196,-0.0937646670057984,0.309967159342932,-0.30249871374942,0.762271913835641,0.997528070347704
"ENSG00000231074",112.191665886015,-0.216299075554158,0.304826539958196,-0.709580850748172,0.477964097925046,0.997528070347704
"ENSG00000231234",111.363514544032,0.0762963142875496,0.307678076309842,0.24797449074895,0.804154143919597,0.997528070347704
"ENSG00000231925",671.678651042358,0.0730488167315622,0.224871564786967,0.324846837797235,0.745296993808182,0.997528070347704
"ENSG00000232346",473.163296688727,0.140246421400699,0.234784022775513,0.597342271176581,0.550278887670668,0.997528070347704
"ENSG00000232368",184.062726740512,0.123207203587878,0.266653079458253,0.462050555869043,0.644045066293049,0.997528070347704
"ENSG00000232637",210.450946431444,-0.0809192530799613,0.260394393902076,-0.310756510028369,0.755985733762687,0.997528070347704
"ENSG00000232888",189.073780611283,0.120838466001543,0.269260826632674,0.448778485577446,0.653591460243427,0.997528070347704
"ENSG00000233276",206.863852559773,0.0465762072213317,0.26455620425134,0.176054110517409,0.860251432229187,0.997528070347704
"ENSG00000233287",299.969977794773,0.192482254414685,0.241742493854951,0.796228463375484,0.425899256466035,0.997528070347704
"ENSG00000233426",153.338910788192,0.197024166403424,0.280669458747347,0.701979357792471,0.482692036701057,0.997528070347704
"ENSG00000233762",326.168840991933,0.0586115007558134,0.248780265835487,0.235595458341426,0.813746597990934,0.997528070347704
"ENSG00000233830",120.660630183744,-0.108615909536545,0.313809700848196,-0.346120305532197,0.729252303873169,0.997528070347704
"ENSG00000233913",390.368301927284,-0.052138750837142,0.234894892290788,-0.221966303007546,0.824340115303464,0.997528070347704
"ENSG00000233927",118.888289827865,0.133571546956397,0.30578797621735,0.436810984554397,0.662248432079601,0.997528070347704
"ENSG00000233954",131.982876226278,0.176516601257708,0.305790714708315,0.577246439369757,0.563772989862553,0.997528070347704
"ENSG00000234127",300.804693949983,-0.0747175889333158,0.264190540647493,-0.282817048446147,0.777317084881019,0.997528070347704
"ENSG00000234420",112.474765009829,0.285087792865685,0.32112789160044,0.887770263258237,0.374664341689739,0.997528070347704
"ENSG00000234616",167.644676688307,-0.124146482517516,0.287393713822292,-0.431973548990988,0.665760637881319,0.997528070347704
"ENSG00000234741",253.118043145643,-0.0479080331436273,0.251968630077423,-0.190134911353475,0.84920341373792,0.997528070347704
"ENSG00000234743",121.186516318652,-0.0179701184445454,0.30751942823852,-0.0584357175332914,0.953401564891725,0.997528070347704
"ENSG00000234745",2906.17325643896,0.0586194661841137,0.314073261042048,0.18664265142987,0.851940823305657,0.997528070347704
"ENSG00000234782",596.290739442388,0.0896474612836562,0.220916335779481,0.40579824469451,0.684890848510424,0.997528070347704
"ENSG00000234882",167.283049843673,0.023675513869663,0.275377999902435,0.0859746017403392,0.931486607327441,0.997528070347704
"ENSG00000234975",204.972127675949,-0.0726038973476119,0.261423663277362,-0.277725040026624,0.781223437313677,0.997528070347704
"ENSG00000235001",114.359755859717,-0.192822618009733,0.303539584832154,-0.635247024259972,0.525267318386399,0.997528070347704
"ENSG00000235174",526.100176813995,-0.0642855988288966,0.228259309603675,-0.281634071970669,0.778224111627446,0.997528070347704
"ENSG00000235194",120.566941737952,-0.179314992154651,0.298251354170789,-0.601221049450691,0.547692766287917,0.997528070347704
"ENSG00000235437",305.185157384607,-0.127065026676711,0.244730933947837,-0.519202965587482,0.603619211221393,0.997528070347704
"ENSG00000235552",344.507366703005,-0.195786529661242,0.258567054693395,-0.757198282253719,0.448931079180165,0.997528070347704
"ENSG00000235587",146.336425529424,0.0293799601256394,0.282190426110899,0.104113950747902,0.917078919930613,0.997528070347704
"ENSG00000235605",118.295852850356,0.136059723538286,0.299461545450911,0.454347897435095,0.649578446894183,0.997528070347704
"ENSG00000235750",132.482433350764,0.0105599510370932,0.323761481670017,0.032616452650955,0.973980449492762,0.997528070347704
"ENSG00000235776",121.125916894005,0.0411063654275425,0.310677927062736,0.132311831149954,0.894737649745575,0.997528070347704
"ENSG00000235845",144.412938264321,0.485799236033743,2.20817664475807,0.220000169455179,0.825871022730606,0.997528070347704
"ENSG00000236287",213.351208483636,0.0261753793422298,0.273019473264174,0.0958736716809297,0.9236209051904,0.997528070347704
"ENSG00000236480",188.413584018265,0.0347767189257648,0.276850922899925,0.12561532597215,0.900036430685274,0.997528070347704
"ENSG00000236552",803.676099434618,-0.152683390034917,0.21895265796519,-0.697335174890595,0.485593059868243,0.997528070347704
"ENSG00000236603",112.158631410499,-0.0431200438967321,0.307695353950921,-0.140138755242986,0.88855036045278,0.997528070347704
"ENSG00000237214",216.604215925345,-0.08925548296273,0.261638961224763,-0.341139876664067,0.732998282586657,0.997528070347704
"ENSG00000237264",114.47945200309,0.0856526879041016,0.310772754461518,0.275611959782361,0.782846122761274,0.997528070347704
"ENSG00000237441",574.818956815504,-0.15383170534985,0.227226077844113,-0.676998462541724,0.498406929847362,0.997528070347704
"ENSG00000237493",107.319705907376,0.0772327506398361,0.309262353758599,0.249732143926324,0.802794498374553,0.997528070347704
"ENSG00000238105",106.713868341391,0.160203991167025,0.315120318261269,0.508389912941755,0.611179925400599,0.997528070347704
"ENSG00000239198",126.57506238836,-0.234976511405805,0.29473800377892,-0.797238592896417,0.425312476259468,0.997528070347704
"ENSG00000239306",143.682196648518,-0.133038788572738,0.289645067432839,-0.459316603427353,0.646006826362191,0.997528070347704
"ENSG00000239779",113.84746328486,0.0284864363752206,0.304897793881213,0.0934294604516516,0.925562386816633,0.997528070347704
"ENSG00000239900",149.746863272901,0.0982231501202897,0.280823874023935,0.349767805396482,0.726512962295332,0.997528070347704
"ENSG00000240342",346.924763037811,-0.0089923561393536,0.238187120380376,-0.0377533265652364,0.969884357823928,0.997528070347704
"ENSG00000240376",807.227831394413,0.12389472267623,0.215805678411736,0.574103163494386,0.565897992751987,0.997528070347704
"ENSG00000240395",148.796888549931,-0.029110054682137,0.306335902820767,-0.0950265849157384,0.924293710756647,0.997528070347704
"ENSG00000240509",128.41221156796,0.102682474557171,0.301287856083214,0.340811859767792,0.733245221623591,0.997528070347704
"ENSG00000241061",210.133840312262,0.0785799044019261,0.258724781729299,0.303720052933094,0.761341179233593,0.997528070347704
"ENSG00000241258",122.250054387521,-0.276906200107986,0.307609314137438,-0.900187957196463,0.36802023387866,0.997528070347704
"ENSG00000241468",117.415904682928,-0.072532872547588,0.313076229052712,-0.23167799346202,0.816788125055393,0.997528070347704
"ENSG00000241494",232.804539611345,0.0109132782244062,0.255492096513979,0.0427147390205437,0.965928930254,0.997528070347704
"ENSG00000241506",113.740613864741,-0.147546585796335,0.304266673679894,-0.48492522697889,0.627729386843691,0.997528070347704
"ENSG00000241553",187.207479853713,0.0456786076605316,0.267570914207271,0.170715893376764,0.864447165179665,0.997528070347704
"ENSG00000241685",157.943774644172,0.0430846991159359,0.285267511798114,0.151032617925406,0.879949985639413,0.997528070347704
"ENSG00000241741",200.084463698053,0.0240022623084967,0.264498572255876,0.090746283066046,0.927694193750313,0.997528070347704
"ENSG00000241837",153.458347453099,0.23784276197438,0.28378025012556,0.83812302607086,0.40196161202108,0.997528070347704
"ENSG00000241878",108.562792870602,0.236548637954914,0.311117412180155,0.760319508629553,0.447063623439079,0.997528070347704
"ENSG00000242086",168.867279786036,-0.117062108443248,0.274419266885443,-0.426581230144151,0.669684371387786,0.997528070347704
"ENSG00000242110",132.743517295312,-0.28918015439059,0.337707604703614,-0.85630335344206,0.391830006860537,0.997528070347704
"ENSG00000242125",119.737802655088,0.198618221583521,0.323144572739382,0.614641984854588,0.538791181004648,0.997528070347704
"ENSG00000242259",137.409355184447,0.0630379319065465,0.287026705138755,0.219623926199036,0.82616405591666,0.997528070347704
"ENSG00000242299",872.485204751791,0.0346356113640124,0.22620793282547,0.153114043930261,0.878308341013388,0.997528070347704
"ENSG00000242372",143.477489516379,0.190509458883178,0.286603062793942,0.664715362864592,0.506232565753096,0.997528070347704
"ENSG00000242477",133.057669625937,0.245714438921403,0.296781336008426,0.827930900999875,0.407709633654508,0.997528070347704
"ENSG00000242485",158.461481415351,0.0432654995467423,0.275683950974615,0.156938767722196,0.875293106188614,0.997528070347704
"ENSG00000242498",121.448284577989,-0.083322580025761,0.297956288030448,-0.279646993109426,0.779748349596762,0.997528070347704
"ENSG00000242574",560.797208617645,-0.17855605299692,0.311294312225753,-0.573592404307822,0.566243652955065,0.997528070347704
"ENSG00000242814",134.423716752888,0.0483327698661924,0.297517415250612,0.162453582172592,0.87094867870371,0.997528070347704
"ENSG00000243156",149.42841363027,0.136886102775377,0.284153792695866,0.48173245015205,0.629996020943148,0.997528070347704
"ENSG00000243199",148.838690958579,0.262134725135078,0.292170625202091,0.897197399477658,0.369613592627185,0.997528070347704
"ENSG00000243317",104.324031434504,-0.20844778028143,0.31861284103696,-0.654235339677503,0.512960196803679,0.997528070347704
"ENSG00000243335",119.077758893891,-0.0174489359703266,0.29903474589778,-0.0583508646058515,0.95346915240501,0.997528070347704
"ENSG00000243388",244.145853486793,-0.231104468140594,0.266181227519606,-0.868222264560602,0.385272667984507,0.997528070347704
"ENSG00000243452",106.66532928774,-0.277614460399051,0.322657226847457,-0.860400565366226,0.389568274289288,0.997528070347704
"ENSG00000243680",132.119908297403,0.0307290168723467,0.299567528718184,0.102577929603494,0.918297960046667,0.997528070347704
"ENSG00000243716",757.685198131241,-0.079552213597531,0.215827322289876,-0.368591950052946,0.712431896670165,0.997528070347704
"ENSG00000243829",230.653448492161,0.128361162158931,0.2583412345241,0.496866721239409,0.619283040551391,0.997528070347704
"ENSG00000243943",129.272587368407,-0.047313663731675,0.292130696259702,-0.161960603036435,0.871336878412285,0.997528070347704
"ENSG00000244038",719.268290601053,-0.114804802248932,0.218673442857414,-0.525005692272338,0.599579233866104,0.997528070347704
"ENSG00000244052",117.834673641913,0.0511185276439842,0.301443746096459,0.169578995437599,0.865341242487116,0.997528070347704
"ENSG00000244073",210.854393953368,-0.153119164897824,0.267106033293624,-0.573252363526747,0.566473834329737,0.997528070347704
"ENSG00000244187",206.619181768444,-0.221714032631247,0.334679816158344,-0.662466100215467,0.507672553566872,0.997528070347704
"ENSG00000244192",239.894213317109,-0.0368465243506371,0.257035114967305,-0.143352103292672,0.88601210823199,0.997528070347704
"ENSG00000244716",207.308639311604,0.120936766644183,0.269854300382153,0.448155788041618,0.654040768032832,0.997528070347704
"ENSG00000244754",492.227451748452,-0.162302999800476,0.232084607155794,-0.699326860964654,0.484347784094037,0.997528070347704
"ENSG00000245532",24220.2870490269,0.00819353305033785,0.217561531218618,0.0376607620126765,0.969958161165035,0.997528070347704
"ENSG00000248527",2472.98075036728,0.0807519821055785,0.209703926378218,0.385076157133729,0.700180992340727,0.997528070347704
"ENSG00000249565",117.588635988838,-0.24437424874905,0.324899087502724,-0.752154309288421,0.451958267052539,0.997528070347704
"ENSG00000249855",421.225369440909,0.0780516587291438,0.241071691619773,0.323769490331737,0.746112556227304,0.997528070347704
"ENSG00000249915",473.529295528698,-0.165991572193121,0.238461789888588,-0.696092955901548,0.486370617632722,0.997528070347704
"ENSG00000249921",112.75522537776,0.0951286788145442,0.318025061026748,0.299123215344791,0.764846033470378,0.997528070347704
"ENSG00000249936",174.808853922517,0.00965059342906132,0.276615331355834,0.0348881364664742,0.972168940583782,0.997528070347704
"ENSG00000250182",741.726597802339,0.053231752418833,0.22973691812414,0.231707436721462,0.816765254897941,0.997528070347704
"ENSG00000250423",106.451296328979,0.395235319997327,1.08480580690024,0.36433739336876,0.715606080018657,0.997528070347704
"ENSG00000250722",149.988468965637,-0.0117309664639408,0.283721847706703,-0.0413467153085359,0.967019491459192,0.997528070347704
"ENSG00000251400",209.81357419172,-0.136809492883818,0.266419683917656,-0.513511204848146,0.607593774926985,0.997528070347704
"ENSG00000251562",15356.5350481197,0.0292454904273032,0.227550471460662,0.128523093094795,0.897735024125866,0.997528070347704
"ENSG00000251615",121.820730570095,-0.194140779689785,0.306459520092732,-0.633495672221376,0.526410006122096,0.997528070347704
"ENSG00000253341",503.826705808614,-0.135366512459792,0.233693047235574,-0.579249207715349,0.562421032203765,0.997528070347704
"ENSG00000253719",476.648910746196,-0.126681441245424,0.229577251342971,-0.551803109865494,0.58108325638654,0.997528070347704
"ENSG00000253729",425.511843262857,-0.154770252271901,0.230107151149478,-0.672600792712271,0.501201297269514,0.997528070347704
"ENSG00000254332",231.966783117348,0.126292124581283,0.266393041663519,0.474081919680178,0.63544149118639,0.997528070347704
"ENSG00000254373",128.854004783439,-0.181852917008881,0.294618040226265,-0.617249768103876,0.53706999370909,0.997528070347704
"ENSG00000254893",165.024006594231,0.227000495412466,0.287100070869195,0.790666803826354,0.429138452431076,0.997528070347704
"ENSG00000254986",105.953536986466,0.08510451632589,0.310861012014992,0.273770312250627,0.784261139662381,0.997528070347704
"ENSG00000254999",363.703078422502,0.141785487402827,0.235138652132442,0.602986731943016,0.546517515790932,0.997528070347704
"ENSG00000255112",152.375080246879,0.0260283043714128,0.287860964735262,0.090419707984201,0.927953696133258,0.997528070347704
"ENSG00000255642",274.763700759496,-0.156273336064446,0.24607223672236,-0.635070978124069,0.525382124101377,0.997528070347704
"ENSG00000256043",344.650413178443,-0.232815778122855,0.260994059570664,-0.892034778515028,0.372374291441601,0.997528070347704
"ENSG00000256087",274.016994040683,-0.0681278828671072,0.257086158706458,-0.265000197637617,0.791009309563772,0.997528070347704
"ENSG00000256211",127.220181707992,-0.215718228714897,0.299957433398629,-0.71916280343757,0.472040614919589,0.997528070347704
"ENSG00000257103",425.335331688863,-0.0674249915228993,0.232569010380482,-0.289913911628176,0.771882098537465,0.997528070347704
"ENSG00000257621",226.616811978585,0.102370419743338,0.258285716874014,0.396345647689344,0.691850056611913,0.997528070347704
"ENSG00000257923",387.936577801484,-0.126946902222737,0.232310117384426,-0.546454470653405,0.584753576109792,0.997528070347704
"ENSG00000258289",131.720164369898,0.233104724001449,0.289978105204128,0.803870084734007,0.421472008556889,0.997528070347704
"ENSG00000258890",163.816330084549,-0.0882134320362996,0.275553947544107,-0.32013125858841,0.748868830619642,0.997528070347704
"ENSG00000259706",207.211370156441,-0.121986179333809,0.267255542777324,-0.45644022221626,0.648073447627137,0.997528070347704
"ENSG00000259758",202.745132812039,0.0328715977362656,0.26662844464091,0.123286162436782,0.90188049801323,0.997528070347704
"ENSG00000259781",120.745160886644,0.0325502441210318,0.303876650104288,0.107116634693257,0.914696450518236,0.997528070347704
"ENSG00000259976",200.843516588999,0.0455849804479889,0.291953848348373,0.15613762485362,0.875924541696786,0.997528070347704
"ENSG00000260032",1173.90498365117,-0.0985048935419296,0.213971244234517,-0.460365101368322,0.645254179838888,0.997528070347704
"ENSG00000260244",251.762754711521,-0.142425499155813,0.261593650626661,-0.544453196071944,0.586129647824317,0.997528070347704
"ENSG00000260290",245.448954380602,-0.16780206826409,0.2554522849678,-0.656882236482014,0.51125664093288,0.997528070347704
"ENSG00000260336",247.590767334432,0.08478886390307,0.260267932042135,0.325775301005363,0.744594367119827,0.997528070347704
"ENSG00000260539",132.073045533023,0.041001556271561,0.296438566235519,0.138313839498824,0.889992388297875,0.997528070347704
"ENSG00000260822",128.794450562475,-0.0990240510523146,0.292752266053035,-0.338252039471406,0.735173262683701,0.997528070347704
"ENSG00000261606",219.05481389632,-0.350036419091159,0.858780215390162,-0.407597209178987,0.683569413563408,0.997528070347704
"ENSG00000262902",279.902193444968,0.1907352227635,0.246935527904653,0.772408994290797,0.439872228438704,0.997528070347704
"ENSG00000263244",222.184398047339,-0.00799946096179696,0.261218153020144,-0.030623679362667,0.975569657603386,0.997528070347704
"ENSG00000263563",124.482272938495,0.0349279682262809,0.300511337665221,0.116228454133041,0.907471486434877,0.997528070347704
"ENSG00000264112",109.108250621151,-0.100630670839115,0.310292460778661,-0.324309106919931,0.745704025648227,0.997528070347704
"ENSG00000264364",1045.03721979409,0.00830541989586359,0.217345822869228,0.0382129262307506,0.969517914782217,0.997528070347704
"ENSG00000265735",200.607865849398,-0.743046120427327,0.916816902877791,-0.810462937686887,0.41767415784654,0.997528070347704
"ENSG00000266658",3611.57633107811,0.0746841567700499,0.274205827933966,0.272365315255208,0.785341139315635,0.997528070347704
"ENSG00000266714",473.301596492437,0.199813119216012,0.240235847017631,0.83173731854159,0.405557231276298,0.997528070347704
"ENSG00000267023",107.428592290388,-0.136195429703645,0.306552962297346,-0.44428025970775,0.65683997144615,0.997528070347704
"ENSG00000267427",151.302734326004,0.0207582072748312,0.283324005541926,0.0732666730273211,0.941593911471409,0.997528070347704
"ENSG00000268032",117.682688487873,-0.208128775491065,0.306557503761241,-0.67892246295548,0.497186991970582,0.997528070347704
"ENSG00000268205",196.913619123701,0.209634491102762,0.264545979452067,0.792431211908646,0.428109286238138,0.997528070347704
"ENSG00000268222",105.456408538943,-0.145535295667361,0.321104595631362,-0.453233300449055,0.650380755896605,0.997528070347704
"ENSG00000269378",295.288124848948,0.168967883809159,0.295957252813846,0.570919895365558,0.568053943956526,0.997528070347704
"ENSG00000270532",110.499643226871,-0.251580846106134,0.309169957867666,-0.813729923312333,0.415799687903522,0.997528070347704
"ENSG00000272888",200.26988948596,-0.191326298114164,0.263981404281849,-0.724771877908064,0.468591990865307,0.997528070347704
"ENSG00000121310",976.881168105706,-0.00585337507420238,0.223028671240071,-0.0262449443905879,0.97906196777521,0.997528363106761
"ENSG00000168283",130.300503116274,-0.00763410093732501,0.291939410799601,-0.0261496072641092,0.97913800969831,0.997528363106761
"ENSG00000010818",188.545560474251,0.0059894807709867,0.291642219276395,0.0205370840540421,0.983614929510969,0.997601655597846
"ENSG00000011638",106.881262246672,0.00702856551540926,0.313494846615913,0.0224200352614425,0.98211289854051,0.997601655597846
"ENSG00000014919",153.605850085754,0.0058233937867565,0.282483739788879,0.0206149698779433,0.983552798768217,0.997601655597846
"ENSG00000041357",335.819470748921,0.00507947979210476,0.262294389162145,0.019365567858048,0.984549478123476,0.997601655597846
"ENSG00000055070",279.015613785177,-0.00621448292039769,0.250919069106268,-0.0247668817779878,0.980240907463495,0.997601655597846
"ENSG00000060339",286.036315380396,0.0063768615301707,0.247206324661889,0.0257957054249825,0.97942028728501,0.997601655597846
"ENSG00000063587",201.072175840587,-0.00546004472144376,0.281439584089103,-0.0194004149740184,0.984521679370147,0.997601655597846
"ENSG00000070047",163.906002732716,0.00625844348169511,0.274511864065741,0.0227984444424461,0.981811048858398,0.997601655597846
"ENSG00000080845",242.120911142332,-0.00578594470811656,0.255045189369865,-0.0226859589957834,0.981900776052758,0.997601655597846
"ENSG00000101166",134.060354807064,0.00684710628787635,0.294225804149146,0.023271603616403,0.981433622609011,0.997601655597846
"ENSG00000102978",191.670006373069,-0.00582620055010083,0.264569731979425,-0.0220214175919184,0.982430870911763,0.997601655597846
"ENSG00000105397",324.283649845125,-0.00483948088449629,0.239235888492999,-0.0202289084425471,0.983860766998495,0.997601655597846
"ENSG00000105854",183.261497258531,-0.00567292954115694,0.267826062951554,-0.0211813946657727,0.98310095585955,0.997601655597846
"ENSG00000108312",425.052377840975,0.00507159904052341,0.229990539873293,0.0220513376042226,0.982407003991502,0.997601655597846
"ENSG00000110619",134.54659609053,-0.00751619691326994,0.303230422920332,-0.0247870805339498,0.980224796134088,0.997601655597846
"ENSG00000111731",168.454979621721,0.00646840433963381,0.275810964998656,0.0234523103157459,0.981289478864596,0.997601655597846
"ENSG00000114742",190.249618874695,-0.00530418643928037,0.266530139841788,-0.0199008879161994,0.984122436831463,0.997601655597846
"ENSG00000117118",127.822439116745,0.00578941569525923,0.291598080706761,0.0198540939680643,0.984159765624911,0.997601655597846
"ENSG00000119729",146.474679470989,0.0055393834117385,0.285690854323138,0.0193894320658688,0.984530440814972,0.997601655597846
"ENSG00000122884",168.263843801918,-0.00652860961507895,0.281551631847419,-0.0231879658172856,0.981500337914625,0.997601655597846
"ENSG00000127054",366.179164641823,-0.0059761414157097,0.236048410361999,-0.0253174397851051,0.979801763452684,0.997601655597846
"ENSG00000136451",224.230696269746,0.0054622767209703,0.262813217880988,0.0207838736765661,0.983418061903374,0.997601655597846
"ENSG00000137221",127.253066069205,-0.00576067311865901,0.293006919301552,-0.0196605361142695,0.984314172308454,0.997601655597846
"ENSG00000144746",462.179157650379,0.00562015110760969,0.241429323615503,0.0232786598721548,0.981427994056279,0.997601655597846
"ENSG00000152795",977.080880737907,0.005343305789366,0.213429090102829,0.0250355084529087,0.980026640828004,0.997601655597846
"ENSG00000162069",197.171388648972,-0.00662373034776573,0.284072325355767,-0.0233170561034775,0.981397366609382,0.997601655597846
"ENSG00000165029",114.745315281613,0.00674138904658332,0.326714265819282,0.0206338986443654,0.983537699009547,0.997601655597846
"ENSG00000166037",138.734553616003,-0.00600987462019453,0.290163373155034,-0.0207120373424369,0.983475366669729,0.997601655597846
"ENSG00000167323",267.060947825139,0.00512326104757377,0.24913360778852,0.0205643112266199,0.983593209957242,0.997601655597846
"ENSG00000168924",164.232720476629,-0.00605728004479159,0.275487935630883,-0.0219874602890326,0.982457958360858,0.997601655597846
"ENSG00000175334",123.896368736049,0.00739492010182641,0.294059261852839,0.0251477204126533,0.979937136817643,0.997601655597846
"ENSG00000176619",113.612353711772,0.00699647591650118,0.302986963497244,0.0230916731061428,0.981577147815403,0.997601655597846
"ENSG00000198963",107.215644312953,-0.00618318514402281,0.312734198295485,-0.019771375109353,0.98422575277243,0.997601655597846
"ENSG00000223959",120.096375085271,0.0065863892403039,0.309394122689746,0.0212880231306417,0.98301589783277,0.997601655597846
"ENSG00000236104",107.949962877855,0.00703000311007334,0.308122616848432,0.0228156023792679,0.981797362365561,0.997601655597846
"ENSG00000241511",339.718610485356,-0.00567258447734497,0.239631429465713,-0.0236721221836079,0.981114143047354,0.997601655597846
"ENSG00000186591",531.008130908886,-0.00435644766941884,0.229053429507049,-0.0190193514185509,0.984825668001842,0.997731200930922
"ENSG00000223705",208.418905016135,-0.00486145782997586,0.260470402041161,-0.0186641468354152,0.985109029950322,0.997867972205703
"ENSG00000141002",512.487497791804,-0.00447530360737471,0.242362589211523,-0.0184653234722991,0.985267640706913,0.997878354373542
"ENSG00000092820",956.789141788805,0.00402174432360658,0.225338969204404,0.0178475313781988,0.985760486231343,0.998227195180971
"ENSG00000161542",150.181290045043,0.00505671226273066,0.287270839882152,0.0176025950451675,0.985955886451737,0.998274769272073
"ENSG00000110321",3075.78450271079,-0.00352940131607919,0.204230526756831,-0.0172814582233414,0.986212077589928,0.998383870239292
"ENSG00000117280",124.738016992413,-0.00554133948406161,0.328644507023059,-0.0168611961120434,0.986547349379833,0.998572982984011
"ENSG00000010322",951.332925028912,0.00258099357752135,0.212670103645666,0.01213613730034,0.990317001115611,0.998654392856148
"ENSG00000019995",194.210592338465,-0.00224682153620608,0.263686261941451,-0.00852081378704882,0.993201456501149,0.998654392856148
"ENSG00000079337",143.968833985721,-0.00305287987327317,0.28497297196206,-0.0107128751623492,0.991452525799268,0.998654392856148
"ENSG00000082458",194.321063092064,0.00313082702208946,0.266243231230212,0.0117592736822756,0.99061767331532,0.998654392856148
"ENSG00000083290",123.981350555742,-0.00243969330489231,0.295781588552447,-0.00824829333303723,0.993418888720278,0.998654392856148
"ENSG00000092010",438.419618714932,-0.00250826004370267,0.262968927873067,-0.009538237327086,0.992389703094515,0.998654392856148
"ENSG00000099991",287.262371745526,-0.00198456287172249,0.244678181854541,-0.00811091065284394,0.993528500572739,0.998654392856148
"ENSG00000100395",140.509385444988,0.00304342945625999,0.286451262217872,0.0106245978205716,0.9915229569189,0.998654392856148
"ENSG00000100425",176.405984812903,-0.00237020604773266,0.271850407653729,-0.00871878791056192,0.993043501873017,0.998654392856148
"ENSG00000101152",397.289443315519,-0.00249097048450352,0.231458673320493,-0.0107620528916381,0.991413289910216,0.998654392856148
"ENSG00000103043",137.514299690448,-0.00316061693852275,0.286515313596301,-0.0110312321489945,0.991198528687742,0.998654392856148
"ENSG00000104774",248.034313358621,-0.00246519548939493,0.251557406845646,-0.00979973327085356,0.992181069271605,0.998654392856148
"ENSG00000105379",114.297401119173,0.00371608058998282,0.331663924937331,0.0112043557064127,0.99106040461104,0.998654392856148
"ENSG00000111786",382.015496360396,-0.00339455523358534,0.233577776564692,-0.014532869023373,0.988404856340849,0.998654392856148
"ENSG00000112208",168.613178060209,-0.00314271510287776,0.283695128607673,-0.0110777901555859,0.991161383042814,0.998654392856148
"ENSG00000118058",347.812740438861,-0.003902424979304,0.253595001301228,-0.0153884144375093,0.987722306273384,0.998654392856148
"ENSG00000121578",108.822414279647,-0.00386844781617683,0.314890950538396,-0.0122850396607544,0.990198203077912,0.998654392856148
"ENSG00000131504",344.28192574751,-0.00373051302456416,0.261318613344836,-0.0142757263893842,0.988610005194233,0.998654392856148
"ENSG00000134287",627.413541603215,-0.00347108570470368,0.219303648908243,-0.0158277608329079,0.987371801266753,0.998654392856148
"ENSG00000135390",328.859137229759,-0.0033752922127203,0.245672681028183,-0.0137389806574916,0.989038224310016,0.998654392856148
"ENSG00000135945",221.803658574628,-0.00238316093018367,0.261638932062137,-0.00910858682765793,0.992732499692619,0.998654392856148
"ENSG00000136026",342.815268337419,-0.0019326743520507,0.252708779361218,-0.00764783224760137,0.993897972210014,0.998654392856148
"ENSG00000137337",167.388803190491,-0.00479966557699178,0.293984435215593,-0.0163262574546573,0.986974109911772,0.998654392856148
"ENSG00000139746",247.271531557406,-0.00192149325520514,0.251459663489094,-0.00764135777700378,0.993903137939199,0.998654392856148
"ENSG00000142453",193.085694145741,-0.00339982571492835,0.265391700812002,-0.0128105954501445,0.989778903242744,0.998654392856148
"ENSG00000143575",135.02688037433,-0.00379194080557401,0.290465265953973,-0.0130547134202782,0.989584141571815,0.998654392856148
"ENSG00000145782",113.43367174193,-0.00268221397746381,0.303391298799926,-0.00884077423470414,0.992946174619702,0.998654392856148
"ENSG00000155959",111.135024729188,-0.00235743511197448,0.30578669830548,-0.00770941026878618,0.993848841506058,0.998654392856148
"ENSG00000160293",119.001192247848,0.00470231250523149,0.304443565278733,0.0154455966278226,0.987676686908406,0.998654392856148
"ENSG00000163110",2211.65770155036,0.003114358144933,0.223860261832596,0.0139120633534412,0.988900137497285,0.998654392856148
"ENSG00000165219",185.192398065049,-0.00303509608533151,0.274792430761186,-0.011045049810594,0.991187504460505,0.998654392856148
"ENSG00000166887",405.70245562204,-0.0018003844236724,0.23162420290163,-0.00777286829751991,0.993798210841731,0.998654392856148
"ENSG00000167193",246.213147723905,-0.00310814315003451,0.250953159632702,-0.0123853517309111,0.990118171714805,0.998654392856148
"ENSG00000169410",172.97444657185,-0.00435445226653021,0.270570711661888,-0.0160935832255623,0.98715973269758,0.998654392856148
"ENSG00000171105",419.671824201001,-0.00229543130864669,0.239117587778955,-0.0095995921085012,0.992340751302865,0.998654392856148
"ENSG00000171475",222.632759815007,0.00209950680730294,0.266766069771514,0.00787021681243485,0.993720540340536,0.998654392856148
"ENSG00000175387",225.401309631411,0.00383366795728098,0.25533842664668,0.0150140658718233,0.988020958704608,0.998654392856148
"ENSG00000175634",141.156662762055,-0.00433759150316604,0.293614802302157,-0.0147730682143956,0.98821322568884,0.998654392856148
"ENSG00000177084",173.73152617176,-0.00337754291781884,0.271993775075545,-0.0124177213867514,0.990092346452187,0.998654392856148
"ENSG00000184634",301.206613129501,-0.00383990669018431,0.252455216040888,-0.0152102489716924,0.987864445111479,0.998654392856148
"ENSG00000186432",263.92077979636,-0.00268243565514004,0.259795192057647,-0.0103251936030626,0.991761833815041,0.998654392856148
"ENSG00000186815",317.284478721787,0.00265820532581783,0.244627473662714,0.0108663400967092,0.99133008562482,0.998654392856148
"ENSG00000204394",178.693657405088,0.00389369490730917,0.281747061586756,0.0138198243679294,0.988973726485092,0.998654392856148
"ENSG00000206530",104.803401912637,0.00362388163224676,0.310439149821308,0.0116734040610944,0.990686182657892,0.998654392856148
"ENSG00000213684",128.827665062749,0.00315590602138387,0.304987966842354,0.0103476411022312,0.991743924258794,0.998654392856148
"ENSG00000213757",199.49034678746,-0.00305873059500405,0.274605120984277,-0.0111386509619359,0.991112826140949,0.998654392856148
"ENSG00000226525",136.841804359615,0.00367792014330982,0.288151039510155,0.0127638621382804,0.989816187982354,0.998654392856148
"ENSG00000240540",125.428105192781,-0.00268436174269221,0.313531330596184,-0.00856170175270158,0.993168833814619,0.998654392856148
"ENSG00000255302",353.430597177152,0.00328826757537622,0.235745424760014,0.0139483834255686,0.988871161084078,0.998654392856148
"ENSG00000141644",233.803720260617,-0.00185837338734289,0.25439967544891,-0.0073049361563203,0.994171556059595,0.998774889627608
"ENSG00000088247",326.365846331704,-0.00169625335363919,0.238282968364685,-0.00711865126274202,0.994320186034706,0.998775025577873
"ENSG00000088766",185.642379096797,-0.00169625856542993,0.275140287718314,-0.00616506793496757,0.995081018638567,0.999240807907286
"ENSG00000197744",310.236510653228,-0.00164065054446328,0.261489516867007,-0.0062742497830141,0.994993905812693,0.999240807907286
"ENSG00000135341",160.229537924077,0.00171867225774805,0.287686361164394,0.00597411796232475,0.995233371867024,0.999244612505986
"ENSG00000012963",119.256002646446,0.00165844800714693,0.297165089761231,0.00558089783857003,0.995547110894458,0.999261284565905
"ENSG00000111142",218.430802300782,-0.00145441917846664,0.258855243977894,-0.00561865835173438,0.995516982836373,0.999261284565905
"ENSG00000023330",146.541113344398,0.00128550820353233,0.292116291801216,0.00440067274442576,0.996488782493074,0.999386247362464
"ENSG00000134001",175.727055217215,-0.00117884831423919,0.273673392542268,-0.00430750064260308,0.996563122369915,0.999386247362464
"ENSG00000144824",266.476692366594,-0.00128520129174764,0.285786204356379,-0.00449707253939025,0.996411867346211,0.999386247362464
"ENSG00000180891",122.992575009247,0.00134735304819722,0.298444009828296,0.00451459236515551,0.996397888689627,0.999386247362464
"ENSG00000188554",745.298115969953,-0.00107186149792513,0.216692980823445,-0.00494645232093812,0.99605331815655,0.999386247362464
"ENSG00000197006",294.627510144631,-0.00127939483705068,0.247004197538658,-0.0051796481590174,0.995867257182928,0.999386247362464
"ENSG00000065621",140.861305840639,-0.00068291305509234,0.320947001851064,-0.00212780630806219,0.998302257479523,0.999506088365267
"ENSG00000104447",145.819440516711,0.000605744215125546,0.288448076107145,0.00210001128556857,0.998324434649287,0.999506088365267
"ENSG00000116489",309.205695242369,0.000700133618351956,0.245597790518158,0.00285073256104961,0.997725447583319,0.999506088365267
"ENSG00000125818",302.495604579415,0.000811881910405237,0.243387537744654,0.00333575793538373,0.997338455180742,0.999506088365267
"ENSG00000127314",106.006295692037,0.000862327417373437,0.326538703440277,0.00264081227826383,0.997892939104263,0.999506088365267
"ENSG00000130749",181.110724447952,0.00065993126874622,0.276174355961221,0.00238954578693354,0.99809342012368,0.999506088365267
"ENSG00000131242",108.947684047778,-0.00096724315860107,0.314015880960542,-0.00308023643785905,0.997542330788946,0.999506088365267
"ENSG00000136802",315.905752876502,0.000488844000905688,0.253955837410855,0.00192491736315093,0.998464139103593,0.999506088365267
"ENSG00000141140",150.92347977937,-0.000534525645776941,0.283438330544782,-0.00188586224294208,0.99849530052446,0.999506088365267
"ENSG00000145284",124.166463276922,0.000807427964332423,0.303650262237341,0.00265907217857535,0.997878369862877,0.999506088365267
"ENSG00000156650",188.701287174814,-0.000460682922207469,0.265292816799292,-0.00173650733467088,0.998614468304281,0.999506088365267
"ENSG00000163882",155.685922497464,-0.000908174825528154,0.290373332795517,-0.00312761098543335,0.997504531550951,0.999506088365267
"ENSG00000229097",199.448059577865,-0.000594662675566248,0.271267572361754,-0.00219216278005107,0.99825090856393,0.999506088365267
"ENSG00000052126",160.217471612461,-0.000389035465601799,0.283229387560586,-0.00137357026738117,0.998904049835099,0.999551544982535
"ENSG00000153113",693.398915479974,0.000286953480188818,0.219538489542875,0.00130707595185844,0.998957104575171,0.999551544982535
"ENSG00000134575",179.925190880931,-0.000299458655293218,0.27863409465245,-0.0010747380203659,0.999142483291723,0.999588330004482
"ENSG00000149547",291.50941281907,0.000174665187652342,0.24420664802906,0.000715235187338379,0.999429324935336,0.999726597191414
"ENSG00000198925",214.843250385616,0.000109303442496854,0.25737253968142,0.000424689606094543,0.99966114673035,0.999809795228005
"ENSG00000074582",109.689261227425,-6.77172678947388e-05,0.306195471120516,-0.000221156987224301,0.999823542255818,0.999823542255818
